000001  189.039058 -14.546605
000002  189.262244 -14.546605
000003  189.485431 -14.546605
000004  190.378177 -14.546605
000005  190.601364 -14.546605
000006  189.027864 -14.330768
000007  189.250774 -14.330768
000008  189.473684 -14.330768
000009  190.142415 -14.330768
000010  190.365325 -14.330768
000011  190.588235 -14.330768
000012  190.811146 -14.330768
000013  187.797030 -14.114931
000014  188.019802 -14.114931
000015  188.242574 -14.114931
000016  188.465347 -14.114931
000017  188.688119 -14.114931
000018  189.133663 -14.114931
000019  189.356436 -14.114931
000020  189.579208 -14.114931
000021  190.024752 -14.114931
000022  190.247525 -14.114931
000023  190.470297 -14.114931
000024  190.693069 -14.114931
000025  187.342398 -13.899093
000026  187.564895 -13.899093
000027  187.787392 -13.899093
000028  188.009889 -13.899093
000029  188.232386 -13.899093
000030  188.454883 -13.899093
000031  188.677379 -13.899093
000032  190.234858 -13.899093
000033  190.457355 -13.899093
000034  187.004324 -13.683256
000035  187.226683 -13.683256
000036  187.449043 -13.683256
000037  187.671402 -13.683256
000038  187.893762 -13.683256
000039  188.116121 -13.683256
000040  188.338481 -13.683256
000041  186.995682 -13.467419
000042  187.217767 -13.467419
000043  187.439852 -13.467419
000044  187.661937 -13.467419
000045  187.884022 -13.467419
000046  187.546239 -13.251582
000047  187.768187 -13.251582
000048  199.879952  -0.517188
000049  200.096038  -0.517188
000050  199.879952  -0.301351
000051  200.096038  -0.301351
000052  199.879952  -0.085514
000053  183.241297   0.130324
000054  183.457383   0.130324
000055  183.673469   0.130324
000056  183.457383   0.346161
000057  183.673469   0.346161
000058  183.241297   0.561998
000059  183.457383   0.561998
000060  183.241297   0.777835
000061  183.457383   0.777835
000062  183.241297   0.993672
000063  183.457383   0.993672
000064  197.804584   5.742090
000065  198.021713   5.742090
000066  197.706699   5.957928
000067  197.923959   5.957928
000068  198.141219   5.957928
000069  197.489439   6.173765
000070  197.706699   6.173765
000071  197.923959   6.173765
000072  197.391304   6.389602
000073  197.608696   6.389602
000074  197.826087   6.389602
000075  197.510574   6.605439
000076  197.728097   6.605439
000077  279.032648   7.037114
000078  279.250302   7.037114
000079  279.467956   7.037114
000080  278.112523   7.252951
000081  278.330309   7.252951
000082  278.983666   7.252951
000083  279.201452   7.252951
000084  279.419238   7.252951
000085  279.637024   7.252951
000086  279.854809   7.252951
000087  278.062954   7.468788
000088  278.280872   7.468788
000089  278.498789   7.468788
000090  278.716707   7.468788
000091  278.934625   7.468788
000092  279.152542   7.468788
000093  279.370460   7.468788
000094  279.588378   7.468788
000095  279.806295   7.468788
000096  280.024213   7.468788
000097  278.231375   7.684625
000098  278.449425   7.684625
000099  278.667474   7.684625
000100  278.885524   7.684625
000101  279.103574   7.684625
000102  279.321623   7.684625
000103  279.539673   7.684625
000104  279.757723   7.684625
000105  279.975772   7.684625
000106  281.502120   7.684625
000107  281.720170   7.684625
000108  281.938219   7.684625
000109  278.231375   7.900462
000110  278.449425   7.900462
000111  278.667474   7.900462
000112  278.885524   7.900462
000113  279.103574   7.900462
000114  279.321623   7.900462
000115  279.539673   7.900462
000116  279.757723   7.900462
000117  279.975772   7.900462
000118  281.502120   7.900462
000119  281.720170   7.900462
000120  281.938219   7.900462
000121  282.156269   7.900462
000122  282.374319   7.900462
000123  282.592368   7.900462
000124  276.872727   8.116299
000125  277.090909   8.116299
000126  277.309091   8.116299
000127  277.527273   8.116299
000128  277.745455   8.116299
000129  277.963636   8.116299
000130  278.181818   8.116299
000131  278.400000   8.116299
000132  278.618182   8.116299
000133  278.836364   8.116299
000134  279.054545   8.116299
000135  279.272727   8.116299
000136  279.490909   8.116299
000137  279.709091   8.116299
000138  281.672727   8.116299
000139  281.890909   8.116299
000140  282.109091   8.116299
000141  282.327273   8.116299
000142  282.545455   8.116299
000143  282.763636   8.116299
000144  276.167374   8.332137
000145  276.385688   8.332137
000146  276.604002   8.332137
000147  276.822317   8.332137
000148  277.040631   8.332137
000149  277.258945   8.332137
000150  277.477259   8.332137
000151  277.695573   8.332137
000152  277.913887   8.332137
000153  278.132201   8.332137
000154  278.350515   8.332137
000155  278.568830   8.332137
000156  278.787144   8.332137
000157  279.005458   8.332137
000158  279.223772   8.332137
000159  279.442086   8.332137
000160  279.660400   8.332137
000161  279.878714   8.332137
000162  280.097029   8.332137
000163  281.406913   8.332137
000164  281.625227   8.332137
000165  281.843542   8.332137
000166  282.061856   8.332137
000167  282.280170   8.332137
000168  282.498484   8.332137
000169  282.716798   8.332137
000170  282.935112   8.332137
000171  283.153426   8.332137
000172  283.371740   8.332137
000173  283.590055   8.332137
000174  283.808369   8.332137
000175  276.116505   8.547974
000176  276.334951   8.547974
000177  276.553398   8.547974
000178  276.771845   8.547974
000179  276.990291   8.547974
000180  277.208738   8.547974
000181  277.427184   8.547974
000182  277.645631   8.547974
000183  277.864078   8.547974
000184  278.082524   8.547974
000185  278.300971   8.547974
000186  278.519417   8.547974
000187  278.737864   8.547974
000188  278.956311   8.547974
000189  279.174757   8.547974
000190  279.393204   8.547974
000191  279.611650   8.547974
000192  279.830097   8.547974
000193  280.048544   8.547974
000194  280.266990   8.547974
000195  281.140777   8.547974
000196  281.359223   8.547974
000197  281.577670   8.547974
000198  281.796117   8.547974
000199  282.014563   8.547974
000200  282.233010   8.547974
000201  282.451456   8.547974
000202  282.669903   8.547974
000203  282.888350   8.547974
000204  283.106796   8.547974
000205  283.325243   8.547974
000206  283.543689   8.547974
000207  283.762136   8.547974
000208  283.980583   8.547974
000209  284.199029   8.547974
000210  284.417476   8.547974
000211  284.635922   8.547974
000212  276.284153   8.763811
000213  276.502732   8.763811
000214  276.721311   8.763811
000215  276.939891   8.763811
000216  277.158470   8.763811
000217  277.377049   8.763811
000218  277.595628   8.763811
000219  277.814208   8.763811
000220  278.032787   8.763811
000221  278.251366   8.763811
000222  278.469945   8.763811
000223  278.688525   8.763811
000224  278.907104   8.763811
000225  279.125683   8.763811
000226  279.344262   8.763811
000227  279.562842   8.763811
000228  279.781421   8.763811
000229  280.000000   8.763811
000230  280.218579   8.763811
000231  280.437158   8.763811
000232  280.874317   8.763811
000233  281.092896   8.763811
000234  281.311475   8.763811
000235  281.530055   8.763811
000236  281.748634   8.763811
000237  281.967213   8.763811
000238  282.185792   8.763811
000239  282.404372   8.763811
000240  282.622951   8.763811
000241  282.841530   8.763811
000242  283.060109   8.763811
000243  283.278689   8.763811
000244  283.497268   8.763811
000245  283.715847   8.763811
000246  283.934426   8.763811
000247  284.153005   8.763811
000248  284.371585   8.763811
000249  284.590164   8.763811
000250  284.808743   8.763811
000251  285.027322   8.763811
000252  285.245902   8.763811
000253  276.233293   8.979648
000254  276.452005   8.979648
000255  276.670717   8.979648
000256  276.889429   8.979648
000257  277.108141   8.979648
000258  277.326853   8.979648
000259  277.545565   8.979648
000260  277.764277   8.979648
000261  277.982989   8.979648
000262  278.201701   8.979648
000263  278.420413   8.979648
000264  278.639125   8.979648
000265  278.857837   8.979648
000266  279.076549   8.979648
000267  279.295261   8.979648
000268  279.513973   8.979648
000269  279.732685   8.979648
000270  279.951397   8.979648
000271  280.170109   8.979648
000272  280.388821   8.979648
000273  280.607533   8.979648
000274  280.826245   8.979648
000275  281.044957   8.979648
000276  281.263670   8.979648
000277  281.482382   8.979648
000278  281.701094   8.979648
000279  281.919806   8.979648
000280  282.138518   8.979648
000281  282.357230   8.979648
000282  282.575942   8.979648
000283  283.450790   8.979648
000284  283.669502   8.979648
000285  283.888214   8.979648
000286  284.106926   8.979648
000287  284.325638   8.979648
000288  284.544350   8.979648
000289  284.763062   8.979648
000290  284.981774   8.979648
000291  285.200486   8.979648
000292  285.419198   8.979648
000293  285.637910   8.979648
000294  285.856622   8.979648
000295  275.744681   9.195485
000296  275.963526   9.195485
000297  276.182371   9.195485
000298  276.401216   9.195485
000299  276.620061   9.195485
000300  276.838906   9.195485
000301  277.057751   9.195485
000302  277.276596   9.195485
000303  277.495441   9.195485
000304  277.714286   9.195485
000305  277.933131   9.195485
000306  279.246201   9.195485
000307  279.465046   9.195485
000308  279.683891   9.195485
000309  279.902736   9.195485
000310  280.121581   9.195485
000311  280.340426   9.195485
000312  280.559271   9.195485
000313  280.778116   9.195485
000314  280.996960   9.195485
000315  281.215805   9.195485
000316  281.434650   9.195485
000317  281.653495   9.195485
000318  281.872340   9.195485
000319  282.091185   9.195485
000320  282.310030   9.195485
000321  283.623100   9.195485
000322  283.841945   9.195485
000323  284.060790   9.195485
000324  284.279635   9.195485
000325  284.498480   9.195485
000326  284.717325   9.195485
000327  284.936170   9.195485
000328  285.155015   9.195485
000329  285.373860   9.195485
000330  285.592705   9.195485
000331  285.811550   9.195485
000332  286.030395   9.195485
000333  286.249240   9.195485
000334  286.468085   9.195485
000335  275.255474   9.411323
000336  275.474453   9.411323
000337  275.693431   9.411323
000338  275.912409   9.411323
000339  276.131387   9.411323
000340  276.350365   9.411323
000341  276.569343   9.411323
000342  276.788321   9.411323
000343  277.007299   9.411323
000344  277.226277   9.411323
000345  277.445255   9.411323
000346  277.664234   9.411323
000347  277.883212   9.411323
000348  279.854015   9.411323
000349  280.072993   9.411323
000350  280.291971   9.411323
000351  280.510949   9.411323
000352  280.729927   9.411323
000353  280.948905   9.411323
000354  281.167883   9.411323
000355  281.386861   9.411323
000356  281.605839   9.411323
000357  281.824818   9.411323
000358  282.043796   9.411323
000359  283.795620   9.411323
000360  284.014599   9.411323
000361  284.233577   9.411323
000362  284.452555   9.411323
000363  284.671533   9.411323
000364  284.890511   9.411323
000365  285.109489   9.411323
000366  285.328467   9.411323
000367  285.547445   9.411323
000368  285.766423   9.411323
000369  285.985401   9.411323
000370  286.204380   9.411323
000371  286.423358   9.411323
000372  286.642336   9.411323
000373  286.861314   9.411323
000374  287.080292   9.411323
000375  287.299270   9.411323
000376  274.546561   9.627160
000377  274.765673   9.627160
000378  274.984784   9.627160
000379  275.203895   9.627160
000380  275.423007   9.627160
000381  275.642118   9.627160
000382  275.861229   9.627160
000383  276.080341   9.627160
000384  276.299452   9.627160
000385  276.518564   9.627160
000386  276.737675   9.627160
000387  276.956786   9.627160
000388  277.175898   9.627160
000389  277.395009   9.627160
000390  277.614121   9.627160
000391  280.243457   9.627160
000392  280.462568   9.627160
000393  280.681680   9.627160
000394  280.900791   9.627160
000395  281.119903   9.627160
000396  281.339014   9.627160
000397  281.558125   9.627160
000398  284.406573   9.627160
000399  284.625685   9.627160
000400  284.844796   9.627160
000401  285.063907   9.627160
000402  285.283019   9.627160
000403  285.502130   9.627160
000404  285.721242   9.627160
000405  285.940353   9.627160
000406  286.159464   9.627160
000407  286.378576   9.627160
000408  286.597687   9.627160
000409  286.816799   9.627160
000410  287.035910   9.627160
000411  287.255021   9.627160
000412  287.474133   9.627160
000413  287.693244   9.627160
000414  287.912355   9.627160
000415  274.275274   9.842997
000416  274.494519   9.842997
000417  274.713764   9.842997
000418  274.933009   9.842997
000419  275.152253   9.842997
000420  275.371498   9.842997
000421  275.590743   9.842997
000422  275.809988   9.842997
000423  276.029233   9.842997
000424  276.248477   9.842997
000425  276.467722   9.842997
000426  276.686967   9.842997
000427  276.906212   9.842997
000428  277.125457   9.842997
000429  277.344702   9.842997
000430  284.360536   9.842997
000431  284.579781   9.842997
000432  284.799026   9.842997
000433  285.018270   9.842997
000434  285.237515   9.842997
000435  285.456760   9.842997
000436  285.676005   9.842997
000437  285.895250   9.842997
000438  286.114495   9.842997
000439  286.333739   9.842997
000440  286.552984   9.842997
000441  286.772229   9.842997
000442  286.991474   9.842997
000443  287.210719   9.842997
000444  287.429963   9.842997
000445  287.649208   9.842997
000446  287.868453   9.842997
000447  288.087698   9.842997
000448  274.003656  10.058834
000449  274.223035  10.058834
000450  274.442413  10.058834
000451  274.661792  10.058834
000452  274.881170  10.058834
000453  275.100548  10.058834
000454  275.319927  10.058834
000455  275.539305  10.058834
000456  275.758684  10.058834
000457  275.978062  10.058834
000458  276.197441  10.058834
000459  276.416819  10.058834
000460  276.636197  10.058834
000461  276.855576  10.058834
000462  277.074954  10.058834
000463  284.314442  10.058834
000464  284.533821  10.058834
000465  284.753199  10.058834
000466  284.972578  10.058834
000467  285.191956  10.058834
000468  285.411335  10.058834
000469  285.630713  10.058834
000470  285.850091  10.058834
000471  286.069470  10.058834
000472  286.288848  10.058834
000473  286.508227  10.058834
000474  286.727605  10.058834
000475  286.946984  10.058834
000476  287.166362  10.058834
000477  287.385740  10.058834
000478  287.605119  10.058834
000479  287.824497  10.058834
000480  288.043876  10.058834
000481  288.482633  10.058834
000482  288.702011  10.058834
000483  288.921389  10.058834
000484  289.140768  10.058834
000485  273.951220  10.274671
000486  274.170732  10.274671
000487  274.390244  10.274671
000488  274.609756  10.274671
000489  274.829268  10.274671
000490  275.048780  10.274671
000491  275.268293  10.274671
000492  275.487805  10.274671
000493  275.707317  10.274671
000494  275.926829  10.274671
000495  276.146341  10.274671
000496  276.365854  10.274671
000497  276.585366  10.274671
000498  276.804878  10.274671
000499  284.268293  10.274671
000500  284.487805  10.274671
000501  284.707317  10.274671
000502  284.926829  10.274671
000503  285.146341  10.274671
000504  285.365854  10.274671
000505  285.585366  10.274671
000506  285.804878  10.274671
000507  286.024390  10.274671
000508  286.243902  10.274671
000509  286.463415  10.274671
000510  286.682927  10.274671
000511  286.902439  10.274671
000512  287.121951  10.274671
000513  287.341463  10.274671
000514  287.560976  10.274671
000515  287.780488  10.274671
000516  288.000000  10.274671
000517  288.219512  10.274671
000518  288.439024  10.274671
000519  288.658537  10.274671
000520  288.878049  10.274671
000521  289.097561  10.274671
000522  289.317073  10.274671
000523  289.536585  10.274671
000524  289.756098  10.274671
000525  289.975610  10.274671
000526  274.118365  10.490508
000527  274.338011  10.490508
000528  274.557657  10.490508
000529  274.777303  10.490508
000530  274.996949  10.490508
000531  275.216595  10.490508
000532  275.436242  10.490508
000533  275.655888  10.490508
000534  275.875534  10.490508
000535  276.095180  10.490508
000536  276.314826  10.490508
000537  276.534472  10.490508
000538  276.754118  10.490508
000539  284.441733  10.490508
000540  284.661379  10.490508
000541  284.881025  10.490508
000542  285.100671  10.490508
000543  285.320317  10.490508
000544  285.539963  10.490508
000545  285.759610  10.490508
000546  285.979256  10.490508
000547  286.198902  10.490508
000548  286.418548  10.490508
000549  286.638194  10.490508
000550  286.857840  10.490508
000551  287.077486  10.490508
000552  287.297132  10.490508
000553  287.516779  10.490508
000554  287.736425  10.490508
000555  287.956071  10.490508
000556  288.175717  10.490508
000557  288.395363  10.490508
000558  288.615009  10.490508
000559  288.834655  10.490508
000560  289.054301  10.490508
000561  289.273948  10.490508
000562  289.493594  10.490508
000563  289.713240  10.490508
000564  289.932886  10.490508
000565  290.152532  10.490508
000566  290.372178  10.490508
000567  290.591824  10.490508
000568  274.013439  10.706346
000569  274.233354  10.706346
000570  274.453268  10.706346
000571  274.673183  10.706346
000572  274.893097  10.706346
000573  275.113012  10.706346
000574  275.332926  10.706346
000575  275.552841  10.706346
000576  275.772755  10.706346
000577  275.992670  10.706346
000578  276.212584  10.706346
000579  276.432498  10.706346
000580  284.569334  10.706346
000581  284.789249  10.706346
000582  285.009163  10.706346
000583  285.229078  10.706346
000584  285.448992  10.706346
000585  285.668907  10.706346
000586  285.888821  10.706346
000587  286.108735  10.706346
000588  286.328650  10.706346
000589  286.548564  10.706346
000590  286.768479  10.706346
000591  286.988393  10.706346
000592  287.208308  10.706346
000593  287.428222  10.706346
000594  287.648137  10.706346
000595  287.868051  10.706346
000596  288.087966  10.706346
000597  288.307880  10.706346
000598  288.527795  10.706346
000599  288.747709  10.706346
000600  288.967624  10.706346
000601  289.187538  10.706346
000602  289.407453  10.706346
000603  289.627367  10.706346
000604  289.847282  10.706346
000605  290.067196  10.706346
000606  290.287111  10.706346
000607  290.507025  10.706346
000608  290.726940  10.706346
000609  290.946854  10.706346
000610  291.166768  10.706346
000611  273.960880  10.922183
000612  274.180929  10.922183
000613  274.400978  10.922183
000614  274.621027  10.922183
000615  274.841076  10.922183
000616  275.061125  10.922183
000617  275.281174  10.922183
000618  275.501222  10.922183
000619  275.721271  10.922183
000620  275.941320  10.922183
000621  276.161369  10.922183
000622  276.381418  10.922183
000623  284.743276  10.922183
000624  284.963325  10.922183
000625  285.183374  10.922183
000626  285.403423  10.922183
000627  285.623472  10.922183
000628  285.843521  10.922183
000629  286.063570  10.922183
000630  286.283619  10.922183
000631  286.503667  10.922183
000632  286.723716  10.922183
000633  286.943765  10.922183
000634  287.163814  10.922183
000635  287.383863  10.922183
000636  287.603912  10.922183
000637  287.823961  10.922183
000638  288.044010  10.922183
000639  288.264059  10.922183
000640  288.484108  10.922183
000641  288.704156  10.922183
000642  288.924205  10.922183
000643  289.144254  10.922183
000644  289.364303  10.922183
000645  289.584352  10.922183
000646  289.804401  10.922183
000647  290.024450  10.922183
000648  290.244499  10.922183
000649  290.464548  10.922183
000650  290.684597  10.922183
000651  290.904645  10.922183
000652  291.124694  10.922183
000653  291.344743  10.922183
000654  291.564792  10.922183
000655  273.908257  11.138020
000656  274.128440  11.138020
000657  274.348624  11.138020
000658  274.568807  11.138020
000659  274.788991  11.138020
000660  275.009174  11.138020
000661  275.229358  11.138020
000662  275.449541  11.138020
000663  275.669725  11.138020
000664  275.889908  11.138020
000665  276.110092  11.138020
000666  276.330275  11.138020
000667  285.137615  11.138020
000668  285.357798  11.138020
000669  285.577982  11.138020
000670  285.798165  11.138020
000671  286.018349  11.138020
000672  286.238532  11.138020
000673  286.458716  11.138020
000674  286.678899  11.138020
000675  286.899083  11.138020
000676  287.119266  11.138020
000677  287.339450  11.138020
000678  287.559633  11.138020
000679  287.779817  11.138020
000680  288.000000  11.138020
000681  288.220183  11.138020
000682  288.440367  11.138020
000683  288.660550  11.138020
000684  288.880734  11.138020
000685  289.100917  11.138020
000686  289.321101  11.138020
000687  289.541284  11.138020
000688  289.761468  11.138020
000689  289.981651  11.138020
000690  290.201835  11.138020
000691  290.422018  11.138020
000692  290.642202  11.138020
000693  290.862385  11.138020
000694  291.082569  11.138020
000695  291.302752  11.138020
000696  291.522936  11.138020
000697  291.743119  11.138020
000698  273.635251  11.353857
000699  273.855569  11.353857
000700  274.075887  11.353857
000701  274.296206  11.353857
000702  274.516524  11.353857
000703  274.736842  11.353857
000704  274.957160  11.353857
000705  275.177479  11.353857
000706  275.397797  11.353857
000707  275.618115  11.353857
000708  275.838433  11.353857
000709  276.058752  11.353857
000710  276.279070  11.353857
000711  285.752754  11.353857
000712  285.973072  11.353857
000713  286.193390  11.353857
000714  286.413709  11.353857
000715  286.634027  11.353857
000716  286.854345  11.353857
000717  287.074663  11.353857
000718  287.294982  11.353857
000719  287.515300  11.353857
000720  287.735618  11.353857
000721  287.955936  11.353857
000722  288.176255  11.353857
000723  289.057528  11.353857
000724  289.277846  11.353857
000725  289.498164  11.353857
000726  289.718482  11.353857
000727  289.938800  11.353857
000728  290.159119  11.353857
000729  290.379437  11.353857
000730  290.599755  11.353857
000731  290.820073  11.353857
000732  291.040392  11.353857
000733  291.260710  11.353857
000734  291.481028  11.353857
000735  291.701346  11.353857
000736  273.582364  11.569694
000737  273.802817  11.569694
000738  274.023270  11.569694
000739  274.243723  11.569694
000740  274.464176  11.569694
000741  274.684630  11.569694
000742  274.905083  11.569694
000743  275.125536  11.569694
000744  275.345989  11.569694
000745  275.566442  11.569694
000746  275.786895  11.569694
000747  276.007348  11.569694
000748  276.227802  11.569694
000749  276.448255  11.569694
000750  286.809553  11.569694
000751  287.030006  11.569694
000752  287.250459  11.569694
000753  287.470912  11.569694
000754  287.691366  11.569694
000755  287.911819  11.569694
000756  288.132272  11.569694
000757  288.352725  11.569694
000758  288.573178  11.569694
000759  289.675444  11.569694
000760  289.895897  11.569694
000761  290.116350  11.569694
000762  290.336803  11.569694
000763  290.557257  11.569694
000764  290.777710  11.569694
000765  290.998163  11.569694
000766  291.218616  11.569694
000767  291.439069  11.569694
000768  273.255671  11.785532
000769  273.476395  11.785532
000770  273.697118  11.785532
000771  273.917842  11.785532
000772  274.138565  11.785532
000773  274.359289  11.785532
000774  274.580012  11.785532
000775  274.800736  11.785532
000776  275.021459  11.785532
000777  275.242183  11.785532
000778  275.462906  11.785532
000779  275.683630  11.785532
000780  275.904353  11.785532
000781  276.125077  11.785532
000782  276.345800  11.785532
000783  287.161251  11.785532
000784  287.381974  11.785532
000785  287.602698  11.785532
000786  287.823421  11.785532
000787  288.044145  11.785532
000788  288.264868  11.785532
000789  288.485592  11.785532
000790  288.706315  11.785532
000791  289.589209  11.785532
000792  289.809933  11.785532
000793  290.030656  11.785532
000794  290.251380  11.785532
000795  273.202454  12.001369
000796  273.423313  12.001369
000797  273.644172  12.001369
000798  273.865031  12.001369
000799  274.085890  12.001369
000800  274.306748  12.001369
000801  274.527607  12.001369
000802  274.748466  12.001369
000803  274.969325  12.001369
000804  275.190184  12.001369
000805  275.411043  12.001369
000806  275.631902  12.001369
000807  275.852761  12.001369
000808  276.073620  12.001369
000809  276.294479  12.001369
000810  287.558282  12.001369
000811  287.779141  12.001369
000812  288.000000  12.001369
000813  288.220859  12.001369
000814  288.441718  12.001369
000815  288.662577  12.001369
000816  288.883436  12.001369
000817  289.546012  12.001369
000818  289.766871  12.001369
000819  289.987730  12.001369
000820  290.208589  12.001369
000821  291.533742  12.001369
000822  291.754601  12.001369
000823  272.928177  12.217206
000824  273.149171  12.217206
000825  273.370166  12.217206
000826  273.591160  12.217206
000827  273.812155  12.217206
000828  274.033149  12.217206
000829  274.254144  12.217206
000830  274.475138  12.217206
000831  274.696133  12.217206
000832  274.917127  12.217206
000833  275.138122  12.217206
000834  275.359116  12.217206
000835  275.580110  12.217206
000836  275.801105  12.217206
000837  276.022099  12.217206
000838  276.243094  12.217206
000839  276.464088  12.217206
000840  287.734807  12.217206
000841  287.955801  12.217206
000842  288.176796  12.217206
000843  288.397790  12.217206
000844  288.618785  12.217206
000845  288.839779  12.217206
000846  289.723757  12.217206
000847  289.944751  12.217206
000848  290.165746  12.217206
000849  291.491713  12.217206
000850  291.712707  12.217206
000851  291.933702  12.217206
000852  272.599877  12.433043
000853  272.821143  12.433043
000854  273.042409  12.433043
000855  273.263675  12.433043
000856  273.484942  12.433043
000857  273.706208  12.433043
000858  273.927474  12.433043
000859  274.148740  12.433043
000860  274.370006  12.433043
000861  274.591272  12.433043
000862  274.812538  12.433043
000863  275.033805  12.433043
000864  275.255071  12.433043
000865  275.476337  12.433043
000866  275.697603  12.433043
000867  275.918869  12.433043
000868  276.140135  12.433043
000869  276.361401  12.433043
000870  287.867240  12.433043
000871  288.088506  12.433043
000872  288.309773  12.433043
000873  288.531039  12.433043
000874  288.752305  12.433043
000875  291.628765  12.433043
000876  291.850031  12.433043
000877  272.324723  12.648880
000878  272.546125  12.648880
000879  272.767528  12.648880
000880  272.988930  12.648880
000881  273.210332  12.648880
000882  273.431734  12.648880
000883  273.653137  12.648880
000884  273.874539  12.648880
000885  274.095941  12.648880
000886  274.317343  12.648880
000887  274.538745  12.648880
000888  274.760148  12.648880
000889  274.981550  12.648880
000890  275.202952  12.648880
000891  275.424354  12.648880
000892  275.645756  12.648880
000893  275.867159  12.648880
000894  276.088561  12.648880
000895  276.309963  12.648880
000896  276.531365  12.648880
000897  288.265683  12.648880
000898  288.487085  12.648880
000899  272.270769  12.864718
000900  272.492308  12.864718
000901  272.713846  12.864718
000902  272.935385  12.864718
000903  273.156923  12.864718
000904  273.378462  12.864718
000905  273.600000  12.864718
000906  273.821538  12.864718
000907  274.043077  12.864718
000908  274.264615  12.864718
000909  274.486154  12.864718
000910  274.707692  12.864718
000911  274.929231  12.864718
000912  275.150769  12.864718
000913  275.372308  12.864718
000914  275.593846  12.864718
000915  275.815385  12.864718
000916  276.036923  12.864718
000917  276.258462  12.864718
000918  276.480000  12.864718
000919  276.701538  12.864718
000920  144.621072  13.080555
000921  144.842884  13.080555
000922  271.053604  13.080555
000923  271.275416  13.080555
000924  271.497227  13.080555
000925  271.719039  13.080555
000926  271.940850  13.080555
000927  272.162662  13.080555
000928  272.384473  13.080555
000929  272.606285  13.080555
000930  272.828096  13.080555
000931  273.049908  13.080555
000932  273.271719  13.080555
000933  273.493530  13.080555
000934  273.715342  13.080555
000935  273.937153  13.080555
000936  274.158965  13.080555
000937  274.380776  13.080555
000938  274.602588  13.080555
000939  274.824399  13.080555
000940  275.046211  13.080555
000941  275.268022  13.080555
000942  275.489834  13.080555
000943  275.711645  13.080555
000944  275.933457  13.080555
000945  276.155268  13.080555
000946  276.377079  13.080555
000947  276.598891  13.080555
000948  144.488286  13.296392
000949  144.710234  13.296392
000950  144.932182  13.296392
000951  270.332922  13.296392
000952  270.554871  13.296392
000953  270.776819  13.296392
000954  270.998767  13.296392
000955  271.220715  13.296392
000956  271.442663  13.296392
000957  271.664612  13.296392
000958  271.886560  13.296392
000959  272.108508  13.296392
000960  272.330456  13.296392
000961  272.552404  13.296392
000962  272.774353  13.296392
000963  272.996301  13.296392
000964  273.218249  13.296392
000965  273.440197  13.296392
000966  273.662145  13.296392
000967  273.884094  13.296392
000968  274.106042  13.296392
000969  274.327990  13.296392
000970  274.549938  13.296392
000971  274.771887  13.296392
000972  274.993835  13.296392
000973  275.215783  13.296392
000974  275.437731  13.296392
000975  275.659679  13.296392
000976  275.881628  13.296392
000977  276.103576  13.296392
000978  276.325524  13.296392
000979  276.547472  13.296392
000980  144.444444  13.512229
000981  144.666667  13.512229
000982  144.888889  13.512229
000983  145.111111  13.512229
000984  269.777778  13.512229
000985  270.000000  13.512229
000986  270.222222  13.512229
000987  270.444444  13.512229
000988  270.666667  13.512229
000989  270.888889  13.512229
000990  271.111111  13.512229
000991  271.333333  13.512229
000992  271.555556  13.512229
000993  271.777778  13.512229
000994  272.000000  13.512229
000995  272.222222  13.512229
000996  272.444444  13.512229
000997  272.666667  13.512229
000998  272.888889  13.512229
000999  273.111111  13.512229
001000  273.333333  13.512229
001001  273.555556  13.512229
001002  273.777778  13.512229
001003  274.000000  13.512229
001004  274.222222  13.512229
001005  274.444444  13.512229
001006  274.666667  13.512229
001007  274.888889  13.512229
001008  275.111111  13.512229
001009  275.333333  13.512229
001010  275.555556  13.512229
001011  275.777778  13.512229
001012  276.000000  13.512229
001013  276.222222  13.512229
001014  276.444444  13.512229
001015  276.666667  13.512229
001016  144.756022  13.728066
001017  144.978382  13.728066
001018  268.610253  13.728066
001019  268.832613  13.728066
001020  269.054972  13.728066
001021  269.277332  13.728066
001022  269.499691  13.728066
001023  269.722051  13.728066
001024  269.944410  13.728066
001025  270.166770  13.728066
001026  270.389129  13.728066
001027  270.611489  13.728066
001028  270.833848  13.728066
001029  271.056208  13.728066
001030  271.278567  13.728066
001031  271.500926  13.728066
001032  271.723286  13.728066
001033  271.945645  13.728066
001034  272.168005  13.728066
001035  272.390364  13.728066
001036  272.612724  13.728066
001037  272.835083  13.728066
001038  273.057443  13.728066
001039  273.279802  13.728066
001040  273.502162  13.728066
001041  273.724521  13.728066
001042  273.946881  13.728066
001043  274.169240  13.728066
001044  274.391600  13.728066
001045  274.613959  13.728066
001046  274.836319  13.728066
001047  275.058678  13.728066
001048  275.281038  13.728066
001049  275.503397  13.728066
001050  275.725757  13.728066
001051  275.948116  13.728066
001052  276.170476  13.728066
001053  276.392835  13.728066
001054  276.615195  13.728066
001055  298.851143  13.728066
001056  299.073502  13.728066
001057  144.935065  13.943903
001058  145.157699  13.943903
001059  145.380334  13.943903
001060  268.274583  13.943903
001061  268.497217  13.943903
001062  268.719852  13.943903
001063  268.942486  13.943903
001064  269.165121  13.943903
001065  269.387755  13.943903
001066  269.610390  13.943903
001067  269.833024  13.943903
001068  270.055659  13.943903
001069  270.278293  13.943903
001070  270.500928  13.943903
001071  270.723562  13.943903
001072  270.946197  13.943903
001073  271.168831  13.943903
001074  271.391466  13.943903
001075  271.614100  13.943903
001076  271.836735  13.943903
001077  272.059369  13.943903
001078  272.282004  13.943903
001079  272.504638  13.943903
001080  272.727273  13.943903
001081  272.949907  13.943903
001082  273.172542  13.943903
001083  273.395176  13.943903
001084  273.617811  13.943903
001085  273.840445  13.943903
001086  274.063080  13.943903
001087  274.285714  13.943903
001088  274.508349  13.943903
001089  274.730983  13.943903
001090  274.953618  13.943903
001091  275.176252  13.943903
001092  275.398887  13.943903
001093  275.621521  13.943903
001094  275.844156  13.943903
001095  276.066790  13.943903
001096  276.289425  13.943903
001097  276.512059  13.943903
001098  276.734694  13.943903
001099  298.775510  13.943903
001100  298.998145  13.943903
001101  299.220779  13.943903
001102  145.024752  14.159741
001103  145.247525  14.159741
001104  145.470297  14.159741
001105  267.995050  14.159741
001106  268.217822  14.159741
001107  268.440594  14.159741
001108  268.663366  14.159741
001109  268.886139  14.159741
001110  269.108911  14.159741
001111  269.331683  14.159741
001112  269.554455  14.159741
001113  269.777228  14.159741
001114  270.000000  14.159741
001115  270.222772  14.159741
001116  270.445545  14.159741
001117  270.668317  14.159741
001118  270.891089  14.159741
001119  271.113861  14.159741
001120  271.336634  14.159741
001121  271.559406  14.159741
001122  271.782178  14.159741
001123  272.004950  14.159741
001124  272.227723  14.159741
001125  272.450495  14.159741
001126  272.673267  14.159741
001127  272.896040  14.159741
001128  273.118812  14.159741
001129  273.341584  14.159741
001130  273.564356  14.159741
001131  273.787129  14.159741
001132  274.009901  14.159741
001133  274.232673  14.159741
001134  274.455446  14.159741
001135  274.678218  14.159741
001136  274.900990  14.159741
001137  275.123762  14.159741
001138  275.346535  14.159741
001139  275.569307  14.159741
001140  275.792079  14.159741
001141  276.014851  14.159741
001142  276.237624  14.159741
001143  276.460396  14.159741
001144  276.683168  14.159741
001145  276.905941  14.159741
001146  277.128713  14.159741
001147  277.351485  14.159741
001148  298.960396  14.159741
001149  299.183168  14.159741
001150  144.981413  14.375578
001151  145.204461  14.375578
001152  145.427509  14.375578
001153  267.657993  14.375578
001154  267.881041  14.375578
001155  268.104089  14.375578
001156  268.327138  14.375578
001157  268.550186  14.375578
001158  268.773234  14.375578
001159  268.996283  14.375578
001160  269.219331  14.375578
001161  269.442379  14.375578
001162  269.665428  14.375578
001163  269.888476  14.375578
001164  270.111524  14.375578
001165  270.334572  14.375578
001166  270.557621  14.375578
001167  270.780669  14.375578
001168  271.003717  14.375578
001169  271.226766  14.375578
001170  271.449814  14.375578
001171  271.672862  14.375578
001172  271.895911  14.375578
001173  272.118959  14.375578
001174  272.342007  14.375578
001175  272.565056  14.375578
001176  272.788104  14.375578
001177  273.011152  14.375578
001178  273.234201  14.375578
001179  273.457249  14.375578
001180  273.680297  14.375578
001181  273.903346  14.375578
001182  274.126394  14.375578
001183  274.349442  14.375578
001184  274.572491  14.375578
001185  274.795539  14.375578
001186  275.018587  14.375578
001187  275.241636  14.375578
001188  275.464684  14.375578
001189  275.687732  14.375578
001190  275.910781  14.375578
001191  276.133829  14.375578
001192  276.356877  14.375578
001193  276.579926  14.375578
001194  276.802974  14.375578
001195  277.026022  14.375578
001196  277.249071  14.375578
001197  277.472119  14.375578
001198  298.884758  14.375578
001199  299.107807  14.375578
001200  145.517669  14.591415
001201  267.377557  14.591415
001202  267.600744  14.591415
001203  267.823931  14.591415
001204  268.047117  14.591415
001205  268.270304  14.591415
001206  268.493490  14.591415
001207  268.716677  14.591415
001208  268.939864  14.591415
001209  269.163050  14.591415
001210  269.386237  14.591415
001211  269.609423  14.591415
001212  269.832610  14.591415
001213  270.055797  14.591415
001214  270.278983  14.591415
001215  270.502170  14.591415
001216  270.725356  14.591415
001217  270.948543  14.591415
001218  271.171730  14.591415
001219  271.394916  14.591415
001220  271.618103  14.591415
001221  271.841290  14.591415
001222  272.064476  14.591415
001223  272.287663  14.591415
001224  272.510849  14.591415
001225  272.734036  14.591415
001226  272.957223  14.591415
001227  273.180409  14.591415
001228  273.403596  14.591415
001229  273.626782  14.591415
001230  273.849969  14.591415
001231  274.073156  14.591415
001232  274.296342  14.591415
001233  274.519529  14.591415
001234  274.742715  14.591415
001235  274.965902  14.591415
001236  275.189089  14.591415
001237  275.412275  14.591415
001238  275.635462  14.591415
001239  275.858648  14.591415
001240  276.081835  14.591415
001241  276.305022  14.591415
001242  276.528208  14.591415
001243  276.751395  14.591415
001244  277.197768  14.591415
001245  277.420955  14.591415
001246  298.623683  14.591415
001247  298.846869  14.591415
001248  299.070056  14.591415
001249  299.293242  14.591415
001250  145.251397  14.807252
001251  145.474860  14.807252
001252  145.698324  14.807252
001253  145.921788  14.807252
001254  267.262570  14.807252
001255  267.486034  14.807252
001256  267.709497  14.807252
001257  267.932961  14.807252
001258  268.156425  14.807252
001259  268.379888  14.807252
001260  268.603352  14.807252
001261  268.826816  14.807252
001262  269.050279  14.807252
001263  269.273743  14.807252
001264  269.497207  14.807252
001265  269.720670  14.807252
001266  269.944134  14.807252
001267  270.167598  14.807252
001268  270.391061  14.807252
001269  270.614525  14.807252
001270  270.837989  14.807252
001271  271.061453  14.807252
001272  271.284916  14.807252
001273  271.508380  14.807252
001274  271.731844  14.807252
001275  271.955307  14.807252
001276  272.178771  14.807252
001277  272.402235  14.807252
001278  272.625698  14.807252
001279  272.849162  14.807252
001280  273.072626  14.807252
001281  273.296089  14.807252
001282  273.519553  14.807252
001283  273.743017  14.807252
001284  273.966480  14.807252
001285  274.189944  14.807252
001286  274.413408  14.807252
001287  274.636872  14.807252
001288  274.860335  14.807252
001289  275.083799  14.807252
001290  275.307263  14.807252
001291  275.530726  14.807252
001292  275.754190  14.807252
001293  275.977654  14.807252
001294  276.201117  14.807252
001295  276.424581  14.807252
001296  276.648045  14.807252
001297  276.871508  14.807252
001298  298.547486  14.807252
001299  298.770950  14.807252
001300  298.994413  14.807252
001301  299.217877  14.807252
001302  145.431945  15.023089
001303  145.655687  15.023089
001304  145.879428  15.023089
001305  266.923555  15.023089
001306  267.147296  15.023089
001307  267.371038  15.023089
001308  267.594779  15.023089
001309  267.818521  15.023089
001310  268.042262  15.023089
001311  268.266004  15.023089
001312  268.489745  15.023089
001313  268.713487  15.023089
001314  268.937228  15.023089
001315  269.160970  15.023089
001316  269.384711  15.023089
001317  269.608452  15.023089
001318  269.832194  15.023089
001319  270.055935  15.023089
001320  270.279677  15.023089
001321  270.503418  15.023089
001322  270.727160  15.023089
001323  270.950901  15.023089
001324  271.174643  15.023089
001325  271.398384  15.023089
001326  271.622126  15.023089
001327  271.845867  15.023089
001328  272.069608  15.023089
001329  272.293350  15.023089
001330  272.517091  15.023089
001331  272.740833  15.023089
001332  272.964574  15.023089
001333  273.188316  15.023089
001334  273.412057  15.023089
001335  273.635799  15.023089
001336  273.859540  15.023089
001337  274.083282  15.023089
001338  274.307023  15.023089
001339  274.530764  15.023089
001340  274.754506  15.023089
001341  274.978247  15.023089
001342  275.201989  15.023089
001343  275.425730  15.023089
001344  275.649472  15.023089
001345  275.873213  15.023089
001346  276.096955  15.023089
001347  276.320696  15.023089
001348  276.544438  15.023089
001349  276.768179  15.023089
001350  276.991920  15.023089
001351  298.471100  15.023089
001352  298.694842  15.023089
001353  298.918583  15.023089
001354  145.522388  15.238927
001355  145.746269  15.238927
001356  145.970149  15.238927
001357  266.865672  15.238927
001358  267.089552  15.238927
001359  267.313433  15.238927
001360  267.537313  15.238927
001361  267.761194  15.238927
001362  267.985075  15.238927
001363  268.208955  15.238927
001364  268.432836  15.238927
001365  268.656716  15.238927
001366  268.880597  15.238927
001367  269.104478  15.238927
001368  269.328358  15.238927
001369  269.552239  15.238927
001370  269.776119  15.238927
001371  270.000000  15.238927
001372  270.223881  15.238927
001373  270.447761  15.238927
001374  270.671642  15.238927
001375  270.895522  15.238927
001376  271.119403  15.238927
001377  271.343284  15.238927
001378  271.567164  15.238927
001379  271.791045  15.238927
001380  272.014925  15.238927
001381  272.238806  15.238927
001382  272.462687  15.238927
001383  272.686567  15.238927
001384  272.910448  15.238927
001385  273.134328  15.238927
001386  273.358209  15.238927
001387  273.582090  15.238927
001388  273.805970  15.238927
001389  274.029851  15.238927
001390  274.253731  15.238927
001391  274.477612  15.238927
001392  274.701493  15.238927
001393  274.925373  15.238927
001394  275.149254  15.238927
001395  275.373134  15.238927
001396  275.597015  15.238927
001397  275.820896  15.238927
001398  276.044776  15.238927
001399  276.268657  15.238927
001400  276.492537  15.238927
001401  276.716418  15.238927
001402  276.940299  15.238927
001403  298.432836  15.238927
001404  298.656716  15.238927
001405  298.880597  15.238927
001406  145.703611  15.454764
001407  145.927771  15.454764
001408  263.387298  15.454764
001409  263.611457  15.454764
001410  263.835616  15.454764
001411  266.525529  15.454764
001412  266.749689  15.454764
001413  266.973848  15.454764
001414  267.198007  15.454764
001415  267.422167  15.454764
001416  267.646326  15.454764
001417  267.870486  15.454764
001418  268.094645  15.454764
001419  268.318804  15.454764
001420  268.542964  15.454764
001421  268.767123  15.454764
001422  268.991283  15.454764
001423  269.215442  15.454764
001424  269.439601  15.454764
001425  269.663761  15.454764
001426  269.887920  15.454764
001427  270.112080  15.454764
001428  270.336239  15.454764
001429  270.560399  15.454764
001430  270.784558  15.454764
001431  271.008717  15.454764
001432  271.232877  15.454764
001433  271.457036  15.454764
001434  271.681196  15.454764
001435  271.905355  15.454764
001436  272.129514  15.454764
001437  272.353674  15.454764
001438  272.577833  15.454764
001439  272.801993  15.454764
001440  273.026152  15.454764
001441  273.250311  15.454764
001442  273.474471  15.454764
001443  273.698630  15.454764
001444  273.922790  15.454764
001445  274.146949  15.454764
001446  274.371108  15.454764
001447  274.595268  15.454764
001448  274.819427  15.454764
001449  275.043587  15.454764
001450  275.267746  15.454764
001451  275.491905  15.454764
001452  275.716065  15.454764
001453  275.940224  15.454764
001454  276.164384  15.454764
001455  276.388543  15.454764
001456  276.612702  15.454764
001457  298.356164  15.454764
001458  298.580324  15.454764
001459  298.804483  15.454764
001460  262.817955  15.670601
001461  263.042394  15.670601
001462  263.266833  15.670601
001463  263.491272  15.670601
001464  263.715711  15.670601
001465  263.940150  15.670601
001466  264.164589  15.670601
001467  266.184539  15.670601
001468  266.408978  15.670601
001469  266.633416  15.670601
001470  266.857855  15.670601
001471  267.082294  15.670601
001472  267.306733  15.670601
001473  267.531172  15.670601
001474  267.755611  15.670601
001475  267.980050  15.670601
001476  268.204489  15.670601
001477  268.428928  15.670601
001478  268.653367  15.670601
001479  268.877805  15.670601
001480  269.102244  15.670601
001481  269.326683  15.670601
001482  269.551122  15.670601
001483  269.775561  15.670601
001484  270.000000  15.670601
001485  270.224439  15.670601
001486  270.448878  15.670601
001487  270.673317  15.670601
001488  270.897756  15.670601
001489  271.122195  15.670601
001490  271.346633  15.670601
001491  271.571072  15.670601
001492  271.795511  15.670601
001493  272.019950  15.670601
001494  272.244389  15.670601
001495  272.468828  15.670601
001496  272.693267  15.670601
001497  272.917706  15.670601
001498  273.142145  15.670601
001499  273.366584  15.670601
001500  273.591022  15.670601
001501  273.815461  15.670601
001502  274.039900  15.670601
001503  274.264339  15.670601
001504  274.488778  15.670601
001505  274.713217  15.670601
001506  274.937656  15.670601
001507  275.162095  15.670601
001508  275.386534  15.670601
001509  275.610973  15.670601
001510  275.835411  15.670601
001511  276.059850  15.670601
001512  298.503741  15.670601
001513  298.728180  15.670601
001514  262.083593  15.886438
001515  262.308172  15.886438
001516  262.532751  15.886438
001517  262.757330  15.886438
001518  262.981909  15.886438
001519  263.206488  15.886438
001520  263.431067  15.886438
001521  263.655646  15.886438
001522  263.880225  15.886438
001523  264.104803  15.886438
001524  264.329382  15.886438
001525  264.553961  15.886438
001526  264.778540  15.886438
001527  265.676856  15.886438
001528  265.901435  15.886438
001529  266.126014  15.886438
001530  266.350593  15.886438
001531  266.575172  15.886438
001532  266.799750  15.886438
001533  267.024329  15.886438
001534  267.248908  15.886438
001535  267.473487  15.886438
001536  267.698066  15.886438
001537  267.922645  15.886438
001538  268.147224  15.886438
001539  268.371803  15.886438
001540  268.596382  15.886438
001541  268.820961  15.886438
001542  269.045540  15.886438
001543  269.270119  15.886438
001544  269.494697  15.886438
001545  269.719276  15.886438
001546  269.943855  15.886438
001547  270.168434  15.886438
001548  270.393013  15.886438
001549  270.617592  15.886438
001550  270.842171  15.886438
001551  271.066750  15.886438
001552  271.291329  15.886438
001553  271.515908  15.886438
001554  271.740487  15.886438
001555  271.965066  15.886438
001556  272.189644  15.886438
001557  272.414223  15.886438
001558  272.638802  15.886438
001559  272.863381  15.886438
001560  273.087960  15.886438
001561  273.312539  15.886438
001562  273.537118  15.886438
001563  273.761697  15.886438
001564  273.986276  15.886438
001565  274.210855  15.886438
001566  274.435434  15.886438
001567  274.660012  15.886438
001568  274.884591  15.886438
001569  275.109170  15.886438
001570  275.333749  15.886438
001571  275.558328  15.886438
001572  275.782907  15.886438
001573  276.007486  15.886438
001574  298.240799  15.886438
001575  298.465377  15.886438
001576  298.689956  15.886438
001577  298.914535  15.886438
001578  261.511555  16.102275
001579  261.736415  16.102275
001580  261.961274  16.102275
001581  262.186134  16.102275
001582  262.410993  16.102275
001583  262.635853  16.102275
001584  262.860712  16.102275
001585  263.085572  16.102275
001586  263.310431  16.102275
001587  263.535290  16.102275
001588  263.760150  16.102275
001589  263.985009  16.102275
001590  264.209869  16.102275
001591  264.434728  16.102275
001592  264.659588  16.102275
001593  264.884447  16.102275
001594  265.109307  16.102275
001595  265.334166  16.102275
001596  265.559026  16.102275
001597  265.783885  16.102275
001598  266.008745  16.102275
001599  266.233604  16.102275
001600  266.458463  16.102275
001601  266.683323  16.102275
001602  266.908182  16.102275
001603  267.133042  16.102275
001604  267.357901  16.102275
001605  267.582761  16.102275
001606  267.807620  16.102275
001607  268.032480  16.102275
001608  268.257339  16.102275
001609  268.482199  16.102275
001610  268.707058  16.102275
001611  268.931918  16.102275
001612  269.156777  16.102275
001613  269.381636  16.102275
001614  269.606496  16.102275
001615  269.831355  16.102275
001616  270.056215  16.102275
001617  270.281074  16.102275
001618  270.505934  16.102275
001619  270.730793  16.102275
001620  270.955653  16.102275
001621  271.180512  16.102275
001622  271.405372  16.102275
001623  272.079950  16.102275
001624  272.304809  16.102275
001625  273.878826  16.102275
001626  274.103685  16.102275
001627  274.328545  16.102275
001628  274.553404  16.102275
001629  274.778264  16.102275
001630  275.003123  16.102275
001631  275.227983  16.102275
001632  298.163648  16.102275
001633  298.388507  16.102275
001634  298.613367  16.102275
001635  298.838226  16.102275
001636  261.163227  16.318112
001637  261.388368  16.318112
001638  261.613508  16.318112
001639  261.838649  16.318112
001640  262.063790  16.318112
001641  262.288931  16.318112
001642  262.514071  16.318112
001643  262.739212  16.318112
001644  262.964353  16.318112
001645  263.189493  16.318112
001646  263.414634  16.318112
001647  263.639775  16.318112
001648  263.864916  16.318112
001649  264.090056  16.318112
001650  264.315197  16.318112
001651  264.540338  16.318112
001652  264.765478  16.318112
001653  264.990619  16.318112
001654  265.215760  16.318112
001655  265.440901  16.318112
001656  265.666041  16.318112
001657  265.891182  16.318112
001658  266.116323  16.318112
001659  266.341463  16.318112
001660  266.566604  16.318112
001661  266.791745  16.318112
001662  267.016886  16.318112
001663  267.242026  16.318112
001664  267.467167  16.318112
001665  267.692308  16.318112
001666  267.917448  16.318112
001667  268.142589  16.318112
001668  268.367730  16.318112
001669  268.592871  16.318112
001670  268.818011  16.318112
001671  269.043152  16.318112
001672  269.268293  16.318112
001673  269.493433  16.318112
001674  269.718574  16.318112
001675  269.943715  16.318112
001676  270.168856  16.318112
001677  270.393996  16.318112
001678  270.619137  16.318112
001679  270.844278  16.318112
001680  271.069418  16.318112
001681  271.294559  16.318112
001682  271.519700  16.318112
001683  271.744841  16.318112
001684  298.086304  16.318112
001685  298.311445  16.318112
001686  298.536585  16.318112
001687  298.761726  16.318112
001688  190.256731  16.533950
001689  190.482154  16.533950
001690  190.707577  16.533950
001691  260.137758  16.533950
001692  260.363181  16.533950
001693  260.588604  16.533950
001694  260.814026  16.533950
001695  261.039449  16.533950
001696  261.264872  16.533950
001697  261.490294  16.533950
001698  261.715717  16.533950
001699  261.941140  16.533950
001700  262.166562  16.533950
001701  262.391985  16.533950
001702  262.617408  16.533950
001703  262.842830  16.533950
001704  263.068253  16.533950
001705  263.293676  16.533950
001706  263.519098  16.533950
001707  263.744521  16.533950
001708  263.969944  16.533950
001709  264.195366  16.533950
001710  264.420789  16.533950
001711  264.646212  16.533950
001712  264.871634  16.533950
001713  265.097057  16.533950
001714  265.322480  16.533950
001715  265.547902  16.533950
001716  265.773325  16.533950
001717  265.998748  16.533950
001718  266.224170  16.533950
001719  266.449593  16.533950
001720  266.675016  16.533950
001721  266.900438  16.533950
001722  267.125861  16.533950
001723  267.351284  16.533950
001724  267.576706  16.533950
001725  267.802129  16.533950
001726  268.027552  16.533950
001727  268.252974  16.533950
001728  268.478397  16.533950
001729  268.703820  16.533950
001730  268.929242  16.533950
001731  269.154665  16.533950
001732  269.380088  16.533950
001733  269.605510  16.533950
001734  269.830933  16.533950
001735  270.056356  16.533950
001736  270.281778  16.533950
001737  270.507201  16.533950
001738  270.732624  16.533950
001739  270.958046  16.533950
001740  271.183469  16.533950
001741  271.408892  16.533950
001742  271.634314  16.533950
001743  271.859737  16.533950
001744  298.234189  16.533950
001745  298.459612  16.533950
001746  298.685034  16.533950
001747  190.150376  16.749787
001748  190.375940  16.749787
001749  190.601504  16.749787
001750  190.827068  16.749787
001751  259.849624  16.749787
001752  260.075188  16.749787
001753  260.300752  16.749787
001754  260.526316  16.749787
001755  260.751880  16.749787
001756  260.977444  16.749787
001757  261.203008  16.749787
001758  261.428571  16.749787
001759  261.654135  16.749787
001760  261.879699  16.749787
001761  262.105263  16.749787
001762  262.330827  16.749787
001763  262.556391  16.749787
001764  262.781955  16.749787
001765  263.007519  16.749787
001766  263.233083  16.749787
001767  263.458647  16.749787
001768  263.684211  16.749787
001769  263.909774  16.749787
001770  264.135338  16.749787
001771  264.360902  16.749787
001772  264.586466  16.749787
001773  264.812030  16.749787
001774  265.037594  16.749787
001775  265.263158  16.749787
001776  265.488722  16.749787
001777  265.714286  16.749787
001778  265.939850  16.749787
001779  266.165414  16.749787
001780  266.390977  16.749787
001781  266.616541  16.749787
001782  266.842105  16.749787
001783  267.067669  16.749787
001784  267.293233  16.749787
001785  267.518797  16.749787
001786  267.744361  16.749787
001787  267.969925  16.749787
001788  268.195489  16.749787
001789  268.421053  16.749787
001790  268.646617  16.749787
001791  268.872180  16.749787
001792  269.097744  16.749787
001793  269.323308  16.749787
001794  269.548872  16.749787
001795  269.774436  16.749787
001796  270.000000  16.749787
001797  270.225564  16.749787
001798  270.451128  16.749787
001799  270.676692  16.749787
001800  270.902256  16.749787
001801  271.127820  16.749787
001802  271.353383  16.749787
001803  271.578947  16.749787
001804  271.804511  16.749787
001805  190.388959  16.965624
001806  190.614806  16.965624
001807  259.272271  16.965624
001808  259.498118  16.965624
001809  259.723965  16.965624
001810  259.949812  16.965624
001811  260.175659  16.965624
001812  260.401506  16.965624
001813  260.627353  16.965624
001814  260.853199  16.965624
001815  261.079046  16.965624
001816  261.304893  16.965624
001817  261.530740  16.965624
001818  261.756587  16.965624
001819  261.982434  16.965624
001820  262.208281  16.965624
001821  262.434128  16.965624
001822  262.659975  16.965624
001823  262.885822  16.965624
001824  263.111669  16.965624
001825  263.337516  16.965624
001826  263.563363  16.965624
001827  263.789210  16.965624
001828  264.015056  16.965624
001829  264.240903  16.965624
001830  264.466750  16.965624
001831  264.692597  16.965624
001832  264.918444  16.965624
001833  265.144291  16.965624
001834  265.370138  16.965624
001835  265.595985  16.965624
001836  265.821832  16.965624
001837  266.047679  16.965624
001838  266.273526  16.965624
001839  266.499373  16.965624
001840  266.725220  16.965624
001841  266.951066  16.965624
001842  267.176913  16.965624
001843  267.402760  16.965624
001844  267.628607  16.965624
001845  267.854454  16.965624
001846  268.080301  16.965624
001847  268.306148  16.965624
001848  268.531995  16.965624
001849  268.757842  16.965624
001850  268.983689  16.965624
001851  269.209536  16.965624
001852  269.435383  16.965624
001853  269.661230  16.965624
001854  269.887077  16.965624
001855  270.112923  16.965624
001856  270.338770  16.965624
001857  270.564617  16.965624
001858  270.790464  16.965624
001859  271.016311  16.965624
001860  271.242158  16.965624
001861  271.468005  16.965624
001862  271.693852  16.965624
001863  271.919699  16.965624
001864  272.371393  16.965624
001865  272.597240  16.965624
001866  258.919598  17.181461
001867  259.145729  17.181461
001868  259.371859  17.181461
001869  259.597990  17.181461
001870  259.824121  17.181461
001871  260.050251  17.181461
001872  260.276382  17.181461
001873  260.502513  17.181461
001874  260.728643  17.181461
001875  260.954774  17.181461
001876  261.180905  17.181461
001877  261.407035  17.181461
001878  261.633166  17.181461
001879  261.859296  17.181461
001880  262.085427  17.181461
001881  262.311558  17.181461
001882  262.537688  17.181461
001883  262.763819  17.181461
001884  262.989950  17.181461
001885  263.216080  17.181461
001886  263.442211  17.181461
001887  263.668342  17.181461
001888  263.894472  17.181461
001889  264.120603  17.181461
001890  264.346734  17.181461
001891  264.572864  17.181461
001892  264.798995  17.181461
001893  265.025126  17.181461
001894  265.251256  17.181461
001895  265.477387  17.181461
001896  265.703518  17.181461
001897  265.929648  17.181461
001898  266.155779  17.181461
001899  266.381910  17.181461
001900  266.608040  17.181461
001901  266.834171  17.181461
001902  267.060302  17.181461
001903  267.286432  17.181461
001904  267.512563  17.181461
001905  267.738693  17.181461
001906  267.964824  17.181461
001907  268.190955  17.181461
001908  268.417085  17.181461
001909  268.643216  17.181461
001910  268.869347  17.181461
001911  269.095477  17.181461
001912  269.321608  17.181461
001913  269.547739  17.181461
001914  269.773869  17.181461
001915  270.000000  17.181461
001916  270.226131  17.181461
001917  270.452261  17.181461
001918  270.678392  17.181461
001919  270.904523  17.181461
001920  271.130653  17.181461
001921  271.356784  17.181461
001922  271.582915  17.181461
001923  271.809045  17.181461
001924  272.261307  17.181461
001925  272.487437  17.181461
001926  272.713568  17.181461
001927  258.339623  17.397298
001928  258.566038  17.397298
001929  258.792453  17.397298
001930  259.018868  17.397298
001931  259.245283  17.397298
001932  259.471698  17.397298
001933  259.698113  17.397298
001934  259.924528  17.397298
001935  260.150943  17.397298
001936  260.377358  17.397298
001937  260.603774  17.397298
001938  260.830189  17.397298
001939  261.056604  17.397298
001940  261.283019  17.397298
001941  261.509434  17.397298
001942  261.735849  17.397298
001943  261.962264  17.397298
001944  262.188679  17.397298
001945  262.415094  17.397298
001946  262.641509  17.397298
001947  262.867925  17.397298
001948  263.094340  17.397298
001949  263.320755  17.397298
001950  263.547170  17.397298
001951  263.773585  17.397298
001952  264.000000  17.397298
001953  264.226415  17.397298
001954  264.452830  17.397298
001955  264.679245  17.397298
001956  264.905660  17.397298
001957  265.132075  17.397298
001958  265.358491  17.397298
001959  265.584906  17.397298
001960  265.811321  17.397298
001961  266.037736  17.397298
001962  266.264151  17.397298
001963  266.490566  17.397298
001964  266.716981  17.397298
001965  266.943396  17.397298
001966  267.169811  17.397298
001967  267.396226  17.397298
001968  267.622642  17.397298
001969  267.849057  17.397298
001970  268.075472  17.397298
001971  268.301887  17.397298
001972  268.528302  17.397298
001973  268.754717  17.397298
001974  268.981132  17.397298
001975  269.207547  17.397298
001976  269.433962  17.397298
001977  269.660377  17.397298
001978  269.886792  17.397298
001979  270.113208  17.397298
001980  270.339623  17.397298
001981  270.566038  17.397298
001982  270.792453  17.397298
001983  271.018868  17.397298
001984  271.245283  17.397298
001985  271.471698  17.397298
001986  271.698113  17.397298
001987  271.924528  17.397298
001988  272.377358  17.397298
001989  272.603774  17.397298
001990  296.603774  17.397298
001991  296.830189  17.397298
001992  258.211587  17.613136
001993  258.438287  17.613136
001994  258.664987  17.613136
001995  258.891688  17.613136
001996  259.118388  17.613136
001997  259.345088  17.613136
001998  259.571788  17.613136
001999  259.798489  17.613136
002000  260.025189  17.613136
002001  260.251889  17.613136
002002  260.478589  17.613136
002003  260.705290  17.613136
002004  260.931990  17.613136
002005  261.158690  17.613136
002006  261.385390  17.613136
002007  261.612091  17.613136
002008  261.838791  17.613136
002009  262.065491  17.613136
002010  262.292191  17.613136
002011  262.518892  17.613136
002012  262.745592  17.613136
002013  262.972292  17.613136
002014  263.198992  17.613136
002015  263.425693  17.613136
002016  263.652393  17.613136
002017  263.879093  17.613136
002018  264.105793  17.613136
002019  264.332494  17.613136
002020  264.559194  17.613136
002021  264.785894  17.613136
002022  265.012594  17.613136
002023  265.239295  17.613136
002024  265.465995  17.613136
002025  265.692695  17.613136
002026  265.919395  17.613136
002027  266.146096  17.613136
002028  266.372796  17.613136
002029  266.599496  17.613136
002030  266.826196  17.613136
002031  267.052897  17.613136
002032  267.279597  17.613136
002033  267.506297  17.613136
002034  267.732997  17.613136
002035  267.959698  17.613136
002036  268.186398  17.613136
002037  268.413098  17.613136
002038  268.639798  17.613136
002039  268.866499  17.613136
002040  269.093199  17.613136
002041  269.319899  17.613136
002042  269.546599  17.613136
002043  269.773300  17.613136
002044  270.000000  17.613136
002045  270.226700  17.613136
002046  270.453401  17.613136
002047  270.680101  17.613136
002048  270.906801  17.613136
002049  271.133501  17.613136
002050  271.360202  17.613136
002051  271.586902  17.613136
002052  271.813602  17.613136
002053  282.695214  17.613136
002054  282.921914  17.613136
002055  288.362720  17.613136
002056  288.589421  17.613136
002057  294.937028  17.613136
002058  295.163728  17.613136
002059  295.390428  17.613136
002060  296.523929  17.613136
002061  296.750630  17.613136
002062  296.977330  17.613136
002063  257.402270  17.828973
002064  257.629256  17.828973
002065  257.856242  17.828973
002066  258.083228  17.828973
002067  258.310214  17.828973
002068  258.537201  17.828973
002069  258.764187  17.828973
002070  258.991173  17.828973
002071  259.218159  17.828973
002072  259.445145  17.828973
002073  259.672131  17.828973
002074  259.899117  17.828973
002075  260.126103  17.828973
002076  260.353090  17.828973
002077  260.580076  17.828973
002078  260.807062  17.828973
002079  261.034048  17.828973
002080  261.261034  17.828973
002081  261.488020  17.828973
002082  261.715006  17.828973
002083  261.941992  17.828973
002084  262.168979  17.828973
002085  262.395965  17.828973
002086  262.622951  17.828973
002087  262.849937  17.828973
002088  263.076923  17.828973
002089  263.303909  17.828973
002090  263.530895  17.828973
002091  263.757881  17.828973
002092  263.984868  17.828973
002093  264.211854  17.828973
002094  264.438840  17.828973
002095  264.665826  17.828973
002096  264.892812  17.828973
002097  265.119798  17.828973
002098  265.346784  17.828973
002099  265.573770  17.828973
002100  265.800757  17.828973
002101  266.027743  17.828973
002102  266.254729  17.828973
002103  266.481715  17.828973
002104  266.708701  17.828973
002105  266.935687  17.828973
002106  267.162673  17.828973
002107  267.389660  17.828973
002108  267.616646  17.828973
002109  267.843632  17.828973
002110  268.070618  17.828973
002111  268.297604  17.828973
002112  268.524590  17.828973
002113  268.751576  17.828973
002114  268.978562  17.828973
002115  269.205549  17.828973
002116  269.432535  17.828973
002117  269.659521  17.828973
002118  269.886507  17.828973
002119  270.113493  17.828973
002120  270.340479  17.828973
002121  270.567465  17.828973
002122  270.794451  17.828973
002123  271.021438  17.828973
002124  271.248424  17.828973
002125  271.475410  17.828973
002126  271.702396  17.828973
002127  271.929382  17.828973
002128  282.143758  17.828973
002129  282.370744  17.828973
002130  282.597730  17.828973
002131  282.824716  17.828973
002132  283.051702  17.828973
002133  283.278689  17.828973
002134  283.505675  17.828973
002135  283.732661  17.828973
002136  286.002522  17.828973
002137  286.229508  17.828973
002138  288.272383  17.828973
002139  288.499369  17.828973
002140  288.726356  17.828973
002141  288.953342  17.828973
002142  292.812106  17.828973
002143  293.039092  17.828973
002144  293.266078  17.828973
002145  293.493064  17.828973
002146  293.720050  17.828973
002147  293.947037  17.828973
002148  294.174023  17.828973
002149  294.401009  17.828973
002150  294.627995  17.828973
002151  294.854981  17.828973
002152  295.081967  17.828973
002153  295.308953  17.828973
002154  295.535939  17.828973
002155  296.670870  17.828973
002156  296.897856  17.828973
002157  256.590909  18.044810
002158  256.818182  18.044810
002159  257.045455  18.044810
002160  257.272727  18.044810
002161  257.500000  18.044810
002162  257.727273  18.044810
002163  257.954545  18.044810
002164  258.181818  18.044810
002165  258.409091  18.044810
002166  258.636364  18.044810
002167  258.863636  18.044810
002168  259.090909  18.044810
002169  259.318182  18.044810
002170  259.545455  18.044810
002171  259.772727  18.044810
002172  260.000000  18.044810
002173  260.227273  18.044810
002174  260.454545  18.044810
002175  260.681818  18.044810
002176  260.909091  18.044810
002177  261.136364  18.044810
002178  261.363636  18.044810
002179  261.590909  18.044810
002180  261.818182  18.044810
002181  262.045455  18.044810
002182  262.272727  18.044810
002183  262.500000  18.044810
002184  262.727273  18.044810
002185  262.954545  18.044810
002186  263.181818  18.044810
002187  263.409091  18.044810
002188  263.636364  18.044810
002189  263.863636  18.044810
002190  264.090909  18.044810
002191  264.318182  18.044810
002192  264.545455  18.044810
002193  264.772727  18.044810
002194  265.000000  18.044810
002195  265.227273  18.044810
002196  265.454545  18.044810
002197  265.681818  18.044810
002198  265.909091  18.044810
002199  266.136364  18.044810
002200  266.363636  18.044810
002201  266.590909  18.044810
002202  266.818182  18.044810
002203  267.045455  18.044810
002204  267.272727  18.044810
002205  267.500000  18.044810
002206  267.727273  18.044810
002207  267.954545  18.044810
002208  268.181818  18.044810
002209  268.409091  18.044810
002210  268.636364  18.044810
002211  268.863636  18.044810
002212  269.090909  18.044810
002213  269.318182  18.044810
002214  269.545455  18.044810
002215  269.772727  18.044810
002216  270.000000  18.044810
002217  270.227273  18.044810
002218  270.454545  18.044810
002219  270.681818  18.044810
002220  270.909091  18.044810
002221  271.136364  18.044810
002222  271.363636  18.044810
002223  271.590909  18.044810
002224  271.818182  18.044810
002225  272.045455  18.044810
002226  272.272727  18.044810
002227  281.590909  18.044810
002228  281.818182  18.044810
002229  282.045455  18.044810
002230  282.272727  18.044810
002231  282.500000  18.044810
002232  282.727273  18.044810
002233  282.954545  18.044810
002234  283.181818  18.044810
002235  283.409091  18.044810
002236  283.636364  18.044810
002237  283.863636  18.044810
002238  285.909091  18.044810
002239  286.136364  18.044810
002240  286.363636  18.044810
002241  286.590909  18.044810
002242  286.818182  18.044810
002243  287.045455  18.044810
002244  287.272727  18.044810
002245  287.500000  18.044810
002246  287.727273  18.044810
002247  287.954545  18.044810
002248  288.181818  18.044810
002249  288.409091  18.044810
002250  288.636364  18.044810
002251  288.863636  18.044810
002252  289.090909  18.044810
002253  289.318182  18.044810
002254  289.545455  18.044810
002255  289.772727  18.044810
002256  291.136364  18.044810
002257  291.363636  18.044810
002258  292.727273  18.044810
002259  292.954545  18.044810
002260  293.181818  18.044810
002261  293.409091  18.044810
002262  293.636364  18.044810
002263  293.863636  18.044810
002264  294.090909  18.044810
002265  294.318182  18.044810
002266  294.545455  18.044810
002267  294.772727  18.044810
002268  295.000000  18.044810
002269  295.227273  18.044810
002270  296.818182  18.044810
002271  297.045455  18.044810
002272  256.460177  18.260647
002273  256.687737  18.260647
002274  256.915297  18.260647
002275  257.142857  18.260647
002276  257.370417  18.260647
002277  257.597977  18.260647
002278  257.825537  18.260647
002279  258.053097  18.260647
002280  258.280657  18.260647
002281  258.508217  18.260647
002282  258.735777  18.260647
002283  258.963338  18.260647
002284  259.190898  18.260647
002285  259.418458  18.260647
002286  259.646018  18.260647
002287  259.873578  18.260647
002288  260.101138  18.260647
002289  260.328698  18.260647
002290  260.556258  18.260647
002291  260.783818  18.260647
002292  261.011378  18.260647
002293  261.238938  18.260647
002294  261.466498  18.260647
002295  261.694058  18.260647
002296  261.921618  18.260647
002297  262.149178  18.260647
002298  262.376738  18.260647
002299  262.604298  18.260647
002300  262.831858  18.260647
002301  263.059418  18.260647
002302  263.286979  18.260647
002303  263.514539  18.260647
002304  263.742099  18.260647
002305  263.969659  18.260647
002306  264.197219  18.260647
002307  264.424779  18.260647
002308  264.652339  18.260647
002309  264.879899  18.260647
002310  265.107459  18.260647
002311  265.335019  18.260647
002312  265.562579  18.260647
002313  265.790139  18.260647
002314  266.017699  18.260647
002315  266.245259  18.260647
002316  266.472819  18.260647
002317  266.700379  18.260647
002318  266.927939  18.260647
002319  267.155499  18.260647
002320  267.383059  18.260647
002321  267.610619  18.260647
002322  267.838180  18.260647
002323  268.065740  18.260647
002324  268.293300  18.260647
002325  268.520860  18.260647
002326  268.748420  18.260647
002327  268.975980  18.260647
002328  269.203540  18.260647
002329  269.431100  18.260647
002330  269.658660  18.260647
002331  269.886220  18.260647
002332  270.113780  18.260647
002333  270.341340  18.260647
002334  270.568900  18.260647
002335  270.796460  18.260647
002336  271.024020  18.260647
002337  271.251580  18.260647
002338  271.479140  18.260647
002339  271.706700  18.260647
002340  271.934260  18.260647
002341  272.161820  18.260647
002342  272.389381  18.260647
002343  281.491783  18.260647
002344  281.719343  18.260647
002345  281.946903  18.260647
002346  282.174463  18.260647
002347  282.402023  18.260647
002348  282.629583  18.260647
002349  282.857143  18.260647
002350  283.084703  18.260647
002351  283.312263  18.260647
002352  283.539823  18.260647
002353  283.767383  18.260647
002354  285.587863  18.260647
002355  285.815424  18.260647
002356  286.042984  18.260647
002357  286.270544  18.260647
002358  286.498104  18.260647
002359  286.725664  18.260647
002360  286.953224  18.260647
002361  287.180784  18.260647
002362  287.408344  18.260647
002363  287.635904  18.260647
002364  287.863464  18.260647
002365  288.091024  18.260647
002366  288.318584  18.260647
002367  288.546144  18.260647
002368  288.773704  18.260647
002369  289.001264  18.260647
002370  289.228824  18.260647
002371  289.456384  18.260647
002372  289.683944  18.260647
002373  289.911504  18.260647
002374  290.139064  18.260647
002375  290.366625  18.260647
002376  290.594185  18.260647
002377  290.821745  18.260647
002378  291.049305  18.260647
002379  291.276865  18.260647
002380  291.504425  18.260647
002381  292.642225  18.260647
002382  292.869785  18.260647
002383  293.097345  18.260647
002384  293.324905  18.260647
002385  293.552465  18.260647
002386  293.780025  18.260647
002387  294.007585  18.260647
002388  294.235145  18.260647
002389  294.462705  18.260647
002390  294.690265  18.260647
002391  294.917826  18.260647
002392  295.145386  18.260647
002393  295.372946  18.260647
002394  296.738306  18.260647
002395  296.965866  18.260647
002396  297.193426  18.260647
002397  256.329114  18.476484
002398  256.556962  18.476484
002399  256.784810  18.476484
002400  257.012658  18.476484
002401  257.240506  18.476484
002402  257.468354  18.476484
002403  257.696203  18.476484
002404  257.924051  18.476484
002405  258.151899  18.476484
002406  258.379747  18.476484
002407  258.607595  18.476484
002408  258.835443  18.476484
002409  259.063291  18.476484
002410  259.291139  18.476484
002411  259.518987  18.476484
002412  259.746835  18.476484
002413  259.974684  18.476484
002414  260.202532  18.476484
002415  260.430380  18.476484
002416  260.658228  18.476484
002417  260.886076  18.476484
002418  261.113924  18.476484
002419  261.341772  18.476484
002420  261.569620  18.476484
002421  261.797468  18.476484
002422  262.025316  18.476484
002423  262.253165  18.476484
002424  262.481013  18.476484
002425  262.708861  18.476484
002426  262.936709  18.476484
002427  263.164557  18.476484
002428  263.392405  18.476484
002429  263.620253  18.476484
002430  263.848101  18.476484
002431  264.075949  18.476484
002432  264.303797  18.476484
002433  264.531646  18.476484
002434  264.759494  18.476484
002435  264.987342  18.476484
002436  265.215190  18.476484
002437  265.443038  18.476484
002438  265.898734  18.476484
002439  266.126582  18.476484
002440  266.354430  18.476484
002441  266.582278  18.476484
002442  266.810127  18.476484
002443  267.037975  18.476484
002444  267.265823  18.476484
002445  267.493671  18.476484
002446  267.721519  18.476484
002447  267.949367  18.476484
002448  268.177215  18.476484
002449  268.405063  18.476484
002450  268.632911  18.476484
002451  268.860759  18.476484
002452  269.088608  18.476484
002453  269.316456  18.476484
002454  269.544304  18.476484
002455  269.772152  18.476484
002456  270.000000  18.476484
002457  270.227848  18.476484
002458  270.455696  18.476484
002459  270.683544  18.476484
002460  270.911392  18.476484
002461  271.139241  18.476484
002462  271.367089  18.476484
002463  271.594937  18.476484
002464  271.822785  18.476484
002465  272.050633  18.476484
002466  272.278481  18.476484
002467  281.620253  18.476484
002468  281.848101  18.476484
002469  282.075949  18.476484
002470  282.303797  18.476484
002471  282.531646  18.476484
002472  282.759494  18.476484
002473  282.987342  18.476484
002474  283.215190  18.476484
002475  283.443038  18.476484
002476  285.493671  18.476484
002477  285.721519  18.476484
002478  285.949367  18.476484
002479  286.177215  18.476484
002480  286.405063  18.476484
002481  286.632911  18.476484
002482  286.860759  18.476484
002483  287.088608  18.476484
002484  287.316456  18.476484
002485  287.544304  18.476484
002486  287.772152  18.476484
002487  288.000000  18.476484
002488  288.227848  18.476484
002489  288.455696  18.476484
002490  288.683544  18.476484
002491  288.911392  18.476484
002492  289.139241  18.476484
002493  289.367089  18.476484
002494  289.594937  18.476484
002495  289.822785  18.476484
002496  290.050633  18.476484
002497  290.278481  18.476484
002498  290.506329  18.476484
002499  290.734177  18.476484
002500  290.962025  18.476484
002501  291.189873  18.476484
002502  291.417722  18.476484
002503  291.645570  18.476484
002504  292.784810  18.476484
002505  293.012658  18.476484
002506  293.240506  18.476484
002507  293.468354  18.476484
002508  293.696203  18.476484
002509  293.924051  18.476484
002510  294.151899  18.476484
002511  294.379747  18.476484
002512  294.607595  18.476484
002513  294.835443  18.476484
002514  295.063291  18.476484
002515  295.291139  18.476484
002516  295.518987  18.476484
002517  296.886076  18.476484
002518  297.113924  18.476484
002519  255.969582  18.692322
002520  256.197719  18.692322
002521  256.425856  18.692322
002522  256.653992  18.692322
002523  256.882129  18.692322
002524  257.110266  18.692322
002525  257.338403  18.692322
002526  257.566540  18.692322
002527  257.794677  18.692322
002528  258.022814  18.692322
002529  258.250951  18.692322
002530  258.479087  18.692322
002531  258.707224  18.692322
002532  258.935361  18.692322
002533  259.163498  18.692322
002534  259.391635  18.692322
002535  259.619772  18.692322
002536  259.847909  18.692322
002537  260.076046  18.692322
002538  260.304183  18.692322
002539  260.532319  18.692322
002540  260.760456  18.692322
002541  260.988593  18.692322
002542  261.216730  18.692322
002543  261.444867  18.692322
002544  261.673004  18.692322
002545  261.901141  18.692322
002546  262.129278  18.692322
002547  262.357414  18.692322
002548  262.585551  18.692322
002549  262.813688  18.692322
002550  263.041825  18.692322
002551  263.269962  18.692322
002552  263.498099  18.692322
002553  263.726236  18.692322
002554  263.954373  18.692322
002555  264.182510  18.692322
002556  264.410646  18.692322
002557  264.638783  18.692322
002558  264.866920  18.692322
002559  265.095057  18.692322
002560  265.323194  18.692322
002561  267.148289  18.692322
002562  267.376426  18.692322
002563  267.604563  18.692322
002564  267.832700  18.692322
002565  268.060837  18.692322
002566  268.288973  18.692322
002567  268.517110  18.692322
002568  268.745247  18.692322
002569  268.973384  18.692322
002570  269.201521  18.692322
002571  269.429658  18.692322
002572  269.657795  18.692322
002573  269.885932  18.692322
002574  270.114068  18.692322
002575  270.342205  18.692322
002576  270.570342  18.692322
002577  270.798479  18.692322
002578  271.026616  18.692322
002579  271.254753  18.692322
002580  271.482890  18.692322
002581  271.711027  18.692322
002582  271.939163  18.692322
002583  272.167300  18.692322
002584  272.395437  18.692322
002585  281.977186  18.692322
002586  282.205323  18.692322
002587  282.433460  18.692322
002588  282.661597  18.692322
002589  285.627376  18.692322
002590  285.855513  18.692322
002591  286.083650  18.692322
002592  286.311787  18.692322
002593  286.539924  18.692322
002594  286.768061  18.692322
002595  286.996198  18.692322
002596  287.224335  18.692322
002597  287.452471  18.692322
002598  287.680608  18.692322
002599  287.908745  18.692322
002600  288.136882  18.692322
002601  288.365019  18.692322
002602  288.593156  18.692322
002603  288.821293  18.692322
002604  289.049430  18.692322
002605  289.277567  18.692322
002606  289.505703  18.692322
002607  289.733840  18.692322
002608  289.961977  18.692322
002609  290.190114  18.692322
002610  290.418251  18.692322
002611  290.646388  18.692322
002612  290.874525  18.692322
002613  291.102662  18.692322
002614  291.330798  18.692322
002615  291.558935  18.692322
002616  291.787072  18.692322
002617  292.927757  18.692322
002618  293.155894  18.692322
002619  293.384030  18.692322
002620  293.612167  18.692322
002621  204.213198  18.908159
002622  204.441624  18.908159
002623  204.670051  18.908159
002624  255.609137  18.908159
002625  255.837563  18.908159
002626  256.065990  18.908159
002627  256.294416  18.908159
002628  256.522843  18.908159
002629  256.751269  18.908159
002630  256.979695  18.908159
002631  257.208122  18.908159
002632  257.436548  18.908159
002633  257.664975  18.908159
002634  257.893401  18.908159
002635  258.121827  18.908159
002636  258.350254  18.908159
002637  258.578680  18.908159
002638  258.807107  18.908159
002639  259.035533  18.908159
002640  259.263959  18.908159
002641  259.492386  18.908159
002642  259.720812  18.908159
002643  259.949239  18.908159
002644  260.177665  18.908159
002645  260.406091  18.908159
002646  260.634518  18.908159
002647  260.862944  18.908159
002648  261.091371  18.908159
002649  261.319797  18.908159
002650  261.548223  18.908159
002651  261.776650  18.908159
002652  262.005076  18.908159
002653  262.233503  18.908159
002654  262.461929  18.908159
002655  262.690355  18.908159
002656  262.918782  18.908159
002657  263.147208  18.908159
002658  263.375635  18.908159
002659  263.604061  18.908159
002660  263.832487  18.908159
002661  264.060914  18.908159
002662  264.289340  18.908159
002663  264.517766  18.908159
002664  264.746193  18.908159
002665  267.715736  18.908159
002666  267.944162  18.908159
002667  268.172589  18.908159
002668  268.401015  18.908159
002669  268.629442  18.908159
002670  268.857868  18.908159
002671  269.086294  18.908159
002672  269.314721  18.908159
002673  269.543147  18.908159
002674  269.771574  18.908159
002675  270.000000  18.908159
002676  270.228426  18.908159
002677  270.456853  18.908159
002678  270.685279  18.908159
002679  270.913706  18.908159
002680  271.142132  18.908159
002681  271.370558  18.908159
002682  271.598985  18.908159
002683  271.827411  18.908159
002684  272.055838  18.908159
002685  272.284264  18.908159
002686  272.512690  18.908159
002687  286.675127  18.908159
002688  286.903553  18.908159
002689  287.131980  18.908159
002690  287.360406  18.908159
002691  287.588832  18.908159
002692  287.817259  18.908159
002693  288.045685  18.908159
002694  288.274112  18.908159
002695  288.502538  18.908159
002696  288.730964  18.908159
002697  288.959391  18.908159
002698  289.187817  18.908159
002699  289.416244  18.908159
002700  289.644670  18.908159
002701  289.873096  18.908159
002702  290.101523  18.908159
002703  290.329949  18.908159
002704  290.558376  18.908159
002705  290.786802  18.908159
002706  291.015228  18.908159
002707  291.243655  18.908159
002708  291.472081  18.908159
002709  291.700508  18.908159
002710  166.505718  19.123996
002711  166.734435  19.123996
002712  204.015248  19.123996
002713  204.243964  19.123996
002714  204.472681  19.123996
002715  204.701398  19.123996
002716  204.930114  19.123996
002717  205.158831  19.123996
002718  255.019060  19.123996
002719  255.247776  19.123996
002720  255.476493  19.123996
002721  255.705210  19.123996
002722  255.933926  19.123996
002723  256.162643  19.123996
002724  256.391360  19.123996
002725  256.620076  19.123996
002726  256.848793  19.123996
002727  257.077510  19.123996
002728  257.306226  19.123996
002729  257.534943  19.123996
002730  257.763659  19.123996
002731  257.992376  19.123996
002732  258.221093  19.123996
002733  258.449809  19.123996
002734  258.678526  19.123996
002735  258.907243  19.123996
002736  259.135959  19.123996
002737  259.364676  19.123996
002738  259.593393  19.123996
002739  259.822109  19.123996
002740  260.050826  19.123996
002741  260.279543  19.123996
002742  260.508259  19.123996
002743  260.736976  19.123996
002744  260.965693  19.123996
002745  261.194409  19.123996
002746  261.423126  19.123996
002747  261.651842  19.123996
002748  261.880559  19.123996
002749  262.109276  19.123996
002750  262.337992  19.123996
002751  262.566709  19.123996
002752  262.795426  19.123996
002753  263.024142  19.123996
002754  263.252859  19.123996
002755  263.481576  19.123996
002756  263.710292  19.123996
002757  263.939009  19.123996
002758  264.167726  19.123996
002759  268.513342  19.123996
002760  268.742058  19.123996
002761  268.970775  19.123996
002762  269.199492  19.123996
002763  269.428208  19.123996
002764  269.656925  19.123996
002765  269.885642  19.123996
002766  270.114358  19.123996
002767  270.343075  19.123996
002768  270.571792  19.123996
002769  270.800508  19.123996
002770  271.029225  19.123996
002771  271.257942  19.123996
002772  271.486658  19.123996
002773  271.715375  19.123996
002774  271.944091  19.123996
002775  272.172808  19.123996
002776  272.401525  19.123996
002777  272.630241  19.123996
002778  286.810673  19.123996
002779  287.039390  19.123996
002780  287.268107  19.123996
002781  287.496823  19.123996
002782  287.725540  19.123996
002783  287.954257  19.123996
002784  288.182973  19.123996
002785  288.411690  19.123996
002786  288.640407  19.123996
002787  288.869123  19.123996
002788  289.097840  19.123996
002789  289.326557  19.123996
002790  289.555273  19.123996
002791  289.783990  19.123996
002792  290.012706  19.123996
002793  290.241423  19.123996
002794  290.470140  19.123996
002795  290.698856  19.123996
002796  290.927573  19.123996
002797  291.156290  19.123996
002798  291.385006  19.123996
002799  166.488550  19.339833
002800  166.717557  19.339833
002801  166.946565  19.339833
002802  204.045802  19.339833
002803  204.274809  19.339833
002804  204.503817  19.339833
002805  204.732824  19.339833
002806  204.961832  19.339833
002807  205.190840  19.339833
002808  254.885496  19.339833
002809  255.114504  19.339833
002810  255.343511  19.339833
002811  255.572519  19.339833
002812  255.801527  19.339833
002813  256.030534  19.339833
002814  256.259542  19.339833
002815  256.488550  19.339833
002816  256.717557  19.339833
002817  256.946565  19.339833
002818  257.175573  19.339833
002819  257.404580  19.339833
002820  257.633588  19.339833
002821  257.862595  19.339833
002822  258.091603  19.339833
002823  258.320611  19.339833
002824  258.549618  19.339833
002825  258.778626  19.339833
002826  259.007634  19.339833
002827  259.236641  19.339833
002828  259.465649  19.339833
002829  259.694656  19.339833
002830  259.923664  19.339833
002831  260.152672  19.339833
002832  260.381679  19.339833
002833  260.610687  19.339833
002834  260.839695  19.339833
002835  261.068702  19.339833
002836  261.297710  19.339833
002837  261.526718  19.339833
002838  261.755725  19.339833
002839  261.984733  19.339833
002840  262.213740  19.339833
002841  262.442748  19.339833
002842  262.671756  19.339833
002843  262.900763  19.339833
002844  263.129771  19.339833
002845  263.358779  19.339833
002846  263.587786  19.339833
002847  263.816794  19.339833
002848  269.083969  19.339833
002849  269.312977  19.339833
002850  269.541985  19.339833
002851  269.770992  19.339833
002852  270.000000  19.339833
002853  270.229008  19.339833
002854  270.458015  19.339833
002855  270.687023  19.339833
002856  270.916031  19.339833
002857  271.145038  19.339833
002858  271.374046  19.339833
002859  271.603053  19.339833
002860  271.832061  19.339833
002861  272.061069  19.339833
002862  272.290076  19.339833
002863  272.519084  19.339833
002864  287.175573  19.339833
002865  287.404580  19.339833
002866  287.633588  19.339833
002867  287.862595  19.339833
002868  288.091603  19.339833
002869  288.320611  19.339833
002870  288.549618  19.339833
002871  288.778626  19.339833
002872  289.007634  19.339833
002873  289.236641  19.339833
002874  289.465649  19.339833
002875  289.694656  19.339833
002876  289.923664  19.339833
002877  290.152672  19.339833
002878  290.381679  19.339833
002879  166.471338  19.555670
002880  166.700637  19.555670
002881  203.847134  19.555670
002882  204.076433  19.555670
002883  204.305732  19.555670
002884  204.535032  19.555670
002885  204.764331  19.555670
002886  204.993631  19.555670
002887  205.222930  19.555670
002888  254.751592  19.555670
002889  254.980892  19.555670
002890  255.210191  19.555670
002891  255.439490  19.555670
002892  255.668790  19.555670
002893  255.898089  19.555670
002894  256.127389  19.555670
002895  256.356688  19.555670
002896  256.585987  19.555670
002897  256.815287  19.555670
002898  257.044586  19.555670
002899  257.273885  19.555670
002900  257.503185  19.555670
002901  257.732484  19.555670
002902  257.961783  19.555670
002903  258.191083  19.555670
002904  258.420382  19.555670
002905  258.649682  19.555670
002906  258.878981  19.555670
002907  259.108280  19.555670
002908  259.337580  19.555670
002909  259.566879  19.555670
002910  259.796178  19.555670
002911  260.025478  19.555670
002912  260.254777  19.555670
002913  260.484076  19.555670
002914  260.713376  19.555670
002915  260.942675  19.555670
002916  261.171975  19.555670
002917  261.401274  19.555670
002918  261.630573  19.555670
002919  261.859873  19.555670
002920  262.089172  19.555670
002921  262.318471  19.555670
002922  262.547771  19.555670
002923  262.777070  19.555670
002924  263.006369  19.555670
002925  263.235669  19.555670
002926  263.464968  19.555670
002927  263.694268  19.555670
002928  269.197452  19.555670
002929  269.426752  19.555670
002930  269.656051  19.555670
002931  269.885350  19.555670
002932  270.114650  19.555670
002933  270.343949  19.555670
002934  270.573248  19.555670
002935  270.802548  19.555670
002936  271.031847  19.555670
002937  271.261146  19.555670
002938  271.490446  19.555670
002939  271.719745  19.555670
002940  271.949045  19.555670
002941  272.178344  19.555670
002942  272.407643  19.555670
002943  272.636943  19.555670
002944  286.624204  19.555670
002945  286.853503  19.555670
002946  287.082803  19.555670
002947  287.312102  19.555670
002948  287.541401  19.555670
002949  287.770701  19.555670
002950  288.000000  19.555670
002951  288.229299  19.555670
002952  288.458599  19.555670
002953  288.687898  19.555670
002954  288.917197  19.555670
002955  289.146497  19.555670
002956  289.375796  19.555670
002957  289.605096  19.555670
002958  289.834395  19.555670
002959  290.063694  19.555670
002960  290.292994  19.555670
002961  203.877551  19.771507
002962  204.107143  19.771507
002963  204.336735  19.771507
002964  204.566327  19.771507
002965  204.795918  19.771507
002966  205.025510  19.771507
002967  254.617347  19.771507
002968  254.846939  19.771507
002969  255.076531  19.771507
002970  255.306122  19.771507
002971  255.535714  19.771507
002972  255.765306  19.771507
002973  255.994898  19.771507
002974  256.224490  19.771507
002975  256.454082  19.771507
002976  256.683673  19.771507
002977  256.913265  19.771507
002978  257.142857  19.771507
002979  257.372449  19.771507
002980  257.602041  19.771507
002981  257.831633  19.771507
002982  258.061224  19.771507
002983  258.290816  19.771507
002984  258.520408  19.771507
002985  258.750000  19.771507
002986  258.979592  19.771507
002987  259.209184  19.771507
002988  259.438776  19.771507
002989  259.668367  19.771507
002990  259.897959  19.771507
002991  260.127551  19.771507
002992  260.357143  19.771507
002993  260.586735  19.771507
002994  260.816327  19.771507
002995  261.045918  19.771507
002996  261.275510  19.771507
002997  261.505102  19.771507
002998  261.734694  19.771507
002999  261.964286  19.771507
003000  262.193878  19.771507
003001  262.423469  19.771507
003002  262.653061  19.771507
003003  262.882653  19.771507
003004  263.112245  19.771507
003005  263.341837  19.771507
003006  263.571429  19.771507
003007  263.801020  19.771507
003008  269.311224  19.771507
003009  269.540816  19.771507
003010  269.770408  19.771507
003011  270.000000  19.771507
003012  270.229592  19.771507
003013  270.459184  19.771507
003014  270.688776  19.771507
003015  270.918367  19.771507
003016  271.147959  19.771507
003017  271.377551  19.771507
003018  271.607143  19.771507
003019  271.836735  19.771507
003020  272.066327  19.771507
003021  272.295918  19.771507
003022  272.525510  19.771507
003023  282.397959  19.771507
003024  282.627551  19.771507
003025  282.857143  19.771507
003026  283.086735  19.771507
003027  283.316327  19.771507
003028  283.545918  19.771507
003029  283.775510  19.771507
003030  284.005102  19.771507
003031  284.234694  19.771507
003032  284.464286  19.771507
003033  284.693878  19.771507
003034  284.923469  19.771507
003035  285.153061  19.771507
003036  286.530612  19.771507
003037  286.760204  19.771507
003038  286.989796  19.771507
003039  287.219388  19.771507
003040  287.448980  19.771507
003041  287.678571  19.771507
003042  287.908163  19.771507
003043  288.137755  19.771507
003044  288.367347  19.771507
003045  288.596939  19.771507
003046  288.826531  19.771507
003047  289.056122  19.771507
003048  289.285714  19.771507
003049  289.515306  19.771507
003050  289.744898  19.771507
003051  289.974490  19.771507
003052  290.204082  19.771507
003053  203.908046  19.987345
003054  204.137931  19.987345
003055  204.367816  19.987345
003056  204.597701  19.987345
003057  204.827586  19.987345
003058  254.482759  19.987345
003059  254.712644  19.987345
003060  254.942529  19.987345
003061  255.172414  19.987345
003062  255.402299  19.987345
003063  255.632184  19.987345
003064  255.862069  19.987345
003065  256.091954  19.987345
003066  256.321839  19.987345
003067  256.551724  19.987345
003068  256.781609  19.987345
003069  257.011494  19.987345
003070  257.241379  19.987345
003071  257.471264  19.987345
003072  257.701149  19.987345
003073  257.931034  19.987345
003074  258.160920  19.987345
003075  258.390805  19.987345
003076  258.620690  19.987345
003077  258.850575  19.987345
003078  259.080460  19.987345
003079  259.310345  19.987345
003080  259.540230  19.987345
003081  259.770115  19.987345
003082  260.000000  19.987345
003083  260.229885  19.987345
003084  260.459770  19.987345
003085  260.689655  19.987345
003086  260.919540  19.987345
003087  261.149425  19.987345
003088  261.379310  19.987345
003089  261.609195  19.987345
003090  261.839080  19.987345
003091  262.068966  19.987345
003092  262.298851  19.987345
003093  262.528736  19.987345
003094  262.758621  19.987345
003095  262.988506  19.987345
003096  263.218391  19.987345
003097  263.448276  19.987345
003098  263.678161  19.987345
003099  269.425287  19.987345
003100  269.655172  19.987345
003101  269.885057  19.987345
003102  270.114943  19.987345
003103  270.344828  19.987345
003104  270.574713  19.987345
003105  270.804598  19.987345
003106  271.034483  19.987345
003107  271.264368  19.987345
003108  271.494253  19.987345
003109  271.724138  19.987345
003110  271.954023  19.987345
003111  272.183908  19.987345
003112  272.413793  19.987345
003113  272.643678  19.987345
003114  282.298851  19.987345
003115  282.528736  19.987345
003116  282.758621  19.987345
003117  282.988506  19.987345
003118  283.218391  19.987345
003119  283.448276  19.987345
003120  283.678161  19.987345
003121  283.908046  19.987345
003122  284.137931  19.987345
003123  284.367816  19.987345
003124  284.597701  19.987345
003125  284.827586  19.987345
003126  285.057471  19.987345
003127  285.287356  19.987345
003128  285.517241  19.987345
003129  285.747126  19.987345
003130  286.666667  19.987345
003131  286.896552  19.987345
003132  287.126437  19.987345
003133  287.356322  19.987345
003134  287.586207  19.987345
003135  288.275862  19.987345
003136  288.505747  19.987345
003137  288.735632  19.987345
003138  288.965517  19.987345
003139  289.195402  19.987345
003140  289.425287  19.987345
003141  289.655172  19.987345
003142  203.938619  20.203182
003143  204.168798  20.203182
003144  204.398977  20.203182
003145  204.629156  20.203182
003146  254.347826  20.203182
003147  254.578005  20.203182
003148  254.808184  20.203182
003149  255.038363  20.203182
003150  255.268542  20.203182
003151  255.498721  20.203182
003152  255.728900  20.203182
003153  255.959079  20.203182
003154  256.189258  20.203182
003155  256.419437  20.203182
003156  256.649616  20.203182
003157  256.879795  20.203182
003158  257.109974  20.203182
003159  257.340153  20.203182
003160  257.570332  20.203182
003161  257.800512  20.203182
003162  258.030691  20.203182
003163  258.260870  20.203182
003164  258.491049  20.203182
003165  258.721228  20.203182
003166  258.951407  20.203182
003167  259.181586  20.203182
003168  259.411765  20.203182
003169  259.641944  20.203182
003170  259.872123  20.203182
003171  260.102302  20.203182
003172  260.332481  20.203182
003173  260.562660  20.203182
003174  260.792839  20.203182
003175  261.023018  20.203182
003176  261.253197  20.203182
003177  261.483376  20.203182
003178  261.713555  20.203182
003179  261.943734  20.203182
003180  262.173913  20.203182
003181  262.404092  20.203182
003182  262.634271  20.203182
003183  262.864450  20.203182
003184  263.094629  20.203182
003185  263.324808  20.203182
003186  269.309463  20.203182
003187  269.539642  20.203182
003188  269.769821  20.203182
003189  270.000000  20.203182
003190  270.230179  20.203182
003191  270.460358  20.203182
003192  270.690537  20.203182
003193  270.920716  20.203182
003194  271.150895  20.203182
003195  271.381074  20.203182
003196  271.611253  20.203182
003197  271.841432  20.203182
003198  272.071611  20.203182
003199  272.301790  20.203182
003200  272.531969  20.203182
003201  272.762148  20.203182
003202  272.992327  20.203182
003203  273.222506  20.203182
003204  282.429668  20.203182
003205  282.659847  20.203182
003206  282.890026  20.203182
003207  283.120205  20.203182
003208  283.350384  20.203182
003209  283.580563  20.203182
003210  283.810742  20.203182
003211  284.040921  20.203182
003212  284.271100  20.203182
003213  284.501279  20.203182
003214  284.731458  20.203182
003215  284.961637  20.203182
003216  285.191816  20.203182
003217  285.421995  20.203182
003218  285.652174  20.203182
003219  285.882353  20.203182
003220  203.047375  20.419019
003221  203.277849  20.419019
003222  203.508323  20.419019
003223  203.738796  20.419019
003224  203.969270  20.419019
003225  204.199744  20.419019
003226  254.212548  20.419019
003227  254.443022  20.419019
003228  254.673496  20.419019
003229  254.903969  20.419019
003230  255.134443  20.419019
003231  255.364917  20.419019
003232  255.595391  20.419019
003233  255.825864  20.419019
003234  256.056338  20.419019
003235  256.286812  20.419019
003236  256.517286  20.419019
003237  256.747759  20.419019
003238  256.978233  20.419019
003239  257.208707  20.419019
003240  257.439181  20.419019
003241  257.669654  20.419019
003242  257.900128  20.419019
003243  258.130602  20.419019
003244  258.361076  20.419019
003245  258.591549  20.419019
003246  258.822023  20.419019
003247  259.052497  20.419019
003248  259.282971  20.419019
003249  259.513444  20.419019
003250  259.743918  20.419019
003251  259.974392  20.419019
003252  260.204866  20.419019
003253  260.435339  20.419019
003254  260.665813  20.419019
003255  260.896287  20.419019
003256  261.126761  20.419019
003257  261.357234  20.419019
003258  261.587708  20.419019
003259  261.818182  20.419019
003260  262.048656  20.419019
003261  262.279129  20.419019
003262  262.509603  20.419019
003263  262.740077  20.419019
003264  262.970551  20.419019
003265  263.201024  20.419019
003266  269.423816  20.419019
003267  269.654289  20.419019
003268  269.884763  20.419019
003269  270.115237  20.419019
003270  270.345711  20.419019
003271  270.576184  20.419019
003272  270.806658  20.419019
003273  271.037132  20.419019
003274  271.267606  20.419019
003275  271.498079  20.419019
003276  271.728553  20.419019
003277  271.959027  20.419019
003278  272.189501  20.419019
003279  272.419974  20.419019
003280  272.650448  20.419019
003281  272.880922  20.419019
003282  273.111396  20.419019
003283  273.341869  20.419019
003284  282.560819  20.419019
003285  282.791293  20.419019
003286  283.021767  20.419019
003287  283.252241  20.419019
003288  283.482714  20.419019
003289  283.713188  20.419019
003290  283.943662  20.419019
003291  284.174136  20.419019
003292  284.404609  20.419019
003293  284.635083  20.419019
003294  284.865557  20.419019
003295  285.096031  20.419019
003296  285.326504  20.419019
003297  285.556978  20.419019
003298  285.787452  20.419019
003299  202.976267  20.634856
003300  203.207184  20.634856
003301  203.438101  20.634856
003302  203.669019  20.634856
003303  203.899936  20.634856
003304  204.130853  20.634856
003305  254.239897  20.634856
003306  254.470815  20.634856
003307  254.701732  20.634856
003308  254.932649  20.634856
003309  255.163566  20.634856
003310  255.394484  20.634856
003311  255.625401  20.634856
003312  255.856318  20.634856
003313  256.087235  20.634856
003314  256.318153  20.634856
003315  256.549070  20.634856
003316  256.779987  20.634856
003317  257.010904  20.634856
003318  257.241822  20.634856
003319  257.472739  20.634856
003320  257.703656  20.634856
003321  257.934573  20.634856
003322  258.165491  20.634856
003323  258.396408  20.634856
003324  258.627325  20.634856
003325  258.858242  20.634856
003326  259.089160  20.634856
003327  259.320077  20.634856
003328  259.550994  20.634856
003329  259.781911  20.634856
003330  260.012829  20.634856
003331  260.243746  20.634856
003332  260.474663  20.634856
003333  260.705581  20.634856
003334  260.936498  20.634856
003335  261.167415  20.634856
003336  261.398332  20.634856
003337  261.629250  20.634856
003338  261.860167  20.634856
003339  262.091084  20.634856
003340  262.322001  20.634856
003341  262.552919  20.634856
003342  262.783836  20.634856
003343  263.014753  20.634856
003344  269.480436  20.634856
003345  269.711353  20.634856
003346  269.942271  20.634856
003347  270.173188  20.634856
003348  270.404105  20.634856
003349  270.635022  20.634856
003350  270.865940  20.634856
003351  271.096857  20.634856
003352  271.327774  20.634856
003353  271.558691  20.634856
003354  271.789609  20.634856
003355  272.020526  20.634856
003356  272.251443  20.634856
003357  272.482360  20.634856
003358  272.713278  20.634856
003359  272.944195  20.634856
003360  273.175112  20.634856
003361  281.719051  20.634856
003362  281.949968  20.634856
003363  282.180885  20.634856
003364  282.411802  20.634856
003365  282.642720  20.634856
003366  282.873637  20.634856
003367  283.104554  20.634856
003368  283.335471  20.634856
003369  283.566389  20.634856
003370  283.797306  20.634856
003371  284.028223  20.634856
003372  284.259140  20.634856
003373  284.490058  20.634856
003374  284.720975  20.634856
003375  284.951892  20.634856
003376  285.182809  20.634856
003377  285.413727  20.634856
003378  202.774566  20.850693
003379  203.005780  20.850693
003380  203.236994  20.850693
003381  203.468208  20.850693
003382  203.699422  20.850693
003383  203.930636  20.850693
003384  204.161850  20.850693
003385  254.335260  20.850693
003386  254.566474  20.850693
003387  254.797688  20.850693
003388  255.028902  20.850693
003389  255.260116  20.850693
003390  255.491329  20.850693
003391  255.722543  20.850693
003392  255.953757  20.850693
003393  256.184971  20.850693
003394  256.416185  20.850693
003395  256.647399  20.850693
003396  256.878613  20.850693
003397  257.109827  20.850693
003398  257.341040  20.850693
003399  257.572254  20.850693
003400  257.803468  20.850693
003401  258.034682  20.850693
003402  258.265896  20.850693
003403  258.497110  20.850693
003404  258.728324  20.850693
003405  258.959538  20.850693
003406  259.190751  20.850693
003407  259.421965  20.850693
003408  259.653179  20.850693
003409  259.884393  20.850693
003410  260.115607  20.850693
003411  260.346821  20.850693
003412  260.578035  20.850693
003413  260.809249  20.850693
003414  261.040462  20.850693
003415  261.271676  20.850693
003416  261.502890  20.850693
003417  261.734104  20.850693
003418  261.965318  20.850693
003419  262.196532  20.850693
003420  262.427746  20.850693
003421  262.658960  20.850693
003422  262.890173  20.850693
003423  269.364162  20.850693
003424  269.595376  20.850693
003425  269.826590  20.850693
003426  270.057803  20.850693
003427  270.289017  20.850693
003428  270.520231  20.850693
003429  270.751445  20.850693
003430  270.982659  20.850693
003431  271.213873  20.850693
003432  271.445087  20.850693
003433  271.676301  20.850693
003434  271.907514  20.850693
003435  272.138728  20.850693
003436  272.369942  20.850693
003437  272.601156  20.850693
003438  272.832370  20.850693
003439  273.063584  20.850693
003440  273.294798  20.850693
003441  281.387283  20.850693
003442  281.618497  20.850693
003443  281.849711  20.850693
003444  282.080925  20.850693
003445  282.312139  20.850693
003446  282.543353  20.850693
003447  282.774566  20.850693
003448  283.005780  20.850693
003449  283.236994  20.850693
003450  283.468208  20.850693
003451  283.699422  20.850693
003452  283.930636  20.850693
003453  284.161850  20.850693
003454  284.393064  20.850693
003455  284.624277  20.850693
003456  284.855491  20.850693
003457  285.086705  20.850693
003458  286.242775  20.850693
003459  286.473988  20.850693
003460  286.705202  20.850693
003461  286.936416  20.850693
003462  202.109325  21.066531
003463  202.572347  21.066531
003464  202.803859  21.066531
003465  203.035370  21.066531
003466  203.266881  21.066531
003467  203.498392  21.066531
003468  203.729904  21.066531
003469  254.430868  21.066531
003470  254.662379  21.066531
003471  254.893891  21.066531
003472  255.125402  21.066531
003473  255.356913  21.066531
003474  255.588424  21.066531
003475  255.819936  21.066531
003476  256.051447  21.066531
003477  256.282958  21.066531
003478  256.514469  21.066531
003479  256.745981  21.066531
003480  256.977492  21.066531
003481  257.209003  21.066531
003482  257.440514  21.066531
003483  257.672026  21.066531
003484  257.903537  21.066531
003485  258.135048  21.066531
003486  258.366559  21.066531
003487  258.598071  21.066531
003488  258.829582  21.066531
003489  259.061093  21.066531
003490  259.292605  21.066531
003491  259.524116  21.066531
003492  259.755627  21.066531
003493  259.987138  21.066531
003494  260.218650  21.066531
003495  260.450161  21.066531
003496  260.681672  21.066531
003497  260.913183  21.066531
003498  261.144695  21.066531
003499  261.376206  21.066531
003500  261.607717  21.066531
003501  261.839228  21.066531
003502  262.070740  21.066531
003503  262.302251  21.066531
003504  262.533762  21.066531
003505  262.765273  21.066531
003506  269.479100  21.066531
003507  269.710611  21.066531
003508  269.942122  21.066531
003509  270.173633  21.066531
003510  270.405145  21.066531
003511  270.636656  21.066531
003512  270.868167  21.066531
003513  271.099678  21.066531
003514  271.331190  21.066531
003515  271.562701  21.066531
003516  271.794212  21.066531
003517  272.025723  21.066531
003518  272.257235  21.066531
003519  272.488746  21.066531
003520  272.720257  21.066531
003521  272.951768  21.066531
003522  273.183280  21.066531
003523  273.414791  21.066531
003524  281.286174  21.066531
003525  281.517685  21.066531
003526  281.749196  21.066531
003527  281.980707  21.066531
003528  282.212219  21.066531
003529  282.443730  21.066531
003530  282.675241  21.066531
003531  282.906752  21.066531
003532  283.138264  21.066531
003533  283.369775  21.066531
003534  283.601286  21.066531
003535  283.832797  21.066531
003536  284.064309  21.066531
003537  284.295820  21.066531
003538  284.527331  21.066531
003539  286.147910  21.066531
003540  286.379421  21.066531
003541  286.610932  21.066531
003542  286.842444  21.066531
003543  287.073955  21.066531
003544  201.674179  21.282368
003545  201.905988  21.282368
003546  202.137798  21.282368
003547  202.369607  21.282368
003548  202.601417  21.282368
003549  202.833226  21.282368
003550  203.065035  21.282368
003551  203.296845  21.282368
003552  254.758532  21.282368
003553  254.990341  21.282368
003554  255.222151  21.282368
003555  255.453960  21.282368
003556  255.685769  21.282368
003557  255.917579  21.282368
003558  256.149388  21.282368
003559  256.381198  21.282368
003560  256.613007  21.282368
003561  256.844816  21.282368
003562  257.076626  21.282368
003563  257.308435  21.282368
003564  257.540245  21.282368
003565  257.772054  21.282368
003566  258.003863  21.282368
003567  258.235673  21.282368
003568  258.467482  21.282368
003569  258.699292  21.282368
003570  258.931101  21.282368
003571  259.162910  21.282368
003572  259.394720  21.282368
003573  259.626529  21.282368
003574  259.858339  21.282368
003575  260.090148  21.282368
003576  260.321958  21.282368
003577  260.553767  21.282368
003578  260.785576  21.282368
003579  261.017386  21.282368
003580  261.249195  21.282368
003581  261.481005  21.282368
003582  261.712814  21.282368
003583  261.944623  21.282368
003584  262.176433  21.282368
003585  262.408242  21.282368
003586  262.640052  21.282368
003587  269.826143  21.282368
003588  270.057952  21.282368
003589  270.289762  21.282368
003590  270.521571  21.282368
003591  270.753381  21.282368
003592  270.985190  21.282368
003593  271.216999  21.282368
003594  271.448809  21.282368
003595  271.680618  21.282368
003596  271.912428  21.282368
003597  272.144237  21.282368
003598  272.376046  21.282368
003599  272.607856  21.282368
003600  272.839665  21.282368
003601  273.071475  21.282368
003602  273.303284  21.282368
003603  277.012234  21.282368
003604  277.244044  21.282368
003605  281.416613  21.282368
003606  281.648422  21.282368
003607  281.880232  21.282368
003608  282.112041  21.282368
003609  282.343851  21.282368
003610  282.575660  21.282368
003611  282.807469  21.282368
003612  283.039279  21.282368
003613  283.271088  21.282368
003614  283.502898  21.282368
003615  283.734707  21.282368
003616  283.966516  21.282368
003617  284.198326  21.282368
003618  284.430135  21.282368
003619  286.284610  21.282368
003620  286.516420  21.282368
003621  286.748229  21.282368
003622  286.980039  21.282368
003623  287.211848  21.282368
003624  288.370895  21.282368
003625  288.602704  21.282368
003626  201.600000  21.498205
003627  201.832258  21.498205
003628  202.064516  21.498205
003629  202.296774  21.498205
003630  254.554839  21.498205
003631  254.787097  21.498205
003632  255.019355  21.498205
003633  255.251613  21.498205
003634  255.483871  21.498205
003635  255.716129  21.498205
003636  255.948387  21.498205
003637  256.180645  21.498205
003638  256.412903  21.498205
003639  256.645161  21.498205
003640  256.877419  21.498205
003641  257.109677  21.498205
003642  257.341935  21.498205
003643  257.574194  21.498205
003644  257.806452  21.498205
003645  258.038710  21.498205
003646  258.270968  21.498205
003647  258.503226  21.498205
003648  258.735484  21.498205
003649  258.967742  21.498205
003650  259.200000  21.498205
003651  259.432258  21.498205
003652  259.664516  21.498205
003653  259.896774  21.498205
003654  260.129032  21.498205
003655  260.361290  21.498205
003656  260.593548  21.498205
003657  260.825806  21.498205
003658  261.058065  21.498205
003659  261.290323  21.498205
003660  261.522581  21.498205
003661  261.754839  21.498205
003662  261.987097  21.498205
003663  262.219355  21.498205
003664  262.451613  21.498205
003665  270.116129  21.498205
003666  270.348387  21.498205
003667  270.580645  21.498205
003668  270.812903  21.498205
003669  271.045161  21.498205
003670  271.277419  21.498205
003671  271.509677  21.498205
003672  271.741935  21.498205
003673  271.974194  21.498205
003674  272.206452  21.498205
003675  272.438710  21.498205
003676  272.670968  21.498205
003677  272.903226  21.498205
003678  273.135484  21.498205
003679  276.851613  21.498205
003680  277.083871  21.498205
003681  277.316129  21.498205
003682  277.548387  21.498205
003683  280.335484  21.498205
003684  280.567742  21.498205
003685  280.800000  21.498205
003686  281.032258  21.498205
003687  281.264516  21.498205
003688  281.496774  21.498205
003689  281.729032  21.498205
003690  281.961290  21.498205
003691  282.193548  21.498205
003692  282.425806  21.498205
003693  282.658065  21.498205
003694  282.890323  21.498205
003695  283.122581  21.498205
003696  286.838710  21.498205
003697  287.070968  21.498205
003698  287.303226  21.498205
003699  288.232258  21.498205
003700  288.464516  21.498205
003701  288.696774  21.498205
003702  199.534884  21.714042
003703  199.767442  21.714042
003704  200.000000  21.714042
003705  200.465116  21.714042
003706  200.697674  21.714042
003707  201.627907  21.714042
003708  201.860465  21.714042
003709  202.093023  21.714042
003710  254.418605  21.714042
003711  254.651163  21.714042
003712  254.883721  21.714042
003713  255.116279  21.714042
003714  255.348837  21.714042
003715  255.581395  21.714042
003716  255.813953  21.714042
003717  256.046512  21.714042
003718  256.279070  21.714042
003719  256.511628  21.714042
003720  256.744186  21.714042
003721  256.976744  21.714042
003722  257.209302  21.714042
003723  257.441860  21.714042
003724  257.674419  21.714042
003725  257.906977  21.714042
003726  258.139535  21.714042
003727  258.372093  21.714042
003728  258.604651  21.714042
003729  258.837209  21.714042
003730  259.069767  21.714042
003731  259.302326  21.714042
003732  259.534884  21.714042
003733  259.767442  21.714042
003734  260.000000  21.714042
003735  260.232558  21.714042
003736  260.465116  21.714042
003737  260.697674  21.714042
003738  260.930233  21.714042
003739  261.162791  21.714042
003740  261.395349  21.714042
003741  261.627907  21.714042
003742  261.860465  21.714042
003743  262.093023  21.714042
003744  262.325581  21.714042
003745  271.395349  21.714042
003746  271.627907  21.714042
003747  271.860465  21.714042
003748  272.093023  21.714042
003749  272.325581  21.714042
003750  272.790698  21.714042
003751  273.023256  21.714042
003752  275.581395  21.714042
003753  275.813953  21.714042
003754  276.046512  21.714042
003755  276.744186  21.714042
003756  276.976744  21.714042
003757  277.209302  21.714042
003758  277.441860  21.714042
003759  277.674419  21.714042
003760  279.767442  21.714042
003761  280.000000  21.714042
003762  280.232558  21.714042
003763  280.465116  21.714042
003764  280.697674  21.714042
003765  280.930233  21.714042
003766  281.162791  21.714042
003767  281.395349  21.714042
003768  281.627907  21.714042
003769  281.860465  21.714042
003770  282.093023  21.714042
003771  282.325581  21.714042
003772  282.558140  21.714042
003773  282.790698  21.714042
003774  283.023256  21.714042
003775  286.976744  21.714042
003776  287.209302  21.714042
003777  287.906977  21.714042
003778  288.139535  21.714042
003779  288.372093  21.714042
003780  288.604651  21.714042
003781  199.560155  21.929879
003782  199.793014  21.929879
003783  200.025873  21.929879
003784  200.258732  21.929879
003785  200.491591  21.929879
003786  200.724450  21.929879
003787  254.282018  21.929879
003788  254.514877  21.929879
003789  254.747736  21.929879
003790  254.980595  21.929879
003791  255.213454  21.929879
003792  255.446313  21.929879
003793  255.679172  21.929879
003794  255.912031  21.929879
003795  256.144890  21.929879
003796  256.377749  21.929879
003797  256.610608  21.929879
003798  256.843467  21.929879
003799  257.076326  21.929879
003800  257.309185  21.929879
003801  257.542044  21.929879
003802  257.774903  21.929879
003803  258.007762  21.929879
003804  258.240621  21.929879
003805  258.473480  21.929879
003806  258.706339  21.929879
003807  258.939198  21.929879
003808  259.172057  21.929879
003809  259.404916  21.929879
003810  259.637775  21.929879
003811  259.870634  21.929879
003812  260.103493  21.929879
003813  260.336352  21.929879
003814  260.569211  21.929879
003815  260.802070  21.929879
003816  261.034929  21.929879
003817  261.267788  21.929879
003818  261.500647  21.929879
003819  261.733506  21.929879
003820  261.966365  21.929879
003821  262.199224  21.929879
003822  262.432083  21.929879
003823  275.472186  21.929879
003824  275.705045  21.929879
003825  275.937904  21.929879
003826  276.170763  21.929879
003827  276.869340  21.929879
003828  277.102199  21.929879
003829  277.335058  21.929879
003830  277.567917  21.929879
003831  278.965071  21.929879
003832  279.197930  21.929879
003833  279.430789  21.929879
003834  279.663648  21.929879
003835  279.896507  21.929879
003836  280.129366  21.929879
003837  280.362225  21.929879
003838  280.595084  21.929879
003839  280.827943  21.929879
003840  281.060802  21.929879
003841  281.293661  21.929879
003842  281.526520  21.929879
003843  281.759379  21.929879
003844  281.992238  21.929879
003845  282.225097  21.929879
003846  282.457956  21.929879
003847  287.813713  21.929879
003848  288.046572  21.929879
003849  288.279431  21.929879
003850  199.714841  22.145716
003851  199.948153  22.145716
003852  200.181465  22.145716
003853  200.414776  22.145716
003854  200.648088  22.145716
003855  200.881400  22.145716
003856  254.309786  22.145716
003857  254.543098  22.145716
003858  254.776410  22.145716
003859  255.009721  22.145716
003860  255.243033  22.145716
003861  255.476345  22.145716
003862  255.709657  22.145716
003863  255.942968  22.145716
003864  256.176280  22.145716
003865  256.409592  22.145716
003866  256.642903  22.145716
003867  256.876215  22.145716
003868  257.109527  22.145716
003869  257.342839  22.145716
003870  257.576150  22.145716
003871  257.809462  22.145716
003872  258.042774  22.145716
003873  258.276086  22.145716
003874  258.509397  22.145716
003875  258.742709  22.145716
003876  258.976021  22.145716
003877  259.209332  22.145716
003878  259.442644  22.145716
003879  259.675956  22.145716
003880  259.909268  22.145716
003881  260.142579  22.145716
003882  260.375891  22.145716
003883  260.609203  22.145716
003884  260.842515  22.145716
003885  261.075826  22.145716
003886  261.309138  22.145716
003887  261.542450  22.145716
003888  261.775762  22.145716
003889  262.009073  22.145716
003890  262.242385  22.145716
003891  275.541154  22.145716
003892  275.774465  22.145716
003893  276.007777  22.145716
003894  276.241089  22.145716
003895  276.474401  22.145716
003896  276.707712  22.145716
003897  276.941024  22.145716
003898  277.174336  22.145716
003899  277.874271  22.145716
003900  278.107583  22.145716
003901  278.340894  22.145716
003902  278.574206  22.145716
003903  278.807518  22.145716
003904  279.040830  22.145716
003905  279.274141  22.145716
003906  279.507453  22.145716
003907  279.740765  22.145716
003908  279.974076  22.145716
003909  280.207388  22.145716
003910  280.440700  22.145716
003911  280.674012  22.145716
003912  280.907323  22.145716
003913  281.140635  22.145716
003914  281.373947  22.145716
003915  281.607259  22.145716
003916  281.840570  22.145716
003917  282.073882  22.145716
003918  282.307194  22.145716
003919  285.806870  22.145716
003920  286.040181  22.145716
003921  287.906675  22.145716
003922  288.139987  22.145716
003923  200.207657  22.361554
003924  200.441272  22.361554
003925  200.674886  22.361554
003926  254.172615  22.361554
003927  254.406230  22.361554
003928  254.639844  22.361554
003929  254.873459  22.361554
003930  255.107073  22.361554
003931  255.340688  22.361554
003932  255.574302  22.361554
003933  255.807917  22.361554
003934  256.041531  22.361554
003935  256.275146  22.361554
003936  256.508761  22.361554
003937  256.742375  22.361554
003938  256.975990  22.361554
003939  257.209604  22.361554
003940  257.443219  22.361554
003941  257.676833  22.361554
003942  257.910448  22.361554
003943  258.144062  22.361554
003944  258.377677  22.361554
003945  258.611291  22.361554
003946  258.844906  22.361554
003947  259.078520  22.361554
003948  259.312135  22.361554
003949  259.545750  22.361554
003950  259.779364  22.361554
003951  260.012979  22.361554
003952  260.246593  22.361554
003953  260.480208  22.361554
003954  260.713822  22.361554
003955  260.947437  22.361554
003956  261.181051  22.361554
003957  261.414666  22.361554
003958  261.648280  22.361554
003959  261.881895  22.361554
003960  262.115509  22.361554
003961  262.349124  22.361554
003962  275.431538  22.361554
003963  275.665152  22.361554
003964  275.898767  22.361554
003965  276.132382  22.361554
003966  276.365996  22.361554
003967  276.599611  22.361554
003968  276.833225  22.361554
003969  277.066840  22.361554
003970  277.767683  22.361554
003971  278.001298  22.361554
003972  278.234912  22.361554
003973  278.468527  22.361554
003974  278.702141  22.361554
003975  278.935756  22.361554
003976  279.169371  22.361554
003977  279.402985  22.361554
003978  279.636600  22.361554
003979  279.870214  22.361554
003980  280.103829  22.361554
003981  280.337443  22.361554
003982  280.571058  22.361554
003983  280.804672  22.361554
003984  281.038287  22.361554
003985  281.271901  22.361554
003986  281.505516  22.361554
003987  281.739130  22.361554
003988  281.972745  22.361554
003989  282.206360  22.361554
003990  285.710578  22.361554
003991  285.944192  22.361554
003992  286.177807  22.361554
003993  254.035088  22.577391
003994  254.269006  22.577391
003995  254.502924  22.577391
003996  254.736842  22.577391
003997  254.970760  22.577391
003998  255.204678  22.577391
003999  255.438596  22.577391
004000  255.672515  22.577391
004001  255.906433  22.577391
004002  256.140351  22.577391
004003  256.374269  22.577391
004004  256.608187  22.577391
004005  256.842105  22.577391
004006  257.076023  22.577391
004007  257.309942  22.577391
004008  257.543860  22.577391
004009  257.777778  22.577391
004010  258.011696  22.577391
004011  258.245614  22.577391
004012  258.479532  22.577391
004013  258.713450  22.577391
004014  258.947368  22.577391
004015  259.181287  22.577391
004016  259.415205  22.577391
004017  259.649123  22.577391
004018  259.883041  22.577391
004019  260.116959  22.577391
004020  260.350877  22.577391
004021  260.584795  22.577391
004022  260.818713  22.577391
004023  261.052632  22.577391
004024  261.286550  22.577391
004025  261.520468  22.577391
004026  261.754386  22.577391
004027  261.988304  22.577391
004028  262.222222  22.577391
004029  275.555556  22.577391
004030  275.789474  22.577391
004031  276.023392  22.577391
004032  276.257310  22.577391
004033  276.491228  22.577391
004034  276.725146  22.577391
004035  276.959064  22.577391
004036  277.192982  22.577391
004037  277.426901  22.577391
004038  277.660819  22.577391
004039  277.894737  22.577391
004040  278.128655  22.577391
004041  278.362573  22.577391
004042  278.596491  22.577391
004043  278.830409  22.577391
004044  279.064327  22.577391
004045  279.298246  22.577391
004046  279.532164  22.577391
004047  279.766082  22.577391
004048  280.000000  22.577391
004049  280.233918  22.577391
004050  280.467836  22.577391
004051  280.701754  22.577391
004052  280.935673  22.577391
004053  281.169591  22.577391
004054  285.614035  22.577391
004055  285.847953  22.577391
004056  286.081871  22.577391
004057  249.843750  22.793228
004058  250.078125  22.793228
004059  250.312500  22.793228
004060  253.828125  22.793228
004061  254.062500  22.793228
004062  254.296875  22.793228
004063  254.531250  22.793228
004064  254.765625  22.793228
004065  255.000000  22.793228
004066  255.234375  22.793228
004067  255.468750  22.793228
004068  255.703125  22.793228
004069  255.937500  22.793228
004070  256.171875  22.793228
004071  256.406250  22.793228
004072  256.640625  22.793228
004073  256.875000  22.793228
004074  257.109375  22.793228
004075  257.343750  22.793228
004076  257.578125  22.793228
004077  257.812500  22.793228
004078  258.046875  22.793228
004079  258.281250  22.793228
004080  258.515625  22.793228
004081  258.750000  22.793228
004082  258.984375  22.793228
004083  259.218750  22.793228
004084  259.453125  22.793228
004085  259.687500  22.793228
004086  259.921875  22.793228
004087  260.156250  22.793228
004088  260.390625  22.793228
004089  260.625000  22.793228
004090  260.859375  22.793228
004091  261.093750  22.793228
004092  261.328125  22.793228
004093  261.562500  22.793228
004094  261.796875  22.793228
004095  262.031250  22.793228
004096  262.265625  22.793228
004097  275.859375  22.793228
004098  276.093750  22.793228
004099  276.328125  22.793228
004100  276.562500  22.793228
004101  276.796875  22.793228
004102  277.031250  22.793228
004103  277.265625  22.793228
004104  277.500000  22.793228
004105  277.734375  22.793228
004106  277.968750  22.793228
004107  278.203125  22.793228
004108  278.437500  22.793228
004109  278.671875  22.793228
004110  278.906250  22.793228
004111  279.140625  22.793228
004112  279.375000  22.793228
004113  279.609375  22.793228
004114  279.843750  22.793228
004115  280.078125  22.793228
004116  280.312500  22.793228
004117  285.468750  22.793228
004118  285.703125  22.793228
004119  285.937500  22.793228
004120  249.700130  23.009065
004121  249.934811  23.009065
004122  250.169492  23.009065
004123  250.404172  23.009065
004124  250.638853  23.009065
004125  253.689700  23.009065
004126  253.924381  23.009065
004127  254.159061  23.009065
004128  254.393742  23.009065
004129  254.628422  23.009065
004130  254.863103  23.009065
004131  255.097784  23.009065
004132  255.332464  23.009065
004133  255.567145  23.009065
004134  255.801825  23.009065
004135  256.036506  23.009065
004136  256.271186  23.009065
004137  256.505867  23.009065
004138  256.740548  23.009065
004139  256.975228  23.009065
004140  257.209909  23.009065
004141  257.444589  23.009065
004142  257.679270  23.009065
004143  257.913950  23.009065
004144  258.148631  23.009065
004145  258.383312  23.009065
004146  258.617992  23.009065
004147  258.852673  23.009065
004148  259.087353  23.009065
004149  259.322034  23.009065
004150  259.556714  23.009065
004151  259.791395  23.009065
004152  260.026076  23.009065
004153  260.260756  23.009065
004154  260.495437  23.009065
004155  260.730117  23.009065
004156  260.964798  23.009065
004157  261.199478  23.009065
004158  261.434159  23.009065
004159  261.668840  23.009065
004160  261.903520  23.009065
004161  262.138201  23.009065
004162  262.372881  23.009065
004163  276.219035  23.009065
004164  276.453716  23.009065
004165  276.688396  23.009065
004166  276.923077  23.009065
004167  277.157757  23.009065
004168  277.392438  23.009065
004169  277.627119  23.009065
004170  277.861799  23.009065
004171  278.096480  23.009065
004172  278.331160  23.009065
004173  278.565841  23.009065
004174  278.800522  23.009065
004175  279.035202  23.009065
004176  279.269883  23.009065
004177  279.504563  23.009065
004178  279.739244  23.009065
004179  279.973924  23.009065
004180  280.208605  23.009065
004181  285.606258  23.009065
004182  285.840939  23.009065
004183  249.719138  23.224902
004184  249.954278  23.224902
004185  250.189419  23.224902
004186  250.424559  23.224902
004187  250.659700  23.224902
004188  253.481385  23.224902
004189  253.716525  23.224902
004190  253.951666  23.224902
004191  254.186806  23.224902
004192  254.421946  23.224902
004193  254.657087  23.224902
004194  254.892227  23.224902
004195  255.127368  23.224902
004196  255.362508  23.224902
004197  255.597649  23.224902
004198  255.832789  23.224902
004199  256.067929  23.224902
004200  256.303070  23.224902
004201  256.538210  23.224902
004202  256.773351  23.224902
004203  257.008491  23.224902
004204  257.243632  23.224902
004205  257.478772  23.224902
004206  257.713912  23.224902
004207  257.949053  23.224902
004208  258.184193  23.224902
004209  258.419334  23.224902
004210  258.654474  23.224902
004211  258.889615  23.224902
004212  259.124755  23.224902
004213  259.359895  23.224902
004214  259.595036  23.224902
004215  259.830176  23.224902
004216  260.065317  23.224902
004217  260.300457  23.224902
004218  260.535598  23.224902
004219  260.770738  23.224902
004220  261.005879  23.224902
004221  261.241019  23.224902
004222  261.476159  23.224902
004223  261.711300  23.224902
004224  261.946440  23.224902
004225  262.181581  23.224902
004226  262.416721  23.224902
004227  276.995428  23.224902
004228  277.230568  23.224902
004229  277.465709  23.224902
004230  277.700849  23.224902
004231  277.935990  23.224902
004232  278.171130  23.224902
004233  278.406270  23.224902
004234  278.641411  23.224902
004235  278.876551  23.224902
004236  279.111692  23.224902
004237  279.346832  23.224902
004238  279.581973  23.224902
004239  279.817113  23.224902
004240  280.052253  23.224902
004241  249.574886  23.440740
004242  249.810334  23.440740
004243  250.045782  23.440740
004244  250.281230  23.440740
004245  250.516678  23.440740
004246  250.752126  23.440740
004247  253.342054  23.440740
004248  253.577502  23.440740
004249  253.812950  23.440740
004250  254.048398  23.440740
004251  254.283846  23.440740
004252  254.519294  23.440740
004253  254.754742  23.440740
004254  254.990190  23.440740
004255  255.225638  23.440740
004256  255.461086  23.440740
004257  255.696534  23.440740
004258  255.931982  23.440740
004259  256.167430  23.440740
004260  256.402878  23.440740
004261  256.638326  23.440740
004262  256.873774  23.440740
004263  257.109222  23.440740
004264  257.344670  23.440740
004265  257.580118  23.440740
004266  257.815566  23.440740
004267  258.051014  23.440740
004268  258.286462  23.440740
004269  258.521910  23.440740
004270  258.757358  23.440740
004271  258.992806  23.440740
004272  259.228254  23.440740
004273  259.463702  23.440740
004274  259.699150  23.440740
004275  259.934598  23.440740
004276  260.170046  23.440740
004277  260.405494  23.440740
004278  260.640942  23.440740
004279  260.876390  23.440740
004280  261.111838  23.440740
004281  261.347286  23.440740
004282  261.582734  23.440740
004283  261.818182  23.440740
004284  262.053630  23.440740
004285  262.289078  23.440740
004286  283.950294  23.440740
004287  284.185742  23.440740
004288  249.357798  23.656577
004289  249.593709  23.656577
004290  249.829620  23.656577
004291  250.065531  23.656577
004292  250.301442  23.656577
004293  250.537353  23.656577
004294  253.132372  23.656577
004295  253.368283  23.656577
004296  253.604194  23.656577
004297  253.840105  23.656577
004298  254.076016  23.656577
004299  254.311927  23.656577
004300  254.547837  23.656577
004301  254.783748  23.656577
004302  255.019659  23.656577
004303  255.255570  23.656577
004304  255.491481  23.656577
004305  255.727392  23.656577
004306  255.963303  23.656577
004307  256.199214  23.656577
004308  256.435125  23.656577
004309  256.671035  23.656577
004310  256.906946  23.656577
004311  257.142857  23.656577
004312  257.378768  23.656577
004313  257.614679  23.656577
004314  257.850590  23.656577
004315  258.086501  23.656577
004316  258.322412  23.656577
004317  258.558322  23.656577
004318  258.794233  23.656577
004319  259.030144  23.656577
004320  259.266055  23.656577
004321  259.501966  23.656577
004322  259.737877  23.656577
004323  259.973788  23.656577
004324  260.209699  23.656577
004325  260.445609  23.656577
004326  260.681520  23.656577
004327  260.917431  23.656577
004328  261.153342  23.656577
004329  261.389253  23.656577
004330  261.625164  23.656577
004331  261.861075  23.656577
004332  262.096986  23.656577
004333  262.332896  23.656577
004334  282.149410  23.656577
004335  282.385321  23.656577
004336  283.800786  23.656577
004337  284.036697  23.656577
004338  284.272608  23.656577
004339  248.976378  23.872414
004340  249.212598  23.872414
004341  249.448819  23.872414
004342  249.685039  23.872414
004343  249.921260  23.872414
004344  250.157480  23.872414
004345  250.393701  23.872414
004346  252.992126  23.872414
004347  253.228346  23.872414
004348  253.464567  23.872414
004349  253.700787  23.872414
004350  253.937008  23.872414
004351  254.173228  23.872414
004352  254.409449  23.872414
004353  254.645669  23.872414
004354  254.881890  23.872414
004355  255.118110  23.872414
004356  255.354331  23.872414
004357  255.590551  23.872414
004358  255.826772  23.872414
004359  256.062992  23.872414
004360  256.299213  23.872414
004361  256.535433  23.872414
004362  256.771654  23.872414
004363  257.007874  23.872414
004364  257.244094  23.872414
004365  257.480315  23.872414
004366  257.716535  23.872414
004367  257.952756  23.872414
004368  258.188976  23.872414
004369  258.425197  23.872414
004370  258.661417  23.872414
004371  258.897638  23.872414
004372  259.133858  23.872414
004373  259.370079  23.872414
004374  259.606299  23.872414
004375  259.842520  23.872414
004376  260.078740  23.872414
004377  260.314961  23.872414
004378  260.551181  23.872414
004379  260.787402  23.872414
004380  261.023622  23.872414
004381  261.259843  23.872414
004382  261.496063  23.872414
004383  261.732283  23.872414
004384  261.968504  23.872414
004385  262.204724  23.872414
004386  262.440945  23.872414
004387  282.047244  23.872414
004388  282.283465  23.872414
004389  282.519685  23.872414
004390  283.937008  23.872414
004391  284.173228  23.872414
004392  248.520710  24.088251
004393  248.757396  24.088251
004394  248.994083  24.088251
004395  249.230769  24.088251
004396  249.467456  24.088251
004397  249.704142  24.088251
004398  249.940828  24.088251
004399  250.177515  24.088251
004400  252.544379  24.088251
004401  252.781065  24.088251
004402  253.017751  24.088251
004403  253.254438  24.088251
004404  253.491124  24.088251
004405  253.727811  24.088251
004406  253.964497  24.088251
004407  254.201183  24.088251
004408  254.437870  24.088251
004409  254.674556  24.088251
004410  254.911243  24.088251
004411  255.147929  24.088251
004412  255.384615  24.088251
004413  255.621302  24.088251
004414  255.857988  24.088251
004415  256.094675  24.088251
004416  256.331361  24.088251
004417  256.568047  24.088251
004418  256.804734  24.088251
004419  257.041420  24.088251
004420  257.278107  24.088251
004421  257.514793  24.088251
004422  257.751479  24.088251
004423  257.988166  24.088251
004424  258.224852  24.088251
004425  258.461538  24.088251
004426  258.698225  24.088251
004427  258.934911  24.088251
004428  259.171598  24.088251
004429  259.408284  24.088251
004430  259.644970  24.088251
004431  259.881657  24.088251
004432  260.118343  24.088251
004433  260.355030  24.088251
004434  260.591716  24.088251
004435  260.828402  24.088251
004436  261.065089  24.088251
004437  261.301775  24.088251
004438  261.538462  24.088251
004439  261.775148  24.088251
004440  262.011834  24.088251
004441  262.248521  24.088251
004442  262.485207  24.088251
004443  281.893491  24.088251
004444  282.130178  24.088251
004445  282.366864  24.088251
004446  282.603550  24.088251
004447  248.373930  24.304088
004448  248.610928  24.304088
004449  248.847926  24.304088
004450  249.084924  24.304088
004451  249.321922  24.304088
004452  249.558920  24.304088
004453  249.795918  24.304088
004454  250.032916  24.304088
004455  252.402897  24.304088
004456  252.639895  24.304088
004457  252.876893  24.304088
004458  253.113891  24.304088
004459  253.350889  24.304088
004460  253.587887  24.304088
004461  253.824885  24.304088
004462  254.061883  24.304088
004463  254.298881  24.304088
004464  254.535879  24.304088
004465  254.772877  24.304088
004466  255.009875  24.304088
004467  255.246873  24.304088
004468  255.483871  24.304088
004469  255.720869  24.304088
004470  255.957867  24.304088
004471  256.194865  24.304088
004472  256.431863  24.304088
004473  256.668861  24.304088
004474  256.905859  24.304088
004475  257.142857  24.304088
004476  257.379855  24.304088
004477  257.616853  24.304088
004478  257.853851  24.304088
004479  258.090849  24.304088
004480  258.327847  24.304088
004481  258.564845  24.304088
004482  258.801843  24.304088
004483  259.038841  24.304088
004484  259.275839  24.304088
004485  259.512837  24.304088
004486  259.749835  24.304088
004487  259.986833  24.304088
004488  260.223831  24.304088
004489  260.460829  24.304088
004490  260.697828  24.304088
004491  260.934826  24.304088
004492  261.171824  24.304088
004493  261.408822  24.304088
004494  261.645820  24.304088
004495  261.882818  24.304088
004496  262.119816  24.304088
004497  262.356814  24.304088
004498  281.553654  24.304088
004499  281.790652  24.304088
004500  282.027650  24.304088
004501  282.264648  24.304088
004502  282.501646  24.304088
004503  248.153034  24.519926
004504  248.390501  24.519926
004505  248.627968  24.519926
004506  248.865435  24.519926
004507  249.102902  24.519926
004508  249.340369  24.519926
004509  252.189974  24.519926
004510  252.427441  24.519926
004511  252.664908  24.519926
004512  252.902375  24.519926
004513  253.139842  24.519926
004514  253.377309  24.519926
004515  253.614776  24.519926
004516  253.852243  24.519926
004517  254.089710  24.519926
004518  254.327177  24.519926
004519  254.564644  24.519926
004520  254.802111  24.519926
004521  255.039578  24.519926
004522  255.277045  24.519926
004523  255.514512  24.519926
004524  255.751979  24.519926
004525  255.989446  24.519926
004526  256.226913  24.519926
004527  256.464380  24.519926
004528  256.701847  24.519926
004529  256.939314  24.519926
004530  257.176781  24.519926
004531  257.414248  24.519926
004532  257.651715  24.519926
004533  257.889182  24.519926
004534  258.126649  24.519926
004535  258.364116  24.519926
004536  258.601583  24.519926
004537  258.839050  24.519926
004538  259.076517  24.519926
004539  259.313984  24.519926
004540  259.551451  24.519926
004541  259.788918  24.519926
004542  260.026385  24.519926
004543  260.263852  24.519926
004544  260.501319  24.519926
004545  260.738786  24.519926
004546  260.976253  24.519926
004547  261.213720  24.519926
004548  261.451187  24.519926
004549  261.688654  24.519926
004550  261.926121  24.519926
004551  262.163588  24.519926
004552  262.401055  24.519926
004553  281.398417  24.519926
004554  281.635884  24.519926
004555  281.873351  24.519926
004556  282.110818  24.519926
004557  282.348285  24.519926
004558  247.693325  24.735763
004559  247.931262  24.735763
004560  248.169200  24.735763
004561  248.407138  24.735763
004562  248.645076  24.735763
004563  248.883014  24.735763
004564  249.120952  24.735763
004565  249.358890  24.735763
004566  251.738268  24.735763
004567  251.976206  24.735763
004568  252.214144  24.735763
004569  252.452082  24.735763
004570  252.690020  24.735763
004571  252.927958  24.735763
004572  253.165896  24.735763
004573  253.403833  24.735763
004574  253.641771  24.735763
004575  253.879709  24.735763
004576  254.117647  24.735763
004577  254.355585  24.735763
004578  254.593523  24.735763
004579  254.831461  24.735763
004580  255.069399  24.735763
004581  255.307336  24.735763
004582  255.545274  24.735763
004583  255.783212  24.735763
004584  256.021150  24.735763
004585  256.259088  24.735763
004586  256.497026  24.735763
004587  256.734964  24.735763
004588  256.972902  24.735763
004589  257.210839  24.735763
004590  257.448777  24.735763
004591  257.686715  24.735763
004592  257.924653  24.735763
004593  258.162591  24.735763
004594  258.400529  24.735763
004595  258.638467  24.735763
004596  258.876404  24.735763
004597  259.114342  24.735763
004598  259.352280  24.735763
004599  259.590218  24.735763
004600  259.828156  24.735763
004601  260.066094  24.735763
004602  260.304032  24.735763
004603  260.541970  24.735763
004604  260.779907  24.735763
004605  261.017845  24.735763
004606  261.255783  24.735763
004607  261.493721  24.735763
004608  261.731659  24.735763
004609  261.969597  24.735763
004610  262.207535  24.735763
004611  262.445473  24.735763
004612  281.480502  24.735763
004613  281.718440  24.735763
004614  281.956378  24.735763
004615  282.194316  24.735763
004616  282.432254  24.735763
004617  247.544672  24.951600
004618  247.782925  24.951600
004619  248.021178  24.951600
004620  248.259431  24.951600
004621  248.497684  24.951600
004622  248.735936  24.951600
004623  248.974189  24.951600
004624  249.212442  24.951600
004625  249.450695  24.951600
004626  251.594970  24.951600
004627  251.833223  24.951600
004628  252.071476  24.951600
004629  252.309729  24.951600
004630  252.547981  24.951600
004631  252.786234  24.951600
004632  253.024487  24.951600
004633  253.262740  24.951600
004634  253.500993  24.951600
004635  253.739246  24.951600
004636  253.977498  24.951600
004637  254.215751  24.951600
004638  254.454004  24.951600
004639  254.692257  24.951600
004640  254.930510  24.951600
004641  255.168762  24.951600
004642  255.407015  24.951600
004643  255.645268  24.951600
004644  255.883521  24.951600
004645  256.121774  24.951600
004646  256.360026  24.951600
004647  256.598279  24.951600
004648  256.836532  24.951600
004649  257.074785  24.951600
004650  257.313038  24.951600
004651  257.551291  24.951600
004652  257.789543  24.951600
004653  258.027796  24.951600
004654  258.266049  24.951600
004655  258.504302  24.951600
004656  258.742555  24.951600
004657  258.980807  24.951600
004658  259.219060  24.951600
004659  259.457313  24.951600
004660  259.695566  24.951600
004661  259.933819  24.951600
004662  260.172071  24.951600
004663  260.410324  24.951600
004664  260.648577  24.951600
004665  260.886830  24.951600
004666  261.125083  24.951600
004667  261.363336  24.951600
004668  261.601588  24.951600
004669  261.839841  24.951600
004670  262.078094  24.951600
004671  262.316347  24.951600
004672  278.994044  24.951600
004673  279.232296  24.951600
004674  281.614825  24.951600
004675  281.853077  24.951600
004676  282.091330  24.951600
004677  282.329583  24.951600
004678  247.559682  25.167437
004679  247.798408  25.167437
004680  248.037135  25.167437
004681  248.275862  25.167437
004682  248.514589  25.167437
004683  248.753316  25.167437
004684  248.992042  25.167437
004685  249.230769  25.167437
004686  251.379310  25.167437
004687  251.618037  25.167437
004688  251.856764  25.167437
004689  252.095491  25.167437
004690  252.334218  25.167437
004691  252.572944  25.167437
004692  252.811671  25.167437
004693  253.050398  25.167437
004694  253.289125  25.167437
004695  253.527851  25.167437
004696  253.766578  25.167437
004697  254.005305  25.167437
004698  254.244032  25.167437
004699  254.482759  25.167437
004700  254.721485  25.167437
004701  254.960212  25.167437
004702  255.198939  25.167437
004703  255.437666  25.167437
004704  255.676393  25.167437
004705  255.915119  25.167437
004706  256.153846  25.167437
004707  256.392573  25.167437
004708  256.631300  25.167437
004709  256.870027  25.167437
004710  257.108753  25.167437
004711  257.347480  25.167437
004712  257.586207  25.167437
004713  257.824934  25.167437
004714  258.063660  25.167437
004715  258.302387  25.167437
004716  258.541114  25.167437
004717  258.779841  25.167437
004718  259.018568  25.167437
004719  259.257294  25.167437
004720  259.496021  25.167437
004721  259.734748  25.167437
004722  259.973475  25.167437
004723  260.212202  25.167437
004724  260.450928  25.167437
004725  260.689655  25.167437
004726  260.928382  25.167437
004727  261.167109  25.167437
004728  261.405836  25.167437
004729  261.644562  25.167437
004730  261.883289  25.167437
004731  262.122016  25.167437
004732  262.360743  25.167437
004733  262.599469  25.167437
004734  262.838196  25.167437
004735  278.832891  25.167437
004736  279.071618  25.167437
004737  279.310345  25.167437
004738  279.549072  25.167437
004739  279.787798  25.167437
004740  281.697613  25.167437
004741  281.936340  25.167437
004742  283.368700  25.167437
004743  283.607427  25.167437
004744  247.813953  25.383274
004745  248.053156  25.383274
004746  248.292359  25.383274
004747  248.531561  25.383274
004748  248.770764  25.383274
004749  249.009967  25.383274
004750  250.923588  25.383274
004751  251.162791  25.383274
004752  251.401993  25.383274
004753  251.641196  25.383274
004754  251.880399  25.383274
004755  252.119601  25.383274
004756  252.358804  25.383274
004757  252.598007  25.383274
004758  252.837209  25.383274
004759  253.076412  25.383274
004760  253.315615  25.383274
004761  253.554817  25.383274
004762  253.794020  25.383274
004763  254.033223  25.383274
004764  254.272425  25.383274
004765  254.511628  25.383274
004766  254.750831  25.383274
004767  254.990033  25.383274
004768  255.229236  25.383274
004769  255.468439  25.383274
004770  255.707641  25.383274
004771  255.946844  25.383274
004772  256.186047  25.383274
004773  256.425249  25.383274
004774  256.664452  25.383274
004775  256.903654  25.383274
004776  257.142857  25.383274
004777  257.382060  25.383274
004778  257.621262  25.383274
004779  257.860465  25.383274
004780  258.099668  25.383274
004781  258.338870  25.383274
004782  258.578073  25.383274
004783  258.817276  25.383274
004784  259.056478  25.383274
004785  259.295681  25.383274
004786  259.534884  25.383274
004787  259.774086  25.383274
004788  260.013289  25.383274
004789  260.252492  25.383274
004790  260.491694  25.383274
004791  260.730897  25.383274
004792  260.970100  25.383274
004793  261.209302  25.383274
004794  261.448505  25.383274
004795  261.687708  25.383274
004796  261.926910  25.383274
004797  262.166113  25.383274
004798  262.405316  25.383274
004799  262.644518  25.383274
004800  262.883721  25.383274
004801  278.671096  25.383274
004802  278.910299  25.383274
004803  279.149502  25.383274
004804  279.388704  25.383274
004805  279.627907  25.383274
004806  279.867110  25.383274
004807  283.215947  25.383274
004808  283.455150  25.383274
004809  283.694352  25.383274
004810  247.664671  25.599111
004811  247.904192  25.599111
004812  248.143713  25.599111
004813  248.383234  25.599111
004814  248.622754  25.599111
004815  248.862275  25.599111
004816  250.778443  25.599111
004817  251.017964  25.599111
004818  251.257485  25.599111
004819  251.497006  25.599111
004820  251.736527  25.599111
004821  251.976048  25.599111
004822  252.215569  25.599111
004823  252.455090  25.599111
004824  252.694611  25.599111
004825  252.934132  25.599111
004826  253.173653  25.599111
004827  253.413174  25.599111
004828  253.652695  25.599111
004829  253.892216  25.599111
004830  254.131737  25.599111
004831  254.371257  25.599111
004832  254.610778  25.599111
004833  254.850299  25.599111
004834  255.089820  25.599111
004835  255.329341  25.599111
004836  255.568862  25.599111
004837  255.808383  25.599111
004838  256.047904  25.599111
004839  256.287425  25.599111
004840  256.526946  25.599111
004841  256.766467  25.599111
004842  257.005988  25.599111
004843  257.245509  25.599111
004844  257.485030  25.599111
004845  257.724551  25.599111
004846  257.964072  25.599111
004847  258.203593  25.599111
004848  258.443114  25.599111
004849  258.682635  25.599111
004850  258.922156  25.599111
004851  259.161677  25.599111
004852  259.401198  25.599111
004853  259.640719  25.599111
004854  259.880240  25.599111
004855  260.119760  25.599111
004856  260.359281  25.599111
004857  260.598802  25.599111
004858  260.838323  25.599111
004859  261.077844  25.599111
004860  261.317365  25.599111
004861  261.556886  25.599111
004862  261.796407  25.599111
004863  262.035928  25.599111
004864  262.275449  25.599111
004865  262.514970  25.599111
004866  262.754491  25.599111
004867  262.994012  25.599111
004868  278.562874  25.599111
004869  278.802395  25.599111
004870  279.041916  25.599111
004871  279.281437  25.599111
004872  279.520958  25.599111
004873  279.760479  25.599111
004874  283.353293  25.599111
004875  283.592814  25.599111
004876  247.680000  25.814949
004877  247.920000  25.814949
004878  248.160000  25.814949
004879  248.400000  25.814949
004880  248.640000  25.814949
004881  248.880000  25.814949
004882  249.120000  25.814949
004883  250.560000  25.814949
004884  250.800000  25.814949
004885  251.040000  25.814949
004886  251.280000  25.814949
004887  251.520000  25.814949
004888  251.760000  25.814949
004889  252.000000  25.814949
004890  252.240000  25.814949
004891  252.480000  25.814949
004892  252.720000  25.814949
004893  252.960000  25.814949
004894  253.200000  25.814949
004895  253.440000  25.814949
004896  253.680000  25.814949
004897  253.920000  25.814949
004898  254.160000  25.814949
004899  254.400000  25.814949
004900  254.640000  25.814949
004901  254.880000  25.814949
004902  255.120000  25.814949
004903  255.360000  25.814949
004904  255.600000  25.814949
004905  255.840000  25.814949
004906  256.080000  25.814949
004907  256.320000  25.814949
004908  256.560000  25.814949
004909  256.800000  25.814949
004910  257.040000  25.814949
004911  257.280000  25.814949
004912  257.520000  25.814949
004913  257.760000  25.814949
004914  258.000000  25.814949
004915  258.240000  25.814949
004916  258.480000  25.814949
004917  258.720000  25.814949
004918  258.960000  25.814949
004919  259.200000  25.814949
004920  259.440000  25.814949
004921  259.680000  25.814949
004922  259.920000  25.814949
004923  260.160000  25.814949
004924  260.400000  25.814949
004925  260.640000  25.814949
004926  260.880000  25.814949
004927  261.120000  25.814949
004928  261.360000  25.814949
004929  261.600000  25.814949
004930  261.840000  25.814949
004931  262.080000  25.814949
004932  262.320000  25.814949
004933  262.560000  25.814949
004934  262.800000  25.814949
004935  263.040000  25.814949
004936  278.160000  25.814949
004937  278.400000  25.814949
004938  278.640000  25.814949
004939  278.880000  25.814949
004940  279.120000  25.814949
004941  279.360000  25.814949
004942  279.600000  25.814949
004943  279.840000  25.814949
004944  247.695391  26.030786
004945  247.935872  26.030786
004946  248.176353  26.030786
004947  248.416834  26.030786
004948  248.657315  26.030786
004949  248.897796  26.030786
004950  249.138277  26.030786
004951  250.340681  26.030786
004952  250.581162  26.030786
004953  250.821643  26.030786
004954  251.062124  26.030786
004955  251.302605  26.030786
004956  251.543086  26.030786
004957  251.783567  26.030786
004958  252.024048  26.030786
004959  252.264529  26.030786
004960  252.505010  26.030786
004961  252.745491  26.030786
004962  252.985972  26.030786
004963  253.226453  26.030786
004964  253.466934  26.030786
004965  253.707415  26.030786
004966  253.947896  26.030786
004967  254.188377  26.030786
004968  254.428858  26.030786
004969  254.669339  26.030786
004970  254.909820  26.030786
004971  255.150301  26.030786
004972  255.390782  26.030786
004973  255.631263  26.030786
004974  255.871743  26.030786
004975  256.112224  26.030786
004976  256.352705  26.030786
004977  256.593186  26.030786
004978  256.833667  26.030786
004979  257.074148  26.030786
004980  257.314629  26.030786
004981  257.555110  26.030786
004982  257.795591  26.030786
004983  258.036072  26.030786
004984  258.276553  26.030786
004985  258.517034  26.030786
004986  258.757515  26.030786
004987  258.997996  26.030786
004988  259.238477  26.030786
004989  259.478958  26.030786
004990  259.719439  26.030786
004991  259.959920  26.030786
004992  260.200401  26.030786
004993  260.440882  26.030786
004994  260.681363  26.030786
004995  260.921844  26.030786
004996  261.162325  26.030786
004997  261.402806  26.030786
004998  261.643287  26.030786
004999  261.883768  26.030786
005000  262.124248  26.030786
005001  262.364729  26.030786
005002  262.605210  26.030786
005003  262.845691  26.030786
005004  263.086172  26.030786
005005  277.995992  26.030786
005006  278.236473  26.030786
005007  278.476954  26.030786
005008  278.717435  26.030786
005009  278.957916  26.030786
005010  279.198397  26.030786
005011  279.438878  26.030786
005012  279.679359  26.030786
005013  279.919840  26.030786
005014  247.228916  26.246623
005015  247.469880  26.246623
005016  247.710843  26.246623
005017  247.951807  26.246623
005018  248.192771  26.246623
005019  248.433735  26.246623
005020  248.674699  26.246623
005021  248.915663  26.246623
005022  250.361446  26.246623
005023  250.602410  26.246623
005024  250.843373  26.246623
005025  251.084337  26.246623
005026  251.325301  26.246623
005027  251.566265  26.246623
005028  251.807229  26.246623
005029  252.048193  26.246623
005030  252.289157  26.246623
005031  252.530120  26.246623
005032  252.771084  26.246623
005033  253.012048  26.246623
005034  253.253012  26.246623
005035  253.493976  26.246623
005036  253.734940  26.246623
005037  253.975904  26.246623
005038  254.216867  26.246623
005039  254.457831  26.246623
005040  254.698795  26.246623
005041  254.939759  26.246623
005042  255.180723  26.246623
005043  255.421687  26.246623
005044  255.662651  26.246623
005045  255.903614  26.246623
005046  256.144578  26.246623
005047  256.385542  26.246623
005048  256.626506  26.246623
005049  256.867470  26.246623
005050  257.108434  26.246623
005051  257.349398  26.246623
005052  257.590361  26.246623
005053  257.831325  26.246623
005054  258.072289  26.246623
005055  258.313253  26.246623
005056  258.554217  26.246623
005057  258.795181  26.246623
005058  259.036145  26.246623
005059  259.277108  26.246623
005060  259.518072  26.246623
005061  259.759036  26.246623
005062  260.000000  26.246623
005063  260.240964  26.246623
005064  260.481928  26.246623
005065  260.722892  26.246623
005066  260.963855  26.246623
005067  261.204819  26.246623
005068  261.445783  26.246623
005069  261.686747  26.246623
005070  261.927711  26.246623
005071  262.168675  26.246623
005072  262.409639  26.246623
005073  262.650602  26.246623
005074  262.891566  26.246623
005075  278.072289  26.246623
005076  278.313253  26.246623
005077  278.554217  26.246623
005078  278.795181  26.246623
005079  279.036145  26.246623
005080  279.277108  26.246623
005081  279.518072  26.246623
005082  279.759036  26.246623
005083  280.000000  26.246623
005084  282.650602  26.246623
005085  282.891566  26.246623
005086  246.836461  26.462460
005087  247.077748  26.462460
005088  247.319035  26.462460
005089  247.560322  26.462460
005090  247.801609  26.462460
005091  248.042895  26.462460
005092  248.284182  26.462460
005093  248.525469  26.462460
005094  248.766756  26.462460
005095  250.697051  26.462460
005096  250.938338  26.462460
005097  251.179625  26.462460
005098  251.420912  26.462460
005099  251.662198  26.462460
005100  251.903485  26.462460
005101  252.144772  26.462460
005102  252.386059  26.462460
005103  252.627346  26.462460
005104  252.868633  26.462460
005105  253.109920  26.462460
005106  253.351206  26.462460
005107  253.592493  26.462460
005108  253.833780  26.462460
005109  254.075067  26.462460
005110  254.316354  26.462460
005111  254.557641  26.462460
005112  254.798928  26.462460
005113  255.040214  26.462460
005114  255.281501  26.462460
005115  255.522788  26.462460
005116  255.764075  26.462460
005117  256.005362  26.462460
005118  256.246649  26.462460
005119  256.487936  26.462460
005120  256.729223  26.462460
005121  256.970509  26.462460
005122  257.211796  26.462460
005123  257.453083  26.462460
005124  257.694370  26.462460
005125  257.935657  26.462460
005126  258.176944  26.462460
005127  258.418231  26.462460
005128  258.659517  26.462460
005129  258.900804  26.462460
005130  259.142091  26.462460
005131  259.383378  26.462460
005132  259.624665  26.462460
005133  259.865952  26.462460
005134  260.107239  26.462460
005135  260.348525  26.462460
005136  260.589812  26.462460
005137  260.831099  26.462460
005138  261.072386  26.462460
005139  261.313673  26.462460
005140  261.554960  26.462460
005141  261.796247  26.462460
005142  262.037534  26.462460
005143  262.278820  26.462460
005144  262.520107  26.462460
005145  262.761394  26.462460
005146  277.721180  26.462460
005147  277.962466  26.462460
005148  278.203753  26.462460
005149  278.445040  26.462460
005150  278.686327  26.462460
005151  278.927614  26.462460
005152  279.168901  26.462460
005153  279.410188  26.462460
005154  279.651475  26.462460
005155  279.892761  26.462460
005156  280.134048  26.462460
005157  281.340483  26.462460
005158  281.581769  26.462460
005159  281.823056  26.462460
005160  282.064343  26.462460
005161  282.546917  26.462460
005162  282.788204  26.462460
005163  283.029491  26.462460
005164  246.366689  26.678297
005165  246.608462  26.678297
005166  246.850235  26.678297
005167  247.092008  26.678297
005168  247.333781  26.678297
005169  247.575554  26.678297
005170  247.817327  26.678297
005171  248.059100  26.678297
005172  248.300873  26.678297
005173  248.542646  26.678297
005174  250.235057  26.678297
005175  250.476830  26.678297
005176  250.718603  26.678297
005177  250.960376  26.678297
005178  251.202149  26.678297
005179  251.443922  26.678297
005180  251.685695  26.678297
005181  251.927468  26.678297
005182  252.169241  26.678297
005183  252.411014  26.678297
005184  252.652787  26.678297
005185  252.894560  26.678297
005186  253.136333  26.678297
005187  253.378106  26.678297
005188  253.619879  26.678297
005189  253.861652  26.678297
005190  254.103425  26.678297
005191  254.345198  26.678297
005192  254.586971  26.678297
005193  254.828744  26.678297
005194  255.070517  26.678297
005195  255.312290  26.678297
005196  255.554063  26.678297
005197  255.795836  26.678297
005198  256.037609  26.678297
005199  256.279382  26.678297
005200  256.521155  26.678297
005201  256.762928  26.678297
005202  257.004701  26.678297
005203  257.246474  26.678297
005204  257.488247  26.678297
005205  257.730020  26.678297
005206  257.971793  26.678297
005207  258.213566  26.678297
005208  258.455339  26.678297
005209  258.697112  26.678297
005210  258.938885  26.678297
005211  259.180658  26.678297
005212  259.422431  26.678297
005213  259.664204  26.678297
005214  259.905977  26.678297
005215  260.147750  26.678297
005216  260.389523  26.678297
005217  260.631296  26.678297
005218  260.873069  26.678297
005219  261.114842  26.678297
005220  261.356615  26.678297
005221  261.598388  26.678297
005222  261.840161  26.678297
005223  262.081934  26.678297
005224  262.323707  26.678297
005225  262.565480  26.678297
005226  277.555406  26.678297
005227  277.797179  26.678297
005228  278.038952  26.678297
005229  278.280725  26.678297
005230  278.522498  26.678297
005231  278.764271  26.678297
005232  279.006044  26.678297
005233  279.247817  26.678297
005234  279.489590  26.678297
005235  279.731363  26.678297
005236  279.973136  26.678297
005237  281.182001  26.678297
005238  281.423774  26.678297
005239  281.665547  26.678297
005240  281.907320  26.678297
005241  282.149093  26.678297
005242  282.632639  26.678297
005243  282.874412  26.678297
005244  245.895020  26.894135
005245  246.137281  26.894135
005246  246.379542  26.894135
005247  246.621803  26.894135
005248  246.864065  26.894135
005249  247.106326  26.894135
005250  247.348587  26.894135
005251  247.590848  26.894135
005252  247.833109  26.894135
005253  248.075370  26.894135
005254  248.317631  26.894135
005255  250.013459  26.894135
005256  250.255720  26.894135
005257  250.497981  26.894135
005258  250.740242  26.894135
005259  250.982503  26.894135
005260  251.224764  26.894135
005261  251.467026  26.894135
005262  251.709287  26.894135
005263  251.951548  26.894135
005264  252.193809  26.894135
005265  252.436070  26.894135
005266  252.678331  26.894135
005267  252.920592  26.894135
005268  253.162853  26.894135
005269  253.405114  26.894135
005270  253.647376  26.894135
005271  253.889637  26.894135
005272  254.131898  26.894135
005273  254.374159  26.894135
005274  254.616420  26.894135
005275  254.858681  26.894135
005276  255.100942  26.894135
005277  255.343203  26.894135
005278  255.585464  26.894135
005279  255.827725  26.894135
005280  256.069987  26.894135
005281  256.312248  26.894135
005282  256.554509  26.894135
005283  256.796770  26.894135
005284  257.039031  26.894135
005285  257.281292  26.894135
005286  257.523553  26.894135
005287  257.765814  26.894135
005288  258.008075  26.894135
005289  258.250336  26.894135
005290  258.492598  26.894135
005291  258.734859  26.894135
005292  258.977120  26.894135
005293  259.219381  26.894135
005294  259.461642  26.894135
005295  259.703903  26.894135
005296  259.946164  26.894135
005297  260.188425  26.894135
005298  260.430686  26.894135
005299  260.672948  26.894135
005300  260.915209  26.894135
005301  261.157470  26.894135
005302  261.399731  26.894135
005303  261.641992  26.894135
005304  261.884253  26.894135
005305  262.126514  26.894135
005306  262.368775  26.894135
005307  262.611036  26.894135
005308  277.631225  26.894135
005309  277.873486  26.894135
005310  278.115747  26.894135
005311  278.358008  26.894135
005312  278.600269  26.894135
005313  278.842530  26.894135
005314  279.084791  26.894135
005315  279.327052  26.894135
005316  279.569314  26.894135
005317  279.811575  26.894135
005318  280.053836  26.894135
005319  281.265141  26.894135
005320  281.507402  26.894135
005321  281.749664  26.894135
005322  281.991925  26.894135
005323  245.664194  27.109972
005324  245.906945  27.109972
005325  246.149697  27.109972
005326  246.392448  27.109972
005327  246.635199  27.109972
005328  246.877950  27.109972
005329  247.120701  27.109972
005330  247.363452  27.109972
005331  247.606204  27.109972
005332  247.848955  27.109972
005333  248.091706  27.109972
005334  249.548213  27.109972
005335  249.790964  27.109972
005336  250.033715  27.109972
005337  250.276467  27.109972
005338  250.519218  27.109972
005339  250.761969  27.109972
005340  251.004720  27.109972
005341  251.247471  27.109972
005342  251.490223  27.109972
005343  251.732974  27.109972
005344  251.975725  27.109972
005345  252.218476  27.109972
005346  252.461227  27.109972
005347  252.703978  27.109972
005348  252.946730  27.109972
005349  253.189481  27.109972
005350  253.432232  27.109972
005351  253.674983  27.109972
005352  253.917734  27.109972
005353  254.160486  27.109972
005354  254.403237  27.109972
005355  254.645988  27.109972
005356  254.888739  27.109972
005357  255.131490  27.109972
005358  255.374241  27.109972
005359  255.616993  27.109972
005360  255.859744  27.109972
005361  256.102495  27.109972
005362  256.345246  27.109972
005363  256.587997  27.109972
005364  256.830748  27.109972
005365  257.073500  27.109972
005366  257.316251  27.109972
005367  257.559002  27.109972
005368  257.801753  27.109972
005369  258.044504  27.109972
005370  258.287256  27.109972
005371  258.530007  27.109972
005372  258.772758  27.109972
005373  259.015509  27.109972
005374  259.258260  27.109972
005375  259.501011  27.109972
005376  259.743763  27.109972
005377  259.986514  27.109972
005378  260.229265  27.109972
005379  260.472016  27.109972
005380  260.714767  27.109972
005381  260.957519  27.109972
005382  261.200270  27.109972
005383  261.443021  27.109972
005384  261.685772  27.109972
005385  261.928523  27.109972
005386  262.171274  27.109972
005387  262.414026  27.109972
005388  262.656777  27.109972
005389  277.464599  27.109972
005390  277.707350  27.109972
005391  277.950101  27.109972
005392  278.192852  27.109972
005393  278.435604  27.109972
005394  278.678355  27.109972
005395  278.921106  27.109972
005396  279.163857  27.109972
005397  279.406608  27.109972
005398  279.649359  27.109972
005399  279.892111  27.109972
005400  245.432432  27.325809
005401  245.675676  27.325809
005402  245.918919  27.325809
005403  246.162162  27.325809
005404  246.405405  27.325809
005405  246.648649  27.325809
005406  246.891892  27.325809
005407  247.135135  27.325809
005408  247.378378  27.325809
005409  247.621622  27.325809
005410  247.864865  27.325809
005411  249.324324  27.325809
005412  249.567568  27.325809
005413  249.810811  27.325809
005414  250.054054  27.325809
005415  250.297297  27.325809
005416  250.540541  27.325809
005417  250.783784  27.325809
005418  251.027027  27.325809
005419  251.270270  27.325809
005420  251.513514  27.325809
005421  251.756757  27.325809
005422  252.000000  27.325809
005423  252.243243  27.325809
005424  252.486486  27.325809
005425  252.729730  27.325809
005426  252.972973  27.325809
005427  253.216216  27.325809
005428  253.459459  27.325809
005429  253.702703  27.325809
005430  253.945946  27.325809
005431  254.189189  27.325809
005432  254.432432  27.325809
005433  254.675676  27.325809
005434  254.918919  27.325809
005435  255.162162  27.325809
005436  255.405405  27.325809
005437  255.648649  27.325809
005438  255.891892  27.325809
005439  256.135135  27.325809
005440  256.378378  27.325809
005441  256.621622  27.325809
005442  256.864865  27.325809
005443  257.108108  27.325809
005444  257.351351  27.325809
005445  257.594595  27.325809
005446  257.837838  27.325809
005447  258.081081  27.325809
005448  258.324324  27.325809
005449  258.567568  27.325809
005450  258.810811  27.325809
005451  259.054054  27.325809
005452  259.297297  27.325809
005453  259.540541  27.325809
005454  259.783784  27.325809
005455  260.027027  27.325809
005456  260.270270  27.325809
005457  260.513514  27.325809
005458  260.756757  27.325809
005459  261.000000  27.325809
005460  261.243243  27.325809
005461  261.486486  27.325809
005462  261.729730  27.325809
005463  261.972973  27.325809
005464  262.216216  27.325809
005465  262.459459  27.325809
005466  262.702703  27.325809
005467  262.945946  27.325809
005468  277.297297  27.325809
005469  277.540541  27.325809
005470  277.783784  27.325809
005471  278.027027  27.325809
005472  278.270270  27.325809
005473  278.513514  27.325809
005474  278.756757  27.325809
005475  279.000000  27.325809
005476  279.243243  27.325809
005477  279.486486  27.325809
005478  279.729730  27.325809
005479  279.972973  27.325809
005480  245.199729  27.541646
005481  245.443466  27.541646
005482  245.687204  27.541646
005483  245.930941  27.541646
005484  246.174678  27.541646
005485  246.418416  27.541646
005486  246.662153  27.541646
005487  246.905890  27.541646
005488  247.149628  27.541646
005489  247.393365  27.541646
005490  247.637102  27.541646
005491  247.880840  27.541646
005492  249.343263  27.541646
005493  249.587001  27.541646
005494  249.830738  27.541646
005495  250.074475  27.541646
005496  250.318213  27.541646
005497  250.561950  27.541646
005498  250.805687  27.541646
005499  251.049425  27.541646
005500  251.293162  27.541646
005501  251.536899  27.541646
005502  251.780636  27.541646
005503  252.024374  27.541646
005504  252.268111  27.541646
005505  252.511848  27.541646
005506  252.755586  27.541646
005507  252.999323  27.541646
005508  253.243060  27.541646
005509  253.486798  27.541646
005510  253.730535  27.541646
005511  253.974272  27.541646
005512  254.218009  27.541646
005513  254.461747  27.541646
005514  254.705484  27.541646
005515  254.949221  27.541646
005516  255.192959  27.541646
005517  255.436696  27.541646
005518  255.680433  27.541646
005519  255.924171  27.541646
005520  256.167908  27.541646
005521  256.411645  27.541646
005522  256.655383  27.541646
005523  256.899120  27.541646
005524  257.142857  27.541646
005525  257.386594  27.541646
005526  257.630332  27.541646
005527  257.874069  27.541646
005528  258.117806  27.541646
005529  258.361544  27.541646
005530  258.605281  27.541646
005531  258.849018  27.541646
005532  259.092756  27.541646
005533  259.336493  27.541646
005534  259.580230  27.541646
005535  259.823968  27.541646
005536  260.067705  27.541646
005537  260.311442  27.541646
005538  260.555179  27.541646
005539  260.798917  27.541646
005540  261.042654  27.541646
005541  261.286391  27.541646
005542  261.530129  27.541646
005543  261.773866  27.541646
005544  262.017603  27.541646
005545  262.261341  27.541646
005546  262.505078  27.541646
005547  262.748815  27.541646
005548  262.992552  27.541646
005549  277.373053  27.541646
005550  277.616791  27.541646
005551  277.860528  27.541646
005552  278.104265  27.541646
005553  278.348003  27.541646
005554  278.591740  27.541646
005555  278.835477  27.541646
005556  279.079215  27.541646
005557  279.322952  27.541646
005558  279.566689  27.541646
005559  279.810427  27.541646
005560  244.966079  27.757483
005561  245.210312  27.757483
005562  245.454545  27.757483
005563  245.698779  27.757483
005564  245.943012  27.757483
005565  246.187246  27.757483
005566  246.431479  27.757483
005567  246.675712  27.757483
005568  246.919946  27.757483
005569  247.164179  27.757483
005570  247.408412  27.757483
005571  247.652646  27.757483
005572  248.873813  27.757483
005573  249.118046  27.757483
005574  249.362280  27.757483
005575  249.606513  27.757483
005576  249.850746  27.757483
005577  250.094980  27.757483
005578  250.339213  27.757483
005579  250.583446  27.757483
005580  250.827680  27.757483
005581  251.071913  27.757483
005582  251.316147  27.757483
005583  251.560380  27.757483
005584  251.804613  27.757483
005585  252.048847  27.757483
005586  252.293080  27.757483
005587  252.537313  27.757483
005588  252.781547  27.757483
005589  253.025780  27.757483
005590  253.270014  27.757483
005591  253.514247  27.757483
005592  253.758480  27.757483
005593  254.002714  27.757483
005594  254.246947  27.757483
005595  254.491180  27.757483
005596  254.735414  27.757483
005597  254.979647  27.757483
005598  255.223881  27.757483
005599  255.468114  27.757483
005600  255.712347  27.757483
005601  255.956581  27.757483
005602  256.200814  27.757483
005603  256.445047  27.757483
005604  256.689281  27.757483
005605  256.933514  27.757483
005606  257.177748  27.757483
005607  257.421981  27.757483
005608  257.666214  27.757483
005609  257.910448  27.757483
005610  258.154681  27.757483
005611  258.398915  27.757483
005612  258.643148  27.757483
005613  258.887381  27.757483
005614  259.131615  27.757483
005615  259.375848  27.757483
005616  259.620081  27.757483
005617  259.864315  27.757483
005618  260.108548  27.757483
005619  260.352782  27.757483
005620  260.597015  27.757483
005621  260.841248  27.757483
005622  261.085482  27.757483
005623  261.329715  27.757483
005624  261.573948  27.757483
005625  261.818182  27.757483
005626  262.062415  27.757483
005627  262.306649  27.757483
005628  262.550882  27.757483
005629  262.795115  27.757483
005630  263.039349  27.757483
005631  277.449118  27.757483
005632  277.693351  27.757483
005633  277.937585  27.757483
005634  278.181818  27.757483
005635  278.426052  27.757483
005636  278.670285  27.757483
005637  278.914518  27.757483
005638  279.158752  27.757483
005639  279.402985  27.757483
005640  279.647218  27.757483
005641  182.445652  27.973320
005642  182.690217  27.973320
005643  244.565217  27.973320
005644  244.809783  27.973320
005645  245.054348  27.973320
005646  245.298913  27.973320
005647  245.543478  27.973320
005648  245.788043  27.973320
005649  246.032609  27.973320
005650  246.277174  27.973320
005651  246.521739  27.973320
005652  246.766304  27.973320
005653  247.010870  27.973320
005654  247.255435  27.973320
005655  248.722826  27.973320
005656  248.967391  27.973320
005657  249.211957  27.973320
005658  249.456522  27.973320
005659  249.701087  27.973320
005660  249.945652  27.973320
005661  250.190217  27.973320
005662  250.434783  27.973320
005663  250.679348  27.973320
005664  250.923913  27.973320
005665  251.168478  27.973320
005666  251.413043  27.973320
005667  251.657609  27.973320
005668  251.902174  27.973320
005669  252.146739  27.973320
005670  252.391304  27.973320
005671  252.635870  27.973320
005672  252.880435  27.973320
005673  253.125000  27.973320
005674  253.369565  27.973320
005675  253.614130  27.973320
005676  253.858696  27.973320
005677  254.103261  27.973320
005678  254.347826  27.973320
005679  254.592391  27.973320
005680  254.836957  27.973320
005681  255.081522  27.973320
005682  255.326087  27.973320
005683  255.570652  27.973320
005684  255.815217  27.973320
005685  256.059783  27.973320
005686  256.304348  27.973320
005687  256.548913  27.973320
005688  256.793478  27.973320
005689  257.038043  27.973320
005690  257.282609  27.973320
005691  257.527174  27.973320
005692  257.771739  27.973320
005693  258.016304  27.973320
005694  258.260870  27.973320
005695  258.505435  27.973320
005696  258.750000  27.973320
005697  258.994565  27.973320
005698  259.239130  27.973320
005699  259.483696  27.973320
005700  259.728261  27.973320
005701  259.972826  27.973320
005702  260.217391  27.973320
005703  260.461957  27.973320
005704  260.706522  27.973320
005705  260.951087  27.973320
005706  261.195652  27.973320
005707  261.440217  27.973320
005708  261.684783  27.973320
005709  261.929348  27.973320
005710  262.173913  27.973320
005711  262.418478  27.973320
005712  262.663043  27.973320
005713  262.907609  27.973320
005714  263.152174  27.973320
005715  277.336957  27.973320
005716  277.581522  27.973320
005717  277.826087  27.973320
005718  278.070652  27.973320
005719  278.315217  27.973320
005720  278.559783  27.973320
005721  278.804348  27.973320
005722  279.048913  27.973320
005723  279.293478  27.973320
005724  279.538043  27.973320
005725  182.328114  28.189158
005726  182.573179  28.189158
005727  182.818244  28.189158
005728  244.574541  28.189158
005729  244.819605  28.189158
005730  245.064670  28.189158
005731  245.554799  28.189158
005732  245.799864  28.189158
005733  246.044929  28.189158
005734  246.289993  28.189158
005735  246.535058  28.189158
005736  246.780123  28.189158
005737  247.025187  28.189158
005738  247.270252  28.189158
005739  248.495575  28.189158
005740  248.740640  28.189158
005741  248.985705  28.189158
005742  249.230769  28.189158
005743  249.475834  28.189158
005744  249.720899  28.189158
005745  249.965963  28.189158
005746  250.211028  28.189158
005747  250.456093  28.189158
005748  250.701157  28.189158
005749  250.946222  28.189158
005750  251.191287  28.189158
005751  251.436351  28.189158
005752  251.681416  28.189158
005753  251.926481  28.189158
005754  252.171545  28.189158
005755  252.416610  28.189158
005756  252.661675  28.189158
005757  252.906739  28.189158
005758  253.151804  28.189158
005759  253.396869  28.189158
005760  253.641933  28.189158
005761  253.886998  28.189158
005762  254.132063  28.189158
005763  254.377127  28.189158
005764  254.622192  28.189158
005765  254.867257  28.189158
005766  255.112321  28.189158
005767  255.357386  28.189158
005768  255.602451  28.189158
005769  255.847515  28.189158
005770  256.092580  28.189158
005771  256.337645  28.189158
005772  256.582709  28.189158
005773  256.827774  28.189158
005774  257.072839  28.189158
005775  257.317903  28.189158
005776  257.562968  28.189158
005777  257.808033  28.189158
005778  258.053097  28.189158
005779  258.298162  28.189158
005780  258.543227  28.189158
005781  258.788291  28.189158
005782  259.033356  28.189158
005783  259.278421  28.189158
005784  259.523485  28.189158
005785  259.768550  28.189158
005786  260.013615  28.189158
005787  260.258679  28.189158
005788  260.503744  28.189158
005789  260.748809  28.189158
005790  260.993873  28.189158
005791  261.238938  28.189158
005792  261.484003  28.189158
005793  261.729067  28.189158
005794  261.974132  28.189158
005795  262.219197  28.189158
005796  262.464261  28.189158
005797  262.709326  28.189158
005798  262.954391  28.189158
005799  263.199455  28.189158
005800  263.444520  28.189158
005801  263.689585  28.189158
005802  277.168142  28.189158
005803  277.413206  28.189158
005804  277.658271  28.189158
005805  277.903336  28.189158
005806  278.148400  28.189158
005807  278.393465  28.189158
005808  278.638530  28.189158
005809  278.883594  28.189158
005810  279.128659  28.189158
005811  279.373724  28.189158
005812  182.455662  28.404995
005813  182.701228  28.404995
005814  244.583902  28.404995
005815  244.829468  28.404995
005816  245.075034  28.404995
005817  245.811733  28.404995
005818  246.057299  28.404995
005819  246.302865  28.404995
005820  246.548431  28.404995
005821  246.793997  28.404995
005822  247.039563  28.404995
005823  247.285130  28.404995
005824  247.530696  28.404995
005825  248.267394  28.404995
005826  248.512960  28.404995
005827  248.758527  28.404995
005828  249.004093  28.404995
005829  249.249659  28.404995
005830  249.495225  28.404995
005831  249.740791  28.404995
005832  249.986357  28.404995
005833  250.231924  28.404995
005834  250.477490  28.404995
005835  250.723056  28.404995
005836  250.968622  28.404995
005837  251.214188  28.404995
005838  251.459754  28.404995
005839  251.705321  28.404995
005840  251.950887  28.404995
005841  252.196453  28.404995
005842  252.442019  28.404995
005843  252.687585  28.404995
005844  252.933151  28.404995
005845  253.178718  28.404995
005846  253.424284  28.404995
005847  253.669850  28.404995
005848  253.915416  28.404995
005849  254.160982  28.404995
005850  254.406548  28.404995
005851  254.652115  28.404995
005852  254.897681  28.404995
005853  255.143247  28.404995
005854  255.388813  28.404995
005855  255.634379  28.404995
005856  255.879945  28.404995
005857  256.125512  28.404995
005858  256.371078  28.404995
005859  256.616644  28.404995
005860  256.862210  28.404995
005861  257.107776  28.404995
005862  257.353342  28.404995
005863  257.598909  28.404995
005864  257.844475  28.404995
005865  258.090041  28.404995
005866  258.335607  28.404995
005867  258.581173  28.404995
005868  258.826739  28.404995
005869  259.072306  28.404995
005870  259.317872  28.404995
005871  259.563438  28.404995
005872  259.809004  28.404995
005873  260.054570  28.404995
005874  260.300136  28.404995
005875  260.545703  28.404995
005876  260.791269  28.404995
005877  261.036835  28.404995
005878  261.282401  28.404995
005879  261.527967  28.404995
005880  261.773533  28.404995
005881  262.019100  28.404995
005882  262.264666  28.404995
005883  262.510232  28.404995
005884  262.755798  28.404995
005885  263.001364  28.404995
005886  263.246930  28.404995
005887  263.492497  28.404995
005888  263.738063  28.404995
005889  263.983629  28.404995
005890  264.229195  28.404995
005891  277.244202  28.404995
005892  277.489768  28.404995
005893  277.735334  28.404995
005894  277.980900  28.404995
005895  278.226467  28.404995
005896  278.472033  28.404995
005897  278.717599  28.404995
005898  278.963165  28.404995
005899  279.208731  28.404995
005900  279.454297  28.404995
005901  245.823650  28.620832
005902  246.069720  28.620832
005903  246.315789  28.620832
005904  246.561859  28.620832
005905  246.807929  28.620832
005906  247.053999  28.620832
005907  247.300068  28.620832
005908  247.546138  28.620832
005909  247.792208  28.620832
005910  248.038278  28.620832
005911  248.284347  28.620832
005912  248.530417  28.620832
005913  248.776487  28.620832
005914  249.022556  28.620832
005915  249.268626  28.620832
005916  249.514696  28.620832
005917  249.760766  28.620832
005918  250.006835  28.620832
005919  250.252905  28.620832
005920  250.498975  28.620832
005921  250.745044  28.620832
005922  250.991114  28.620832
005923  251.237184  28.620832
005924  251.483254  28.620832
005925  251.729323  28.620832
005926  251.975393  28.620832
005927  252.221463  28.620832
005928  252.467532  28.620832
005929  252.713602  28.620832
005930  252.959672  28.620832
005931  253.205742  28.620832
005932  253.451811  28.620832
005933  253.697881  28.620832
005934  253.943951  28.620832
005935  254.190021  28.620832
005936  254.436090  28.620832
005937  254.682160  28.620832
005938  254.928230  28.620832
005939  255.174299  28.620832
005940  255.420369  28.620832
005941  255.666439  28.620832
005942  255.912509  28.620832
005943  256.158578  28.620832
005944  256.404648  28.620832
005945  256.650718  28.620832
005946  256.896787  28.620832
005947  257.142857  28.620832
005948  257.388927  28.620832
005949  257.634997  28.620832
005950  257.881066  28.620832
005951  258.127136  28.620832
005952  258.373206  28.620832
005953  258.619275  28.620832
005954  258.865345  28.620832
005955  259.111415  28.620832
005956  259.357485  28.620832
005957  259.603554  28.620832
005958  259.849624  28.620832
005959  260.095694  28.620832
005960  260.341763  28.620832
005961  260.587833  28.620832
005962  260.833903  28.620832
005963  261.079973  28.620832
005964  261.326042  28.620832
005965  261.572112  28.620832
005966  261.818182  28.620832
005967  262.064252  28.620832
005968  262.310321  28.620832
005969  262.556391  28.620832
005970  262.802461  28.620832
005971  263.048530  28.620832
005972  263.294600  28.620832
005973  263.540670  28.620832
005974  263.786740  28.620832
005975  264.032809  28.620832
005976  264.278879  28.620832
005977  264.524949  28.620832
005978  277.320574  28.620832
005979  277.566644  28.620832
005980  277.812714  28.620832
005981  278.058783  28.620832
005982  278.304853  28.620832
005983  278.550923  28.620832
005984  278.796992  28.620832
005985  279.043062  28.620832
005986  279.289132  28.620832
005987  279.535202  28.620832
005988  245.589041  28.836669
005989  245.835616  28.836669
005990  246.082192  28.836669
005991  246.328767  28.836669
005992  246.575342  28.836669
005993  246.821918  28.836669
005994  247.068493  28.836669
005995  247.315068  28.836669
005996  247.561644  28.836669
005997  247.808219  28.836669
005998  248.054795  28.836669
005999  248.301370  28.836669
006000  248.547945  28.836669
006001  248.794521  28.836669
006002  249.041096  28.836669
006003  249.287671  28.836669
006004  249.534247  28.836669
006005  249.780822  28.836669
006006  250.027397  28.836669
006007  250.273973  28.836669
006008  250.520548  28.836669
006009  250.767123  28.836669
006010  251.013699  28.836669
006011  251.260274  28.836669
006012  251.506849  28.836669
006013  251.753425  28.836669
006014  252.000000  28.836669
006015  252.246575  28.836669
006016  252.493151  28.836669
006017  252.739726  28.836669
006018  252.986301  28.836669
006019  253.232877  28.836669
006020  253.479452  28.836669
006021  253.726027  28.836669
006022  253.972603  28.836669
006023  254.219178  28.836669
006024  254.465753  28.836669
006025  254.712329  28.836669
006026  254.958904  28.836669
006027  255.205479  28.836669
006028  255.452055  28.836669
006029  255.698630  28.836669
006030  255.945205  28.836669
006031  256.191781  28.836669
006032  256.438356  28.836669
006033  256.684932  28.836669
006034  256.931507  28.836669
006035  257.178082  28.836669
006036  257.424658  28.836669
006037  257.671233  28.836669
006038  257.917808  28.836669
006039  258.164384  28.836669
006040  258.410959  28.836669
006041  258.657534  28.836669
006042  258.904110  28.836669
006043  259.150685  28.836669
006044  259.397260  28.836669
006045  259.643836  28.836669
006046  259.890411  28.836669
006047  260.136986  28.836669
006048  260.383562  28.836669
006049  260.630137  28.836669
006050  260.876712  28.836669
006051  261.123288  28.836669
006052  261.369863  28.836669
006053  261.616438  28.836669
006054  261.863014  28.836669
006055  262.109589  28.836669
006056  262.356164  28.836669
006057  262.602740  28.836669
006058  262.849315  28.836669
006059  263.095890  28.836669
006060  263.342466  28.836669
006061  263.589041  28.836669
006062  263.835616  28.836669
006063  264.082192  28.836669
006064  264.328767  28.836669
006065  264.575342  28.836669
006066  264.821918  28.836669
006067  269.013699  28.836669
006068  269.260274  28.836669
006069  269.506849  28.836669
006070  269.753425  28.836669
006071  270.739726  28.836669
006072  270.986301  28.836669
006073  277.150685  28.836669
006074  277.397260  28.836669
006075  277.643836  28.836669
006076  277.890411  28.836669
006077  278.136986  28.836669
006078  278.383562  28.836669
006079  278.630137  28.836669
006080  278.876712  28.836669
006081  279.123288  28.836669
006082  279.369863  28.836669
006083  245.106383  29.052506
006084  245.353466  29.052506
006085  245.600549  29.052506
006086  245.847632  29.052506
006087  246.094715  29.052506
006088  246.341798  29.052506
006089  246.588881  29.052506
006090  246.835964  29.052506
006091  247.083047  29.052506
006092  247.330130  29.052506
006093  247.577213  29.052506
006094  247.824296  29.052506
006095  248.071380  29.052506
006096  248.318463  29.052506
006097  248.565546  29.052506
006098  248.812629  29.052506
006099  249.059712  29.052506
006100  249.306795  29.052506
006101  249.553878  29.052506
006102  249.800961  29.052506
006103  250.048044  29.052506
006104  250.295127  29.052506
006105  250.542210  29.052506
006106  250.789293  29.052506
006107  251.036376  29.052506
006108  251.283459  29.052506
006109  251.530542  29.052506
006110  251.777625  29.052506
006111  252.024708  29.052506
006112  252.271791  29.052506
006113  252.518874  29.052506
006114  252.765957  29.052506
006115  253.013040  29.052506
006116  253.260124  29.052506
006117  253.507207  29.052506
006118  253.754290  29.052506
006119  254.001373  29.052506
006120  254.248456  29.052506
006121  254.495539  29.052506
006122  254.742622  29.052506
006123  254.989705  29.052506
006124  255.236788  29.052506
006125  255.483871  29.052506
006126  255.730954  29.052506
006127  255.978037  29.052506
006128  256.225120  29.052506
006129  256.472203  29.052506
006130  256.719286  29.052506
006131  256.966369  29.052506
006132  257.213452  29.052506
006133  257.460535  29.052506
006134  257.707618  29.052506
006135  257.954701  29.052506
006136  258.201784  29.052506
006137  258.448868  29.052506
006138  258.695951  29.052506
006139  258.943034  29.052506
006140  259.190117  29.052506
006141  259.437200  29.052506
006142  259.684283  29.052506
006143  259.931366  29.052506
006144  260.178449  29.052506
006145  260.425532  29.052506
006146  260.672615  29.052506
006147  260.919698  29.052506
006148  261.166781  29.052506
006149  261.413864  29.052506
006150  261.660947  29.052506
006151  261.908030  29.052506
006152  262.155113  29.052506
006153  262.402196  29.052506
006154  262.649279  29.052506
006155  262.896362  29.052506
006156  263.143445  29.052506
006157  263.390528  29.052506
006158  263.637612  29.052506
006159  263.884695  29.052506
006160  264.131778  29.052506
006161  264.378861  29.052506
006162  264.625944  29.052506
006163  264.873027  29.052506
006164  265.120110  29.052506
006165  268.579272  29.052506
006166  268.826356  29.052506
006167  269.073439  29.052506
006168  269.320522  29.052506
006169  269.567605  29.052506
006170  269.814688  29.052506
006171  270.061771  29.052506
006172  270.308854  29.052506
006173  270.555937  29.052506
006174  270.803020  29.052506
006175  271.050103  29.052506
006176  276.980096  29.052506
006177  277.227179  29.052506
006178  277.474262  29.052506
006179  277.721345  29.052506
006180  277.968428  29.052506
006181  278.215511  29.052506
006182  278.462594  29.052506
006183  278.709677  29.052506
006184  278.956760  29.052506
006185  279.203844  29.052506
006186  244.790089  29.268344
006187  245.037853  29.268344
006188  245.285616  29.268344
006189  245.533379  29.268344
006190  245.781142  29.268344
006191  246.028906  29.268344
006192  246.276669  29.268344
006193  246.524432  29.268344
006194  246.772195  29.268344
006195  247.019959  29.268344
006196  247.515485  29.268344
006197  247.763248  29.268344
006198  248.011012  29.268344
006199  248.258775  29.268344
006200  248.506538  29.268344
006201  248.754301  29.268344
006202  249.002065  29.268344
006203  249.249828  29.268344
006204  249.497591  29.268344
006205  249.745354  29.268344
006206  249.993118  29.268344
006207  250.240881  29.268344
006208  250.488644  29.268344
006209  250.736407  29.268344
006210  250.984171  29.268344
006211  251.231934  29.268344
006212  251.479697  29.268344
006213  251.727460  29.268344
006214  251.975224  29.268344
006215  252.222987  29.268344
006216  252.470750  29.268344
006217  252.718513  29.268344
006218  252.966277  29.268344
006219  253.214040  29.268344
006220  253.461803  29.268344
006221  253.709566  29.268344
006222  253.957330  29.268344
006223  254.205093  29.268344
006224  254.452856  29.268344
006225  254.700619  29.268344
006226  254.948383  29.268344
006227  255.196146  29.268344
006228  255.443909  29.268344
006229  255.691672  29.268344
006230  255.939436  29.268344
006231  256.187199  29.268344
006232  256.434962  29.268344
006233  256.682725  29.268344
006234  256.930489  29.268344
006235  257.178252  29.268344
006236  257.426015  29.268344
006237  257.673778  29.268344
006238  257.921542  29.268344
006239  258.169305  29.268344
006240  258.417068  29.268344
006241  258.664831  29.268344
006242  258.912595  29.268344
006243  259.160358  29.268344
006244  259.408121  29.268344
006245  259.655884  29.268344
006246  259.903648  29.268344
006247  260.151411  29.268344
006248  260.399174  29.268344
006249  260.646937  29.268344
006250  260.894701  29.268344
006251  261.142464  29.268344
006252  261.390227  29.268344
006253  261.637990  29.268344
006254  261.885754  29.268344
006255  262.133517  29.268344
006256  262.381280  29.268344
006257  262.629043  29.268344
006258  262.876807  29.268344
006259  263.124570  29.268344
006260  263.372333  29.268344
006261  263.620096  29.268344
006262  263.867860  29.268344
006263  264.115623  29.268344
006264  264.363386  29.268344
006265  264.611149  29.268344
006266  264.858913  29.268344
006267  265.106676  29.268344
006268  265.354439  29.268344
006269  265.602202  29.268344
006270  268.575361  29.268344
006271  268.823125  29.268344
006272  269.070888  29.268344
006273  269.318651  29.268344
006274  269.566414  29.268344
006275  269.814178  29.268344
006276  270.061941  29.268344
006277  270.309704  29.268344
006278  270.557467  29.268344
006279  270.805231  29.268344
006280  271.052994  29.268344
006281  276.751549  29.268344
006282  276.999312  29.268344
006283  277.247075  29.268344
006284  277.494838  29.268344
006285  277.742602  29.268344
006286  277.990365  29.268344
006287  278.238128  29.268344
006288  278.485891  29.268344
006289  278.733655  29.268344
006290  278.981418  29.268344
006291  244.551724  29.484181
006292  244.800000  29.484181
006293  245.048276  29.484181
006294  245.296552  29.484181
006295  245.544828  29.484181
006296  245.793103  29.484181
006297  246.041379  29.484181
006298  246.289655  29.484181
006299  246.537931  29.484181
006300  246.786207  29.484181
006301  247.531034  29.484181
006302  247.779310  29.484181
006303  248.027586  29.484181
006304  248.275862  29.484181
006305  248.524138  29.484181
006306  248.772414  29.484181
006307  249.020690  29.484181
006308  249.268966  29.484181
006309  249.517241  29.484181
006310  249.765517  29.484181
006311  250.013793  29.484181
006312  250.262069  29.484181
006313  250.510345  29.484181
006314  250.758621  29.484181
006315  251.006897  29.484181
006316  251.255172  29.484181
006317  251.503448  29.484181
006318  251.751724  29.484181
006319  252.000000  29.484181
006320  252.248276  29.484181
006321  252.496552  29.484181
006322  252.744828  29.484181
006323  252.993103  29.484181
006324  253.241379  29.484181
006325  253.489655  29.484181
006326  253.737931  29.484181
006327  253.986207  29.484181
006328  254.234483  29.484181
006329  254.482759  29.484181
006330  254.731034  29.484181
006331  254.979310  29.484181
006332  255.227586  29.484181
006333  255.475862  29.484181
006334  255.724138  29.484181
006335  255.972414  29.484181
006336  256.220690  29.484181
006337  256.468966  29.484181
006338  256.717241  29.484181
006339  256.965517  29.484181
006340  257.213793  29.484181
006341  257.462069  29.484181
006342  257.710345  29.484181
006343  257.958621  29.484181
006344  258.206897  29.484181
006345  258.455172  29.484181
006346  258.703448  29.484181
006347  258.951724  29.484181
006348  259.200000  29.484181
006349  259.448276  29.484181
006350  259.696552  29.484181
006351  259.944828  29.484181
006352  260.193103  29.484181
006353  260.441379  29.484181
006354  260.689655  29.484181
006355  260.937931  29.484181
006356  261.186207  29.484181
006357  261.434483  29.484181
006358  261.682759  29.484181
006359  261.931034  29.484181
006360  262.179310  29.484181
006361  262.427586  29.484181
006362  262.675862  29.484181
006363  262.924138  29.484181
006364  263.172414  29.484181
006365  263.420690  29.484181
006366  263.668966  29.484181
006367  263.917241  29.484181
006368  264.165517  29.484181
006369  264.413793  29.484181
006370  264.662069  29.484181
006371  264.910345  29.484181
006372  265.158621  29.484181
006373  265.406897  29.484181
006374  265.655172  29.484181
006375  265.903448  29.484181
006376  266.151724  29.484181
006377  267.144828  29.484181
006378  267.393103  29.484181
006379  267.641379  29.484181
006380  267.889655  29.484181
006381  268.386207  29.484181
006382  268.634483  29.484181
006383  268.882759  29.484181
006384  269.131034  29.484181
006385  269.379310  29.484181
006386  269.627586  29.484181
006387  269.875862  29.484181
006388  270.124138  29.484181
006389  270.372414  29.484181
006390  270.620690  29.484181
006391  270.868966  29.484181
006392  276.579310  29.484181
006393  276.827586  29.484181
006394  277.075862  29.484181
006395  277.324138  29.484181
006396  277.572414  29.484181
006397  277.820690  29.484181
006398  278.068966  29.484181
006399  278.317241  29.484181
006400  278.565517  29.484181
006401  278.813793  29.484181
006402  279.062069  29.484181
006403  244.312370  29.700018
006404  244.561161  29.700018
006405  244.809952  29.700018
006406  245.058742  29.700018
006407  245.307533  29.700018
006408  245.556323  29.700018
006409  245.805114  29.700018
006410  246.053905  29.700018
006411  246.302695  29.700018
006412  246.551486  29.700018
006413  247.297858  29.700018
006414  247.546648  29.700018
006415  247.795439  29.700018
006416  248.044229  29.700018
006417  248.293020  29.700018
006418  248.541811  29.700018
006419  248.790601  29.700018
006420  249.039392  29.700018
006421  249.288182  29.700018
006422  249.536973  29.700018
006423  249.785764  29.700018
006424  250.034554  29.700018
006425  250.283345  29.700018
006426  250.532135  29.700018
006427  250.780926  29.700018
006428  251.029717  29.700018
006429  251.278507  29.700018
006430  251.527298  29.700018
006431  251.776088  29.700018
006432  252.024879  29.700018
006433  252.273670  29.700018
006434  252.522460  29.700018
006435  252.771251  29.700018
006436  253.020041  29.700018
006437  253.268832  29.700018
006438  253.517623  29.700018
006439  253.766413  29.700018
006440  254.015204  29.700018
006441  254.263994  29.700018
006442  254.512785  29.700018
006443  254.761576  29.700018
006444  255.010366  29.700018
006445  255.259157  29.700018
006446  255.507947  29.700018
006447  255.756738  29.700018
006448  256.005529  29.700018
006449  256.254319  29.700018
006450  256.503110  29.700018
006451  256.751900  29.700018
006452  257.000691  29.700018
006453  257.249482  29.700018
006454  257.498272  29.700018
006455  257.747063  29.700018
006456  257.995853  29.700018
006457  258.244644  29.700018
006458  258.493435  29.700018
006459  258.742225  29.700018
006460  258.991016  29.700018
006461  259.239806  29.700018
006462  259.488597  29.700018
006463  259.737388  29.700018
006464  259.986178  29.700018
006465  260.234969  29.700018
006466  260.483760  29.700018
006467  260.732550  29.700018
006468  260.981341  29.700018
006469  261.230131  29.700018
006470  261.478922  29.700018
006471  261.727713  29.700018
006472  261.976503  29.700018
006473  262.225294  29.700018
006474  262.474084  29.700018
006475  262.722875  29.700018
006476  262.971666  29.700018
006477  263.220456  29.700018
006478  263.469247  29.700018
006479  263.718037  29.700018
006480  263.966828  29.700018
006481  264.215619  29.700018
006482  264.464409  29.700018
006483  264.713200  29.700018
006484  264.961990  29.700018
006485  265.210781  29.700018
006486  265.459572  29.700018
006487  265.708362  29.700018
006488  265.957153  29.700018
006489  266.205943  29.700018
006490  266.454734  29.700018
006491  266.703525  29.700018
006492  266.952315  29.700018
006493  267.201106  29.700018
006494  267.449896  29.700018
006495  267.698687  29.700018
006496  267.947478  29.700018
006497  268.196268  29.700018
006498  268.445059  29.700018
006499  268.693849  29.700018
006500  268.942640  29.700018
006501  269.191431  29.700018
006502  269.440221  29.700018
006503  269.689012  29.700018
006504  269.937802  29.700018
006505  270.186593  29.700018
006506  270.435384  29.700018
006507  270.684174  29.700018
006508  274.664824  29.700018
006509  274.913614  29.700018
006510  275.162405  29.700018
006511  275.411196  29.700018
006512  275.659986  29.700018
006513  276.406358  29.700018
006514  276.655149  29.700018
006515  276.903939  29.700018
006516  277.152730  29.700018
006517  277.401520  29.700018
006518  277.650311  29.700018
006519  277.899102  29.700018
006520  278.147892  29.700018
006521  278.396683  29.700018
006522  278.645473  29.700018
006523  278.894264  29.700018
006524  244.072022  29.915855
006525  244.321330  29.915855
006526  244.570637  29.915855
006527  244.819945  29.915855
006528  245.069252  29.915855
006529  245.318560  29.915855
006530  245.567867  29.915855
006531  245.817175  29.915855
006532  247.063712  29.915855
006533  247.313019  29.915855
006534  247.562327  29.915855
006535  247.811634  29.915855
006536  248.060942  29.915855
006537  248.310249  29.915855
006538  248.559557  29.915855
006539  248.808864  29.915855
006540  249.058172  29.915855
006541  249.307479  29.915855
006542  249.556787  29.915855
006543  249.806094  29.915855
006544  250.055402  29.915855
006545  250.304709  29.915855
006546  250.554017  29.915855
006547  250.803324  29.915855
006548  251.052632  29.915855
006549  251.301939  29.915855
006550  251.551247  29.915855
006551  251.800554  29.915855
006552  252.049861  29.915855
006553  252.299169  29.915855
006554  252.548476  29.915855
006555  252.797784  29.915855
006556  253.047091  29.915855
006557  253.296399  29.915855
006558  253.545706  29.915855
006559  253.795014  29.915855
006560  254.044321  29.915855
006561  254.293629  29.915855
006562  254.542936  29.915855
006563  254.792244  29.915855
006564  255.041551  29.915855
006565  255.290859  29.915855
006566  255.540166  29.915855
006567  255.789474  29.915855
006568  256.038781  29.915855
006569  256.288089  29.915855
006570  256.537396  29.915855
006571  256.786704  29.915855
006572  257.036011  29.915855
006573  257.285319  29.915855
006574  257.534626  29.915855
006575  257.783934  29.915855
006576  258.033241  29.915855
006577  258.282548  29.915855
006578  258.531856  29.915855
006579  258.781163  29.915855
006580  259.030471  29.915855
006581  259.279778  29.915855
006582  259.529086  29.915855
006583  259.778393  29.915855
006584  260.027701  29.915855
006585  260.277008  29.915855
006586  260.526316  29.915855
006587  260.775623  29.915855
006588  261.024931  29.915855
006589  261.274238  29.915855
006590  261.523546  29.915855
006591  261.772853  29.915855
006592  262.022161  29.915855
006593  262.271468  29.915855
006594  262.520776  29.915855
006595  262.770083  29.915855
006596  263.019391  29.915855
006597  263.268698  29.915855
006598  263.518006  29.915855
006599  263.767313  29.915855
006600  264.016620  29.915855
006601  264.265928  29.915855
006602  264.515235  29.915855
006603  264.764543  29.915855
006604  265.013850  29.915855
006605  265.263158  29.915855
006606  265.512465  29.915855
006607  265.761773  29.915855
006608  266.011080  29.915855
006609  266.260388  29.915855
006610  266.509695  29.915855
006611  266.759003  29.915855
006612  267.008310  29.915855
006613  267.257618  29.915855
006614  267.506925  29.915855
006615  267.756233  29.915855
006616  268.005540  29.915855
006617  268.254848  29.915855
006618  268.504155  29.915855
006619  268.753463  29.915855
006620  269.002770  29.915855
006621  269.252078  29.915855
006622  269.501385  29.915855
006623  269.750693  29.915855
006624  270.000000  29.915855
006625  270.249307  29.915855
006626  270.498615  29.915855
006627  270.747922  29.915855
006628  274.487535  29.915855
006629  274.736842  29.915855
006630  274.986150  29.915855
006631  275.235457  29.915855
006632  275.484765  29.915855
006633  275.734072  29.915855
006634  275.983380  29.915855
006635  276.232687  29.915855
006636  276.481994  29.915855
006637  276.731302  29.915855
006638  276.980609  29.915855
006639  277.229917  29.915855
006640  277.479224  29.915855
006641  277.728532  29.915855
006642  277.977839  29.915855
006643  278.227147  29.915855
006644  278.476454  29.915855
006645  278.725762  29.915855
006646  244.080500  30.131692
006647  244.330326  30.131692
006648  244.580153  30.131692
006649  244.829979  30.131692
006650  245.079806  30.131692
006651  245.329632  30.131692
006652  245.579459  30.131692
006653  247.078418  30.131692
006654  247.328244  30.131692
006655  247.578071  30.131692
006656  247.827897  30.131692
006657  248.077724  30.131692
006658  248.327550  30.131692
006659  248.577377  30.131692
006660  248.827203  30.131692
006661  249.077030  30.131692
006662  249.326856  30.131692
006663  249.576683  30.131692
006664  249.826509  30.131692
006665  250.076336  30.131692
006666  250.326162  30.131692
006667  250.575989  30.131692
006668  250.825815  30.131692
006669  251.075642  30.131692
006670  251.325468  30.131692
006671  251.575295  30.131692
006672  251.825121  30.131692
006673  252.074948  30.131692
006674  252.324774  30.131692
006675  252.574601  30.131692
006676  252.824427  30.131692
006677  253.074254  30.131692
006678  253.324080  30.131692
006679  253.573907  30.131692
006680  253.823734  30.131692
006681  254.073560  30.131692
006682  254.323387  30.131692
006683  254.573213  30.131692
006684  254.823040  30.131692
006685  255.072866  30.131692
006686  255.322693  30.131692
006687  255.572519  30.131692
006688  255.822346  30.131692
006689  256.072172  30.131692
006690  256.321999  30.131692
006691  256.571825  30.131692
006692  256.821652  30.131692
006693  257.071478  30.131692
006694  257.321305  30.131692
006695  257.571131  30.131692
006696  257.820958  30.131692
006697  258.070784  30.131692
006698  258.320611  30.131692
006699  258.570437  30.131692
006700  258.820264  30.131692
006701  259.070090  30.131692
006702  259.319917  30.131692
006703  259.569743  30.131692
006704  259.819570  30.131692
006705  260.069396  30.131692
006706  260.319223  30.131692
006707  260.569049  30.131692
006708  260.818876  30.131692
006709  261.068702  30.131692
006710  261.318529  30.131692
006711  261.568355  30.131692
006712  261.818182  30.131692
006713  262.068008  30.131692
006714  262.317835  30.131692
006715  262.567661  30.131692
006716  262.817488  30.131692
006717  263.067314  30.131692
006718  263.317141  30.131692
006719  263.566967  30.131692
006720  263.816794  30.131692
006721  264.066620  30.131692
006722  264.316447  30.131692
006723  264.566273  30.131692
006724  264.816100  30.131692
006725  265.065926  30.131692
006726  265.315753  30.131692
006727  265.565579  30.131692
006728  265.815406  30.131692
006729  266.065232  30.131692
006730  266.315059  30.131692
006731  266.564885  30.131692
006732  266.814712  30.131692
006733  267.064539  30.131692
006734  267.314365  30.131692
006735  267.564192  30.131692
006736  267.814018  30.131692
006737  268.063845  30.131692
006738  268.313671  30.131692
006739  268.563498  30.131692
006740  268.813324  30.131692
006741  269.063151  30.131692
006742  269.312977  30.131692
006743  269.562804  30.131692
006744  269.812630  30.131692
006745  270.062457  30.131692
006746  270.312283  30.131692
006747  270.562110  30.131692
006748  270.811936  30.131692
006749  271.811242  30.131692
006750  272.061069  30.131692
006751  272.310895  30.131692
006752  272.560722  30.131692
006753  272.810548  30.131692
006754  273.809854  30.131692
006755  274.059681  30.131692
006756  274.309507  30.131692
006757  274.559334  30.131692
006758  274.809160  30.131692
006759  275.058987  30.131692
006760  275.308813  30.131692
006761  275.558640  30.131692
006762  275.808466  30.131692
006763  276.058293  30.131692
006764  276.308119  30.131692
006765  276.557946  30.131692
006766  276.807772  30.131692
006767  277.057599  30.131692
006768  277.307425  30.131692
006769  277.557252  30.131692
006770  277.807078  30.131692
006771  278.056905  30.131692
006772  278.306731  30.131692
006773  278.556558  30.131692
006774  278.806384  30.131692
006775  244.089013  30.347530
006776  244.339360  30.347530
006777  244.589708  30.347530
006778  244.840056  30.347530
006779  245.090403  30.347530
006780  245.340751  30.347530
006781  245.591099  30.347530
006782  247.093185  30.347530
006783  247.343533  30.347530
006784  247.593880  30.347530
006785  247.844228  30.347530
006786  248.094576  30.347530
006787  248.344924  30.347530
006788  248.595271  30.347530
006789  248.845619  30.347530
006790  249.095967  30.347530
006791  249.346314  30.347530
006792  249.596662  30.347530
006793  249.847010  30.347530
006794  250.097357  30.347530
006795  250.347705  30.347530
006796  250.598053  30.347530
006797  250.848401  30.347530
006798  251.098748  30.347530
006799  251.349096  30.347530
006800  251.599444  30.347530
006801  251.849791  30.347530
006802  252.100139  30.347530
006803  252.350487  30.347530
006804  252.600834  30.347530
006805  252.851182  30.347530
006806  253.101530  30.347530
006807  253.351878  30.347530
006808  253.602225  30.347530
006809  253.852573  30.347530
006810  254.102921  30.347530
006811  254.353268  30.347530
006812  254.603616  30.347530
006813  254.853964  30.347530
006814  255.104312  30.347530
006815  255.354659  30.347530
006816  255.605007  30.347530
006817  255.855355  30.347530
006818  256.105702  30.347530
006819  256.356050  30.347530
006820  256.606398  30.347530
006821  256.856745  30.347530
006822  257.107093  30.347530
006823  257.357441  30.347530
006824  257.607789  30.347530
006825  257.858136  30.347530
006826  258.108484  30.347530
006827  258.358832  30.347530
006828  258.609179  30.347530
006829  258.859527  30.347530
006830  259.109875  30.347530
006831  259.360223  30.347530
006832  259.610570  30.347530
006833  259.860918  30.347530
006834  260.111266  30.347530
006835  260.361613  30.347530
006836  260.611961  30.347530
006837  260.862309  30.347530
006838  261.112656  30.347530
006839  261.363004  30.347530
006840  261.613352  30.347530
006841  261.863700  30.347530
006842  262.114047  30.347530
006843  262.364395  30.347530
006844  262.614743  30.347530
006845  262.865090  30.347530
006846  263.115438  30.347530
006847  263.365786  30.347530
006848  263.616134  30.347530
006849  263.866481  30.347530
006850  264.116829  30.347530
006851  264.367177  30.347530
006852  264.617524  30.347530
006853  264.867872  30.347530
006854  265.118220  30.347530
006855  265.368567  30.347530
006856  265.618915  30.347530
006857  265.869263  30.347530
006858  266.119611  30.347530
006859  266.369958  30.347530
006860  266.620306  30.347530
006861  266.870654  30.347530
006862  267.121001  30.347530
006863  267.371349  30.347530
006864  267.621697  30.347530
006865  267.872045  30.347530
006866  268.122392  30.347530
006867  268.372740  30.347530
006868  268.623088  30.347530
006869  268.873435  30.347530
006870  269.123783  30.347530
006871  269.374131  30.347530
006872  269.624478  30.347530
006873  269.874826  30.347530
006874  270.125174  30.347530
006875  270.375522  30.347530
006876  270.625869  30.347530
006877  270.876217  30.347530
006878  271.126565  30.347530
006879  271.376912  30.347530
006880  271.627260  30.347530
006881  271.877608  30.347530
006882  272.127955  30.347530
006883  272.378303  30.347530
006884  272.628651  30.347530
006885  272.878999  30.347530
006886  273.129346  30.347530
006887  273.379694  30.347530
006888  273.630042  30.347530
006889  273.880389  30.347530
006890  274.130737  30.347530
006891  274.381085  30.347530
006892  274.631433  30.347530
006893  274.881780  30.347530
006894  275.132128  30.347530
006895  275.382476  30.347530
006896  275.632823  30.347530
006897  275.883171  30.347530
006898  276.133519  30.347530
006899  276.383866  30.347530
006900  276.634214  30.347530
006901  276.884562  30.347530
006902  277.134910  30.347530
006903  277.385257  30.347530
006904  277.635605  30.347530
006905  277.885953  30.347530
006906  278.136300  30.347530
006907  278.386648  30.347530
006908  278.636996  30.347530
006909  243.846690  30.563367
006910  244.097561  30.563367
006911  244.348432  30.563367
006912  244.599303  30.563367
006913  244.850174  30.563367
006914  245.101045  30.563367
006915  245.351916  30.563367
006916  246.857143  30.563367
006917  247.108014  30.563367
006918  247.358885  30.563367
006919  247.609756  30.563367
006920  247.860627  30.563367
006921  248.111498  30.563367
006922  248.362369  30.563367
006923  248.613240  30.563367
006924  248.864111  30.563367
006925  249.114983  30.563367
006926  249.365854  30.563367
006927  249.616725  30.563367
006928  249.867596  30.563367
006929  250.118467  30.563367
006930  250.369338  30.563367
006931  250.620209  30.563367
006932  250.871080  30.563367
006933  251.121951  30.563367
006934  251.372822  30.563367
006935  251.623693  30.563367
006936  251.874564  30.563367
006937  252.125436  30.563367
006938  252.376307  30.563367
006939  252.627178  30.563367
006940  252.878049  30.563367
006941  253.128920  30.563367
006942  253.379791  30.563367
006943  253.630662  30.563367
006944  253.881533  30.563367
006945  254.132404  30.563367
006946  254.383275  30.563367
006947  254.634146  30.563367
006948  254.885017  30.563367
006949  255.135889  30.563367
006950  255.386760  30.563367
006951  255.637631  30.563367
006952  255.888502  30.563367
006953  256.139373  30.563367
006954  256.390244  30.563367
006955  256.641115  30.563367
006956  256.891986  30.563367
006957  257.142857  30.563367
006958  257.393728  30.563367
006959  257.644599  30.563367
006960  257.895470  30.563367
006961  258.146341  30.563367
006962  258.397213  30.563367
006963  258.648084  30.563367
006964  258.898955  30.563367
006965  259.149826  30.563367
006966  259.400697  30.563367
006967  259.651568  30.563367
006968  259.902439  30.563367
006969  260.153310  30.563367
006970  260.404181  30.563367
006971  260.655052  30.563367
006972  260.905923  30.563367
006973  261.156794  30.563367
006974  261.407666  30.563367
006975  261.658537  30.563367
006976  261.909408  30.563367
006977  262.160279  30.563367
006978  262.411150  30.563367
006979  262.662021  30.563367
006980  262.912892  30.563367
006981  263.163763  30.563367
006982  263.414634  30.563367
006983  263.665505  30.563367
006984  263.916376  30.563367
006985  264.167247  30.563367
006986  264.418118  30.563367
006987  264.668990  30.563367
006988  264.919861  30.563367
006989  265.170732  30.563367
006990  265.421603  30.563367
006991  265.672474  30.563367
006992  265.923345  30.563367
006993  266.174216  30.563367
006994  266.425087  30.563367
006995  266.675958  30.563367
006996  266.926829  30.563367
006997  267.177700  30.563367
006998  267.428571  30.563367
006999  267.679443  30.563367
007000  267.930314  30.563367
007001  268.181185  30.563367
007002  268.432056  30.563367
007003  268.682927  30.563367
007004  268.933798  30.563367
007005  269.184669  30.563367
007006  269.435540  30.563367
007007  269.686411  30.563367
007008  269.937282  30.563367
007009  270.188153  30.563367
007010  270.439024  30.563367
007011  270.689895  30.563367
007012  270.940767  30.563367
007013  271.191638  30.563367
007014  271.442509  30.563367
007015  271.693380  30.563367
007016  271.944251  30.563367
007017  272.195122  30.563367
007018  272.445993  30.563367
007019  272.696864  30.563367
007020  272.947735  30.563367
007021  273.198606  30.563367
007022  273.449477  30.563367
007023  273.700348  30.563367
007024  273.951220  30.563367
007025  274.202091  30.563367
007026  274.452962  30.563367
007027  274.703833  30.563367
007028  274.954704  30.563367
007029  275.205575  30.563367
007030  275.456446  30.563367
007031  275.707317  30.563367
007032  275.958188  30.563367
007033  276.209059  30.563367
007034  276.459930  30.563367
007035  276.710801  30.563367
007036  276.961672  30.563367
007037  277.212544  30.563367
007038  277.463415  30.563367
007039  277.714286  30.563367
007040  277.965157  30.563367
007041  278.216028  30.563367
007042  278.466899  30.563367
007043  278.717770  30.563367
007044  243.773585  30.779204
007045  244.025157  30.779204
007046  244.276730  30.779204
007047  244.528302  30.779204
007048  244.779874  30.779204
007049  245.031447  30.779204
007050  245.283019  30.779204
007051  245.534591  30.779204
007052  246.792453  30.779204
007053  247.044025  30.779204
007054  247.295597  30.779204
007055  247.547170  30.779204
007056  247.798742  30.779204
007057  248.050314  30.779204
007058  248.301887  30.779204
007059  248.553459  30.779204
007060  248.805031  30.779204
007061  249.056604  30.779204
007062  249.308176  30.779204
007063  249.559748  30.779204
007064  249.811321  30.779204
007065  250.062893  30.779204
007066  250.314465  30.779204
007067  250.566038  30.779204
007068  250.817610  30.779204
007069  251.069182  30.779204
007070  251.320755  30.779204
007071  251.572327  30.779204
007072  251.823899  30.779204
007073  252.075472  30.779204
007074  252.327044  30.779204
007075  252.578616  30.779204
007076  252.830189  30.779204
007077  253.081761  30.779204
007078  253.333333  30.779204
007079  253.584906  30.779204
007080  253.836478  30.779204
007081  254.088050  30.779204
007082  254.339623  30.779204
007083  254.591195  30.779204
007084  254.842767  30.779204
007085  255.094340  30.779204
007086  255.345912  30.779204
007087  255.597484  30.779204
007088  255.849057  30.779204
007089  256.100629  30.779204
007090  256.352201  30.779204
007091  256.603774  30.779204
007092  256.855346  30.779204
007093  257.106918  30.779204
007094  257.358491  30.779204
007095  257.610063  30.779204
007096  257.861635  30.779204
007097  258.113208  30.779204
007098  258.364780  30.779204
007099  258.616352  30.779204
007100  258.867925  30.779204
007101  259.119497  30.779204
007102  259.371069  30.779204
007103  259.622642  30.779204
007104  259.874214  30.779204
007105  260.125786  30.779204
007106  260.377358  30.779204
007107  260.628931  30.779204
007108  260.880503  30.779204
007109  261.132075  30.779204
007110  261.383648  30.779204
007111  261.635220  30.779204
007112  261.886792  30.779204
007113  262.138365  30.779204
007114  262.389937  30.779204
007115  262.641509  30.779204
007116  262.893082  30.779204
007117  263.144654  30.779204
007118  263.396226  30.779204
007119  263.647799  30.779204
007120  263.899371  30.779204
007121  264.150943  30.779204
007122  264.402516  30.779204
007123  264.654088  30.779204
007124  264.905660  30.779204
007125  265.157233  30.779204
007126  265.408805  30.779204
007127  265.660377  30.779204
007128  265.911950  30.779204
007129  266.163522  30.779204
007130  266.415094  30.779204
007131  266.666667  30.779204
007132  266.918239  30.779204
007133  267.169811  30.779204
007134  267.421384  30.779204
007135  267.672956  30.779204
007136  267.924528  30.779204
007137  268.176101  30.779204
007138  268.427673  30.779204
007139  268.679245  30.779204
007140  268.930818  30.779204
007141  269.182390  30.779204
007142  269.433962  30.779204
007143  269.685535  30.779204
007144  269.937107  30.779204
007145  270.188679  30.779204
007146  270.440252  30.779204
007147  270.691824  30.779204
007148  270.943396  30.779204
007149  271.194969  30.779204
007150  271.446541  30.779204
007151  271.698113  30.779204
007152  271.949686  30.779204
007153  272.201258  30.779204
007154  272.452830  30.779204
007155  272.704403  30.779204
007156  272.955975  30.779204
007157  273.207547  30.779204
007158  273.459119  30.779204
007159  273.710692  30.779204
007160  273.962264  30.779204
007161  274.213836  30.779204
007162  274.465409  30.779204
007163  274.716981  30.779204
007164  274.968553  30.779204
007165  275.220126  30.779204
007166  275.471698  30.779204
007167  275.723270  30.779204
007168  275.974843  30.779204
007169  276.226415  30.779204
007170  276.477987  30.779204
007171  276.729560  30.779204
007172  276.981132  30.779204
007173  277.232704  30.779204
007174  277.484277  30.779204
007175  277.735849  30.779204
007176  277.987421  30.779204
007177  278.238994  30.779204
007178  278.490566  30.779204
007179  278.742138  30.779204
007180  243.529412  30.995041
007181  243.781513  30.995041
007182  244.033613  30.995041
007183  244.285714  30.995041
007184  244.537815  30.995041
007185  244.789916  30.995041
007186  245.042017  30.995041
007187  245.294118  30.995041
007188  246.806723  30.995041
007189  247.058824  30.995041
007190  247.310924  30.995041
007191  247.563025  30.995041
007192  247.815126  30.995041
007193  248.067227  30.995041
007194  248.319328  30.995041
007195  248.571429  30.995041
007196  248.823529  30.995041
007197  249.075630  30.995041
007198  249.327731  30.995041
007199  249.579832  30.995041
007200  249.831933  30.995041
007201  250.084034  30.995041
007202  250.336134  30.995041
007203  250.588235  30.995041
007204  250.840336  30.995041
007205  251.092437  30.995041
007206  251.344538  30.995041
007207  251.596639  30.995041
007208  251.848739  30.995041
007209  252.100840  30.995041
007210  252.352941  30.995041
007211  252.605042  30.995041
007212  252.857143  30.995041
007213  253.109244  30.995041
007214  253.361345  30.995041
007215  253.613445  30.995041
007216  253.865546  30.995041
007217  254.117647  30.995041
007218  254.369748  30.995041
007219  254.621849  30.995041
007220  254.873950  30.995041
007221  255.126050  30.995041
007222  255.378151  30.995041
007223  255.630252  30.995041
007224  255.882353  30.995041
007225  256.134454  30.995041
007226  256.386555  30.995041
007227  256.638655  30.995041
007228  256.890756  30.995041
007229  257.142857  30.995041
007230  257.394958  30.995041
007231  257.647059  30.995041
007232  257.899160  30.995041
007233  258.151261  30.995041
007234  258.403361  30.995041
007235  258.655462  30.995041
007236  258.907563  30.995041
007237  259.159664  30.995041
007238  259.411765  30.995041
007239  259.663866  30.995041
007240  259.915966  30.995041
007241  260.168067  30.995041
007242  260.420168  30.995041
007243  260.672269  30.995041
007244  260.924370  30.995041
007245  261.176471  30.995041
007246  261.428571  30.995041
007247  261.680672  30.995041
007248  261.932773  30.995041
007249  262.184874  30.995041
007250  262.436975  30.995041
007251  262.689076  30.995041
007252  262.941176  30.995041
007253  263.193277  30.995041
007254  263.445378  30.995041
007255  263.697479  30.995041
007256  263.949580  30.995041
007257  264.201681  30.995041
007258  264.453782  30.995041
007259  264.705882  30.995041
007260  264.957983  30.995041
007261  265.210084  30.995041
007262  265.462185  30.995041
007263  265.714286  30.995041
007264  265.966387  30.995041
007265  266.218487  30.995041
007266  266.470588  30.995041
007267  266.722689  30.995041
007268  266.974790  30.995041
007269  267.226891  30.995041
007270  267.478992  30.995041
007271  267.731092  30.995041
007272  267.983193  30.995041
007273  268.235294  30.995041
007274  268.487395  30.995041
007275  268.739496  30.995041
007276  268.991597  30.995041
007277  269.243697  30.995041
007278  269.495798  30.995041
007279  269.747899  30.995041
007280  270.000000  30.995041
007281  270.252101  30.995041
007282  270.504202  30.995041
007283  270.756303  30.995041
007284  271.008403  30.995041
007285  271.260504  30.995041
007286  271.512605  30.995041
007287  271.764706  30.995041
007288  272.016807  30.995041
007289  272.268908  30.995041
007290  272.521008  30.995041
007291  272.773109  30.995041
007292  273.025210  30.995041
007293  273.277311  30.995041
007294  273.529412  30.995041
007295  273.781513  30.995041
007296  274.033613  30.995041
007297  274.285714  30.995041
007298  274.537815  30.995041
007299  274.789916  30.995041
007300  275.042017  30.995041
007301  275.294118  30.995041
007302  275.546218  30.995041
007303  275.798319  30.995041
007304  276.050420  30.995041
007305  276.302521  30.995041
007306  276.554622  30.995041
007307  276.806723  30.995041
007308  277.058824  30.995041
007309  277.310924  30.995041
007310  277.563025  30.995041
007311  277.815126  30.995041
007312  278.067227  30.995041
007313  278.319328  30.995041
007314  278.571429  30.995041
007315  278.823529  30.995041
007316  243.536842  31.210878
007317  243.789474  31.210878
007318  244.042105  31.210878
007319  244.294737  31.210878
007320  244.547368  31.210878
007321  244.800000  31.210878
007322  245.052632  31.210878
007323  245.305263  31.210878
007324  246.568421  31.210878
007325  246.821053  31.210878
007326  247.073684  31.210878
007327  247.326316  31.210878
007328  247.578947  31.210878
007329  247.831579  31.210878
007330  248.084211  31.210878
007331  248.336842  31.210878
007332  248.589474  31.210878
007333  248.842105  31.210878
007334  249.094737  31.210878
007335  249.347368  31.210878
007336  249.600000  31.210878
007337  249.852632  31.210878
007338  250.105263  31.210878
007339  250.357895  31.210878
007340  250.610526  31.210878
007341  250.863158  31.210878
007342  251.115789  31.210878
007343  251.368421  31.210878
007344  251.621053  31.210878
007345  251.873684  31.210878
007346  252.126316  31.210878
007347  252.378947  31.210878
007348  252.631579  31.210878
007349  252.884211  31.210878
007350  253.136842  31.210878
007351  253.389474  31.210878
007352  253.642105  31.210878
007353  253.894737  31.210878
007354  254.147368  31.210878
007355  254.400000  31.210878
007356  254.652632  31.210878
007357  254.905263  31.210878
007358  255.157895  31.210878
007359  255.410526  31.210878
007360  255.663158  31.210878
007361  255.915789  31.210878
007362  256.168421  31.210878
007363  256.421053  31.210878
007364  256.673684  31.210878
007365  256.926316  31.210878
007366  257.178947  31.210878
007367  257.431579  31.210878
007368  257.684211  31.210878
007369  257.936842  31.210878
007370  258.189474  31.210878
007371  258.442105  31.210878
007372  258.694737  31.210878
007373  258.947368  31.210878
007374  259.200000  31.210878
007375  259.452632  31.210878
007376  259.705263  31.210878
007377  259.957895  31.210878
007378  260.210526  31.210878
007379  260.463158  31.210878
007380  260.715789  31.210878
007381  260.968421  31.210878
007382  261.221053  31.210878
007383  261.473684  31.210878
007384  261.726316  31.210878
007385  261.978947  31.210878
007386  262.231579  31.210878
007387  262.484211  31.210878
007388  262.736842  31.210878
007389  262.989474  31.210878
007390  263.242105  31.210878
007391  263.494737  31.210878
007392  263.747368  31.210878
007393  264.000000  31.210878
007394  264.252632  31.210878
007395  264.505263  31.210878
007396  264.757895  31.210878
007397  265.010526  31.210878
007398  265.263158  31.210878
007399  265.515789  31.210878
007400  265.768421  31.210878
007401  266.021053  31.210878
007402  266.273684  31.210878
007403  266.526316  31.210878
007404  266.778947  31.210878
007405  267.031579  31.210878
007406  267.284211  31.210878
007407  267.536842  31.210878
007408  267.789474  31.210878
007409  268.042105  31.210878
007410  268.294737  31.210878
007411  268.547368  31.210878
007412  268.800000  31.210878
007413  269.052632  31.210878
007414  269.305263  31.210878
007415  269.557895  31.210878
007416  269.810526  31.210878
007417  270.063158  31.210878
007418  270.315789  31.210878
007419  270.568421  31.210878
007420  270.821053  31.210878
007421  271.073684  31.210878
007422  271.326316  31.210878
007423  271.578947  31.210878
007424  271.831579  31.210878
007425  272.084211  31.210878
007426  272.336842  31.210878
007427  272.589474  31.210878
007428  272.842105  31.210878
007429  273.094737  31.210878
007430  273.347368  31.210878
007431  273.600000  31.210878
007432  273.852632  31.210878
007433  274.105263  31.210878
007434  274.357895  31.210878
007435  274.610526  31.210878
007436  274.863158  31.210878
007437  275.115789  31.210878
007438  275.368421  31.210878
007439  275.621053  31.210878
007440  275.873684  31.210878
007441  276.126316  31.210878
007442  276.378947  31.210878
007443  276.631579  31.210878
007444  276.884211  31.210878
007445  277.136842  31.210878
007446  277.389474  31.210878
007447  277.642105  31.210878
007448  277.894737  31.210878
007449  278.147368  31.210878
007450  278.400000  31.210878
007451  278.652632  31.210878
007452  278.905263  31.210878
007453  243.291139  31.426715
007454  243.544304  31.426715
007455  243.797468  31.426715
007456  244.050633  31.426715
007457  244.303797  31.426715
007458  244.556962  31.426715
007459  244.810127  31.426715
007460  245.063291  31.426715
007461  245.316456  31.426715
007462  245.569620  31.426715
007463  245.822785  31.426715
007464  246.075949  31.426715
007465  246.329114  31.426715
007466  246.582278  31.426715
007467  246.835443  31.426715
007468  247.088608  31.426715
007469  247.341772  31.426715
007470  247.594937  31.426715
007471  247.848101  31.426715
007472  248.101266  31.426715
007473  248.354430  31.426715
007474  248.607595  31.426715
007475  248.860759  31.426715
007476  249.113924  31.426715
007477  249.367089  31.426715
007478  249.620253  31.426715
007479  249.873418  31.426715
007480  250.126582  31.426715
007481  250.379747  31.426715
007482  250.632911  31.426715
007483  250.886076  31.426715
007484  251.139241  31.426715
007485  251.392405  31.426715
007486  251.645570  31.426715
007487  251.898734  31.426715
007488  252.151899  31.426715
007489  252.405063  31.426715
007490  252.658228  31.426715
007491  252.911392  31.426715
007492  253.164557  31.426715
007493  253.417722  31.426715
007494  253.670886  31.426715
007495  253.924051  31.426715
007496  254.177215  31.426715
007497  254.430380  31.426715
007498  254.683544  31.426715
007499  254.936709  31.426715
007500  255.189873  31.426715
007501  255.443038  31.426715
007502  255.696203  31.426715
007503  255.949367  31.426715
007504  256.202532  31.426715
007505  256.455696  31.426715
007506  256.708861  31.426715
007507  256.962025  31.426715
007508  257.215190  31.426715
007509  257.468354  31.426715
007510  257.721519  31.426715
007511  257.974684  31.426715
007512  258.227848  31.426715
007513  258.481013  31.426715
007514  258.734177  31.426715
007515  258.987342  31.426715
007516  259.240506  31.426715
007517  259.493671  31.426715
007518  259.746835  31.426715
007519  260.000000  31.426715
007520  260.253165  31.426715
007521  260.506329  31.426715
007522  260.759494  31.426715
007523  261.012658  31.426715
007524  261.265823  31.426715
007525  261.518987  31.426715
007526  261.772152  31.426715
007527  262.025316  31.426715
007528  262.278481  31.426715
007529  262.531646  31.426715
007530  262.784810  31.426715
007531  263.037975  31.426715
007532  263.291139  31.426715
007533  263.544304  31.426715
007534  263.797468  31.426715
007535  264.050633  31.426715
007536  264.303797  31.426715
007537  264.556962  31.426715
007538  264.810127  31.426715
007539  265.063291  31.426715
007540  265.316456  31.426715
007541  265.569620  31.426715
007542  265.822785  31.426715
007543  266.075949  31.426715
007544  266.329114  31.426715
007545  266.582278  31.426715
007546  266.835443  31.426715
007547  267.088608  31.426715
007548  267.341772  31.426715
007549  267.594937  31.426715
007550  267.848101  31.426715
007551  268.101266  31.426715
007552  268.354430  31.426715
007553  268.607595  31.426715
007554  268.860759  31.426715
007555  269.113924  31.426715
007556  269.367089  31.426715
007557  269.620253  31.426715
007558  269.873418  31.426715
007559  270.126582  31.426715
007560  270.379747  31.426715
007561  270.632911  31.426715
007562  270.886076  31.426715
007563  271.139241  31.426715
007564  271.392405  31.426715
007565  271.645570  31.426715
007566  271.898734  31.426715
007567  272.151899  31.426715
007568  272.405063  31.426715
007569  272.658228  31.426715
007570  272.911392  31.426715
007571  273.164557  31.426715
007572  273.417722  31.426715
007573  273.670886  31.426715
007574  273.924051  31.426715
007575  274.177215  31.426715
007576  274.430380  31.426715
007577  274.683544  31.426715
007578  274.936709  31.426715
007579  275.189873  31.426715
007580  275.443038  31.426715
007581  275.696203  31.426715
007582  275.949367  31.426715
007583  276.202532  31.426715
007584  276.455696  31.426715
007585  276.708861  31.426715
007586  276.962025  31.426715
007587  277.215190  31.426715
007588  277.468354  31.426715
007589  277.721519  31.426715
007590  277.974684  31.426715
007591  278.227848  31.426715
007592  278.481013  31.426715
007593  278.734177  31.426715
007594  278.987342  31.426715
007595  243.215797  31.642553
007596  243.469676  31.642553
007597  243.723554  31.642553
007598  243.977433  31.642553
007599  244.231312  31.642553
007600  244.485190  31.642553
007601  244.739069  31.642553
007602  244.992948  31.642553
007603  245.246827  31.642553
007604  245.500705  31.642553
007605  245.754584  31.642553
007606  246.008463  31.642553
007607  246.262341  31.642553
007608  246.516220  31.642553
007609  246.770099  31.642553
007610  247.023977  31.642553
007611  247.277856  31.642553
007612  247.531735  31.642553
007613  247.785614  31.642553
007614  248.039492  31.642553
007615  248.293371  31.642553
007616  248.547250  31.642553
007617  248.801128  31.642553
007618  249.055007  31.642553
007619  249.308886  31.642553
007620  249.562764  31.642553
007621  249.816643  31.642553
007622  250.070522  31.642553
007623  250.324401  31.642553
007624  250.578279  31.642553
007625  250.832158  31.642553
007626  251.086037  31.642553
007627  251.339915  31.642553
007628  251.593794  31.642553
007629  251.847673  31.642553
007630  252.101551  31.642553
007631  252.355430  31.642553
007632  252.609309  31.642553
007633  252.863188  31.642553
007634  253.117066  31.642553
007635  253.370945  31.642553
007636  253.624824  31.642553
007637  253.878702  31.642553
007638  254.132581  31.642553
007639  254.386460  31.642553
007640  254.640339  31.642553
007641  254.894217  31.642553
007642  255.148096  31.642553
007643  255.401975  31.642553
007644  255.655853  31.642553
007645  255.909732  31.642553
007646  256.163611  31.642553
007647  256.417489  31.642553
007648  256.671368  31.642553
007649  256.925247  31.642553
007650  257.179126  31.642553
007651  257.433004  31.642553
007652  257.686883  31.642553
007653  257.940762  31.642553
007654  258.194640  31.642553
007655  258.448519  31.642553
007656  258.702398  31.642553
007657  258.956276  31.642553
007658  259.210155  31.642553
007659  259.464034  31.642553
007660  259.717913  31.642553
007661  259.971791  31.642553
007662  260.225670  31.642553
007663  260.479549  31.642553
007664  260.733427  31.642553
007665  260.987306  31.642553
007666  261.241185  31.642553
007667  261.495063  31.642553
007668  261.748942  31.642553
007669  262.002821  31.642553
007670  262.256700  31.642553
007671  262.510578  31.642553
007672  262.764457  31.642553
007673  263.018336  31.642553
007674  263.272214  31.642553
007675  263.526093  31.642553
007676  263.779972  31.642553
007677  264.033850  31.642553
007678  264.287729  31.642553
007679  264.541608  31.642553
007680  264.795487  31.642553
007681  265.049365  31.642553
007682  265.303244  31.642553
007683  265.557123  31.642553
007684  265.811001  31.642553
007685  266.064880  31.642553
007686  266.318759  31.642553
007687  266.572638  31.642553
007688  266.826516  31.642553
007689  267.080395  31.642553
007690  267.334274  31.642553
007691  267.588152  31.642553
007692  267.842031  31.642553
007693  268.095910  31.642553
007694  268.349788  31.642553
007695  268.603667  31.642553
007696  268.857546  31.642553
007697  269.111425  31.642553
007698  269.365303  31.642553
007699  269.619182  31.642553
007700  269.873061  31.642553
007701  270.126939  31.642553
007702  270.380818  31.642553
007703  270.634697  31.642553
007704  270.888575  31.642553
007705  271.142454  31.642553
007706  271.396333  31.642553
007707  271.650212  31.642553
007708  271.904090  31.642553
007709  272.157969  31.642553
007710  272.411848  31.642553
007711  272.665726  31.642553
007712  272.919605  31.642553
007713  273.173484  31.642553
007714  273.427362  31.642553
007715  273.681241  31.642553
007716  273.935120  31.642553
007717  274.188999  31.642553
007718  274.442877  31.642553
007719  274.696756  31.642553
007720  274.950635  31.642553
007721  275.204513  31.642553
007722  275.458392  31.642553
007723  275.712271  31.642553
007724  275.966150  31.642553
007725  276.220028  31.642553
007726  276.473907  31.642553
007727  276.727786  31.642553
007728  276.981664  31.642553
007729  277.235543  31.642553
007730  277.489422  31.642553
007731  277.743300  31.642553
007732  277.997179  31.642553
007733  278.251058  31.642553
007734  278.504937  31.642553
007735  278.758815  31.642553
007736  279.012694  31.642553
007737  243.222615  31.858390
007738  243.477032  31.858390
007739  243.731449  31.858390
007740  243.985866  31.858390
007741  244.240283  31.858390
007742  244.494700  31.858390
007743  244.749117  31.858390
007744  245.003534  31.858390
007745  245.257951  31.858390
007746  245.512367  31.858390
007747  245.766784  31.858390
007748  246.021201  31.858390
007749  246.275618  31.858390
007750  246.530035  31.858390
007751  246.784452  31.858390
007752  247.038869  31.858390
007753  247.293286  31.858390
007754  247.547703  31.858390
007755  247.802120  31.858390
007756  248.056537  31.858390
007757  248.310954  31.858390
007758  248.565371  31.858390
007759  248.819788  31.858390
007760  249.074205  31.858390
007761  249.328622  31.858390
007762  249.583039  31.858390
007763  249.837456  31.858390
007764  250.091873  31.858390
007765  250.346290  31.858390
007766  250.600707  31.858390
007767  250.855124  31.858390
007768  251.109541  31.858390
007769  251.363958  31.858390
007770  251.618375  31.858390
007771  251.872792  31.858390
007772  252.127208  31.858390
007773  252.381625  31.858390
007774  252.636042  31.858390
007775  252.890459  31.858390
007776  253.144876  31.858390
007777  253.399293  31.858390
007778  253.653710  31.858390
007779  253.908127  31.858390
007780  254.162544  31.858390
007781  254.416961  31.858390
007782  254.671378  31.858390
007783  254.925795  31.858390
007784  255.180212  31.858390
007785  255.434629  31.858390
007786  255.689046  31.858390
007787  255.943463  31.858390
007788  256.197880  31.858390
007789  256.452297  31.858390
007790  256.706714  31.858390
007791  256.961131  31.858390
007792  257.215548  31.858390
007793  257.469965  31.858390
007794  257.724382  31.858390
007795  257.978799  31.858390
007796  258.233216  31.858390
007797  258.487633  31.858390
007798  258.742049  31.858390
007799  258.996466  31.858390
007800  259.250883  31.858390
007801  259.505300  31.858390
007802  259.759717  31.858390
007803  260.014134  31.858390
007804  260.268551  31.858390
007805  260.522968  31.858390
007806  260.777385  31.858390
007807  261.031802  31.858390
007808  261.286219  31.858390
007809  261.540636  31.858390
007810  261.795053  31.858390
007811  262.049470  31.858390
007812  262.303887  31.858390
007813  262.558304  31.858390
007814  262.812721  31.858390
007815  263.067138  31.858390
007816  263.321555  31.858390
007817  263.575972  31.858390
007818  263.830389  31.858390
007819  264.084806  31.858390
007820  264.339223  31.858390
007821  264.593640  31.858390
007822  264.848057  31.858390
007823  265.102473  31.858390
007824  265.356890  31.858390
007825  265.611307  31.858390
007826  265.865724  31.858390
007827  266.120141  31.858390
007828  266.374558  31.858390
007829  266.628975  31.858390
007830  266.883392  31.858390
007831  267.137809  31.858390
007832  267.392226  31.858390
007833  267.646643  31.858390
007834  267.901060  31.858390
007835  268.155477  31.858390
007836  268.409894  31.858390
007837  268.664311  31.858390
007838  268.918728  31.858390
007839  269.173145  31.858390
007840  269.427562  31.858390
007841  269.681979  31.858390
007842  269.936396  31.858390
007843  270.190813  31.858390
007844  270.445230  31.858390
007845  270.699647  31.858390
007846  270.954064  31.858390
007847  271.208481  31.858390
007848  271.462898  31.858390
007849  271.717314  31.858390
007850  271.971731  31.858390
007851  272.226148  31.858390
007852  272.480565  31.858390
007853  272.734982  31.858390
007854  272.989399  31.858390
007855  273.243816  31.858390
007856  273.498233  31.858390
007857  273.752650  31.858390
007858  274.007067  31.858390
007859  274.261484  31.858390
007860  274.515901  31.858390
007861  274.770318  31.858390
007862  275.024735  31.858390
007863  275.279152  31.858390
007864  275.533569  31.858390
007865  275.787986  31.858390
007866  276.042403  31.858390
007867  276.296820  31.858390
007868  276.551237  31.858390
007869  276.805654  31.858390
007870  277.060071  31.858390
007871  277.314488  31.858390
007872  277.568905  31.858390
007873  277.823322  31.858390
007874  278.077739  31.858390
007875  278.332155  31.858390
007876  278.586572  31.858390
007877  278.840989  31.858390
007878  279.095406  31.858390
007879  242.974504  32.074227
007880  243.229462  32.074227
007881  243.484419  32.074227
007882  243.739377  32.074227
007883  243.994334  32.074227
007884  244.249292  32.074227
007885  244.504249  32.074227
007886  244.759207  32.074227
007887  245.014164  32.074227
007888  245.269122  32.074227
007889  245.524079  32.074227
007890  245.779037  32.074227
007891  246.033994  32.074227
007892  246.288952  32.074227
007893  246.543909  32.074227
007894  246.798867  32.074227
007895  247.053824  32.074227
007896  247.308782  32.074227
007897  247.563739  32.074227
007898  247.818697  32.074227
007899  248.073654  32.074227
007900  248.328612  32.074227
007901  248.583569  32.074227
007902  248.838527  32.074227
007903  249.093484  32.074227
007904  249.348442  32.074227
007905  249.603399  32.074227
007906  249.858357  32.074227
007907  250.113314  32.074227
007908  250.368272  32.074227
007909  250.623229  32.074227
007910  250.878187  32.074227
007911  251.133144  32.074227
007912  251.388102  32.074227
007913  251.643059  32.074227
007914  251.898017  32.074227
007915  252.152975  32.074227
007916  252.407932  32.074227
007917  252.662890  32.074227
007918  252.917847  32.074227
007919  253.172805  32.074227
007920  253.427762  32.074227
007921  253.682720  32.074227
007922  253.937677  32.074227
007923  254.192635  32.074227
007924  254.447592  32.074227
007925  254.702550  32.074227
007926  254.957507  32.074227
007927  255.212465  32.074227
007928  255.467422  32.074227
007929  255.722380  32.074227
007930  255.977337  32.074227
007931  256.232295  32.074227
007932  256.487252  32.074227
007933  256.742210  32.074227
007934  256.997167  32.074227
007935  257.252125  32.074227
007936  257.507082  32.074227
007937  257.762040  32.074227
007938  258.016997  32.074227
007939  258.271955  32.074227
007940  258.526912  32.074227
007941  258.781870  32.074227
007942  259.036827  32.074227
007943  259.291785  32.074227
007944  259.546742  32.074227
007945  259.801700  32.074227
007946  260.056657  32.074227
007947  260.311615  32.074227
007948  260.566572  32.074227
007949  260.821530  32.074227
007950  261.076487  32.074227
007951  261.331445  32.074227
007952  261.586402  32.074227
007953  261.841360  32.074227
007954  262.096317  32.074227
007955  262.351275  32.074227
007956  262.606232  32.074227
007957  262.861190  32.074227
007958  263.116147  32.074227
007959  263.371105  32.074227
007960  263.626062  32.074227
007961  263.881020  32.074227
007962  264.135977  32.074227
007963  264.390935  32.074227
007964  264.645892  32.074227
007965  264.900850  32.074227
007966  265.155807  32.074227
007967  265.410765  32.074227
007968  265.665722  32.074227
007969  265.920680  32.074227
007970  266.175637  32.074227
007971  266.430595  32.074227
007972  266.685552  32.074227
007973  266.940510  32.074227
007974  267.195467  32.074227
007975  267.450425  32.074227
007976  267.705382  32.074227
007977  267.960340  32.074227
007978  268.215297  32.074227
007979  268.470255  32.074227
007980  268.725212  32.074227
007981  268.980170  32.074227
007982  269.235127  32.074227
007983  269.490085  32.074227
007984  269.745042  32.074227
007985  270.000000  32.074227
007986  270.254958  32.074227
007987  270.509915  32.074227
007988  270.764873  32.074227
007989  271.019830  32.074227
007990  271.274788  32.074227
007991  271.529745  32.074227
007992  271.784703  32.074227
007993  272.039660  32.074227
007994  272.294618  32.074227
007995  272.549575  32.074227
007996  272.804533  32.074227
007997  273.059490  32.074227
007998  273.314448  32.074227
007999  273.569405  32.074227
008000  273.824363  32.074227
008001  274.079320  32.074227
008002  274.334278  32.074227
008003  274.589235  32.074227
008004  274.844193  32.074227
008005  275.099150  32.074227
008006  275.354108  32.074227
008007  275.609065  32.074227
008008  275.864023  32.074227
008009  276.118980  32.074227
008010  276.373938  32.074227
008011  276.628895  32.074227
008012  276.883853  32.074227
008013  277.138810  32.074227
008014  277.393768  32.074227
008015  277.648725  32.074227
008016  277.903683  32.074227
008017  278.158640  32.074227
008018  278.413598  32.074227
008019  278.668555  32.074227
008020  278.923513  32.074227
008021  279.178470  32.074227
008022  279.433428  32.074227
008023  279.688385  32.074227
008024  242.897727  32.290064
008025  243.153409  32.290064
008026  243.409091  32.290064
008027  243.664773  32.290064
008028  243.920455  32.290064
008029  244.176136  32.290064
008030  244.431818  32.290064
008031  244.687500  32.290064
008032  244.943182  32.290064
008033  245.198864  32.290064
008034  245.454545  32.290064
008035  245.710227  32.290064
008036  245.965909  32.290064
008037  246.221591  32.290064
008038  246.477273  32.290064
008039  246.732955  32.290064
008040  246.988636  32.290064
008041  247.244318  32.290064
008042  247.500000  32.290064
008043  247.755682  32.290064
008044  248.011364  32.290064
008045  248.267045  32.290064
008046  248.522727  32.290064
008047  248.778409  32.290064
008048  249.034091  32.290064
008049  249.289773  32.290064
008050  249.545455  32.290064
008051  249.801136  32.290064
008052  250.056818  32.290064
008053  250.312500  32.290064
008054  250.568182  32.290064
008055  250.823864  32.290064
008056  251.079545  32.290064
008057  251.335227  32.290064
008058  251.590909  32.290064
008059  251.846591  32.290064
008060  252.102273  32.290064
008061  252.357955  32.290064
008062  252.613636  32.290064
008063  252.869318  32.290064
008064  253.125000  32.290064
008065  253.380682  32.290064
008066  253.636364  32.290064
008067  253.892045  32.290064
008068  254.147727  32.290064
008069  254.403409  32.290064
008070  254.659091  32.290064
008071  254.914773  32.290064
008072  255.170455  32.290064
008073  255.426136  32.290064
008074  255.681818  32.290064
008075  255.937500  32.290064
008076  256.193182  32.290064
008077  256.448864  32.290064
008078  256.704545  32.290064
008079  256.960227  32.290064
008080  257.215909  32.290064
008081  257.471591  32.290064
008082  257.727273  32.290064
008083  257.982955  32.290064
008084  258.238636  32.290064
008085  258.494318  32.290064
008086  258.750000  32.290064
008087  259.005682  32.290064
008088  259.261364  32.290064
008089  259.517045  32.290064
008090  259.772727  32.290064
008091  260.028409  32.290064
008092  260.284091  32.290064
008093  260.539773  32.290064
008094  260.795455  32.290064
008095  261.051136  32.290064
008096  261.306818  32.290064
008097  261.562500  32.290064
008098  261.818182  32.290064
008099  262.073864  32.290064
008100  262.329545  32.290064
008101  262.585227  32.290064
008102  262.840909  32.290064
008103  263.096591  32.290064
008104  263.352273  32.290064
008105  263.607955  32.290064
008106  263.863636  32.290064
008107  264.119318  32.290064
008108  264.375000  32.290064
008109  264.630682  32.290064
008110  264.886364  32.290064
008111  265.142045  32.290064
008112  265.397727  32.290064
008113  265.653409  32.290064
008114  265.909091  32.290064
008115  266.164773  32.290064
008116  266.420455  32.290064
008117  266.676136  32.290064
008118  266.931818  32.290064
008119  267.187500  32.290064
008120  267.443182  32.290064
008121  267.698864  32.290064
008122  267.954545  32.290064
008123  268.210227  32.290064
008124  268.465909  32.290064
008125  268.721591  32.290064
008126  268.977273  32.290064
008127  269.232955  32.290064
008128  269.488636  32.290064
008129  269.744318  32.290064
008130  270.000000  32.290064
008131  270.255682  32.290064
008132  270.511364  32.290064
008133  270.767045  32.290064
008134  271.022727  32.290064
008135  271.278409  32.290064
008136  271.534091  32.290064
008137  271.789773  32.290064
008138  272.045455  32.290064
008139  272.301136  32.290064
008140  272.556818  32.290064
008141  272.812500  32.290064
008142  273.068182  32.290064
008143  273.323864  32.290064
008144  273.579545  32.290064
008145  273.835227  32.290064
008146  274.090909  32.290064
008147  274.346591  32.290064
008148  274.602273  32.290064
008149  274.857955  32.290064
008150  275.113636  32.290064
008151  275.369318  32.290064
008152  275.625000  32.290064
008153  275.880682  32.290064
008154  276.136364  32.290064
008155  276.392045  32.290064
008156  276.647727  32.290064
008157  276.903409  32.290064
008158  277.159091  32.290064
008159  277.414773  32.290064
008160  277.670455  32.290064
008161  277.926136  32.290064
008162  278.181818  32.290064
008163  278.437500  32.290064
008164  278.693182  32.290064
008165  278.948864  32.290064
008166  279.204545  32.290064
008167  279.460227  32.290064
008168  279.715909  32.290064
008169  242.647687  32.505901
008170  242.903915  32.505901
008171  243.160142  32.505901
008172  243.416370  32.505901
008173  243.672598  32.505901
008174  243.928826  32.505901
008175  244.185053  32.505901
008176  244.441281  32.505901
008177  244.697509  32.505901
008178  244.953737  32.505901
008179  245.209964  32.505901
008180  245.466192  32.505901
008181  245.722420  32.505901
008182  245.978648  32.505901
008183  246.234875  32.505901
008184  246.491103  32.505901
008185  246.747331  32.505901
008186  247.003559  32.505901
008187  247.259786  32.505901
008188  247.516014  32.505901
008189  247.772242  32.505901
008190  248.028470  32.505901
008191  248.284698  32.505901
008192  248.540925  32.505901
008193  248.797153  32.505901
008194  249.053381  32.505901
008195  249.309609  32.505901
008196  249.565836  32.505901
008197  249.822064  32.505901
008198  250.078292  32.505901
008199  250.334520  32.505901
008200  250.590747  32.505901
008201  250.846975  32.505901
008202  251.103203  32.505901
008203  251.359431  32.505901
008204  251.615658  32.505901
008205  251.871886  32.505901
008206  252.128114  32.505901
008207  252.384342  32.505901
008208  252.640569  32.505901
008209  252.896797  32.505901
008210  253.153025  32.505901
008211  253.409253  32.505901
008212  253.665480  32.505901
008213  253.921708  32.505901
008214  254.177936  32.505901
008215  254.434164  32.505901
008216  254.690391  32.505901
008217  254.946619  32.505901
008218  255.202847  32.505901
008219  255.459075  32.505901
008220  255.715302  32.505901
008221  255.971530  32.505901
008222  256.227758  32.505901
008223  256.483986  32.505901
008224  256.740214  32.505901
008225  256.996441  32.505901
008226  257.252669  32.505901
008227  257.508897  32.505901
008228  257.765125  32.505901
008229  258.021352  32.505901
008230  258.277580  32.505901
008231  258.533808  32.505901
008232  258.790036  32.505901
008233  259.046263  32.505901
008234  259.302491  32.505901
008235  259.558719  32.505901
008236  259.814947  32.505901
008237  260.071174  32.505901
008238  260.327402  32.505901
008239  260.583630  32.505901
008240  260.839858  32.505901
008241  261.096085  32.505901
008242  261.352313  32.505901
008243  261.608541  32.505901
008244  261.864769  32.505901
008245  262.120996  32.505901
008246  262.377224  32.505901
008247  262.633452  32.505901
008248  262.889680  32.505901
008249  263.145907  32.505901
008250  263.402135  32.505901
008251  263.658363  32.505901
008252  263.914591  32.505901
008253  264.170819  32.505901
008254  264.427046  32.505901
008255  264.683274  32.505901
008256  264.939502  32.505901
008257  265.195730  32.505901
008258  265.451957  32.505901
008259  265.708185  32.505901
008260  265.964413  32.505901
008261  266.220641  32.505901
008262  266.476868  32.505901
008263  266.733096  32.505901
008264  266.989324  32.505901
008265  267.245552  32.505901
008266  267.501779  32.505901
008267  267.758007  32.505901
008268  268.014235  32.505901
008269  268.270463  32.505901
008270  268.526690  32.505901
008271  268.782918  32.505901
008272  269.039146  32.505901
008273  269.295374  32.505901
008274  269.551601  32.505901
008275  269.807829  32.505901
008276  270.064057  32.505901
008277  270.320285  32.505901
008278  270.576512  32.505901
008279  270.832740  32.505901
008280  271.088968  32.505901
008281  271.345196  32.505901
008282  271.601423  32.505901
008283  271.857651  32.505901
008284  272.113879  32.505901
008285  272.370107  32.505901
008286  272.626335  32.505901
008287  272.882562  32.505901
008288  273.138790  32.505901
008289  273.395018  32.505901
008290  273.651246  32.505901
008291  273.907473  32.505901
008292  274.163701  32.505901
008293  274.419929  32.505901
008294  274.676157  32.505901
008295  274.932384  32.505901
008296  275.188612  32.505901
008297  275.444840  32.505901
008298  275.701068  32.505901
008299  275.957295  32.505901
008300  276.213523  32.505901
008301  276.469751  32.505901
008302  276.725979  32.505901
008303  276.982206  32.505901
008304  277.238434  32.505901
008305  277.494662  32.505901
008306  277.750890  32.505901
008307  278.007117  32.505901
008308  278.263345  32.505901
008309  278.519573  32.505901
008310  278.775801  32.505901
008311  279.032028  32.505901
008312  279.288256  32.505901
008313  279.544484  32.505901
008314  279.800712  32.505901
008315  280.056940  32.505901
008316  241.369472  32.721739
008317  241.626248  32.721739
008318  241.883024  32.721739
008319  242.653352  32.721739
008320  242.910128  32.721739
008321  243.166904  32.721739
008322  243.423680  32.721739
008323  243.680456  32.721739
008324  243.937233  32.721739
008325  244.194009  32.721739
008326  244.450785  32.721739
008327  244.707561  32.721739
008328  244.964337  32.721739
008329  245.221113  32.721739
008330  245.477889  32.721739
008331  245.734665  32.721739
008332  245.991441  32.721739
008333  246.248217  32.721739
008334  246.504993  32.721739
008335  246.761769  32.721739
008336  247.018545  32.721739
008337  247.275321  32.721739
008338  247.532097  32.721739
008339  247.788873  32.721739
008340  248.045649  32.721739
008341  248.302425  32.721739
008342  248.559201  32.721739
008343  248.815977  32.721739
008344  249.072753  32.721739
008345  249.329529  32.721739
008346  249.586305  32.721739
008347  249.843081  32.721739
008348  250.099857  32.721739
008349  250.356633  32.721739
008350  250.613409  32.721739
008351  250.870185  32.721739
008352  251.126961  32.721739
008353  251.383738  32.721739
008354  251.640514  32.721739
008355  251.897290  32.721739
008356  252.154066  32.721739
008357  252.410842  32.721739
008358  252.667618  32.721739
008359  252.924394  32.721739
008360  253.181170  32.721739
008361  253.437946  32.721739
008362  253.694722  32.721739
008363  253.951498  32.721739
008364  254.208274  32.721739
008365  254.465050  32.721739
008366  254.721826  32.721739
008367  254.978602  32.721739
008368  255.235378  32.721739
008369  255.492154  32.721739
008370  255.748930  32.721739
008371  256.005706  32.721739
008372  256.262482  32.721739
008373  256.519258  32.721739
008374  256.776034  32.721739
008375  257.032810  32.721739
008376  257.289586  32.721739
008377  257.546362  32.721739
008378  257.803138  32.721739
008379  258.059914  32.721739
008380  258.316690  32.721739
008381  258.573466  32.721739
008382  258.830243  32.721739
008383  259.087019  32.721739
008384  259.343795  32.721739
008385  259.600571  32.721739
008386  259.857347  32.721739
008387  260.114123  32.721739
008388  260.370899  32.721739
008389  260.627675  32.721739
008390  260.884451  32.721739
008391  261.141227  32.721739
008392  261.398003  32.721739
008393  261.654779  32.721739
008394  261.911555  32.721739
008395  262.168331  32.721739
008396  262.425107  32.721739
008397  262.681883  32.721739
008398  262.938659  32.721739
008399  263.195435  32.721739
008400  263.452211  32.721739
008401  263.708987  32.721739
008402  263.965763  32.721739
008403  264.222539  32.721739
008404  264.479315  32.721739
008405  264.736091  32.721739
008406  264.992867  32.721739
008407  265.249643  32.721739
008408  265.506419  32.721739
008409  265.763195  32.721739
008410  266.019971  32.721739
008411  266.276748  32.721739
008412  266.533524  32.721739
008413  266.790300  32.721739
008414  267.047076  32.721739
008415  267.303852  32.721739
008416  267.560628  32.721739
008417  267.817404  32.721739
008418  268.074180  32.721739
008419  268.330956  32.721739
008420  268.587732  32.721739
008421  268.844508  32.721739
008422  269.101284  32.721739
008423  269.358060  32.721739
008424  269.614836  32.721739
008425  269.871612  32.721739
008426  270.128388  32.721739
008427  270.385164  32.721739
008428  270.641940  32.721739
008429  270.898716  32.721739
008430  271.155492  32.721739
008431  271.412268  32.721739
008432  271.669044  32.721739
008433  271.925820  32.721739
008434  272.182596  32.721739
008435  272.439372  32.721739
008436  272.696148  32.721739
008437  272.952924  32.721739
008438  273.209700  32.721739
008439  273.466476  32.721739
008440  273.723252  32.721739
008441  273.980029  32.721739
008442  274.236805  32.721739
008443  274.493581  32.721739
008444  274.750357  32.721739
008445  275.007133  32.721739
008446  275.263909  32.721739
008447  275.520685  32.721739
008448  275.777461  32.721739
008449  276.034237  32.721739
008450  276.291013  32.721739
008451  276.547789  32.721739
008452  276.804565  32.721739
008453  277.061341  32.721739
008454  277.318117  32.721739
008455  277.574893  32.721739
008456  277.831669  32.721739
008457  278.088445  32.721739
008458  278.345221  32.721739
008459  278.601997  32.721739
008460  278.858773  32.721739
008461  279.115549  32.721739
008462  279.372325  32.721739
008463  279.629101  32.721739
008464  279.885877  32.721739
008465  280.142653  32.721739
008466  280.399429  32.721739
008467  240.515021  32.937576
008468  241.287554  32.937576
008469  241.545064  32.937576
008470  241.802575  32.937576
008471  242.575107  32.937576
008472  242.832618  32.937576
008473  243.090129  32.937576
008474  243.347639  32.937576
008475  243.605150  32.937576
008476  243.862661  32.937576
008477  244.120172  32.937576
008478  244.377682  32.937576
008479  244.635193  32.937576
008480  244.892704  32.937576
008481  245.150215  32.937576
008482  245.407725  32.937576
008483  245.665236  32.937576
008484  245.922747  32.937576
008485  246.180258  32.937576
008486  246.437768  32.937576
008487  246.695279  32.937576
008488  246.952790  32.937576
008489  247.210300  32.937576
008490  247.467811  32.937576
008491  247.725322  32.937576
008492  247.982833  32.937576
008493  248.240343  32.937576
008494  248.497854  32.937576
008495  248.755365  32.937576
008496  249.012876  32.937576
008497  249.270386  32.937576
008498  249.527897  32.937576
008499  249.785408  32.937576
008500  250.042918  32.937576
008501  250.300429  32.937576
008502  250.557940  32.937576
008503  250.815451  32.937576
008504  251.072961  32.937576
008505  251.330472  32.937576
008506  251.587983  32.937576
008507  251.845494  32.937576
008508  252.103004  32.937576
008509  252.360515  32.937576
008510  252.618026  32.937576
008511  252.875536  32.937576
008512  253.133047  32.937576
008513  253.390558  32.937576
008514  253.648069  32.937576
008515  253.905579  32.937576
008516  254.163090  32.937576
008517  254.420601  32.937576
008518  254.678112  32.937576
008519  254.935622  32.937576
008520  255.193133  32.937576
008521  255.450644  32.937576
008522  255.708155  32.937576
008523  255.965665  32.937576
008524  256.223176  32.937576
008525  256.480687  32.937576
008526  256.738197  32.937576
008527  256.995708  32.937576
008528  257.253219  32.937576
008529  257.510730  32.937576
008530  257.768240  32.937576
008531  258.025751  32.937576
008532  258.283262  32.937576
008533  258.540773  32.937576
008534  258.798283  32.937576
008535  259.055794  32.937576
008536  259.313305  32.937576
008537  259.570815  32.937576
008538  259.828326  32.937576
008539  260.085837  32.937576
008540  260.343348  32.937576
008541  260.600858  32.937576
008542  260.858369  32.937576
008543  261.115880  32.937576
008544  261.373391  32.937576
008545  261.630901  32.937576
008546  261.888412  32.937576
008547  262.145923  32.937576
008548  262.403433  32.937576
008549  262.660944  32.937576
008550  262.918455  32.937576
008551  263.175966  32.937576
008552  263.433476  32.937576
008553  263.690987  32.937576
008554  263.948498  32.937576
008555  264.206009  32.937576
008556  264.463519  32.937576
008557  264.721030  32.937576
008558  264.978541  32.937576
008559  265.236052  32.937576
008560  265.493562  32.937576
008561  265.751073  32.937576
008562  266.008584  32.937576
008563  266.266094  32.937576
008564  266.523605  32.937576
008565  266.781116  32.937576
008566  267.038627  32.937576
008567  267.296137  32.937576
008568  267.553648  32.937576
008569  267.811159  32.937576
008570  268.068670  32.937576
008571  268.326180  32.937576
008572  268.583691  32.937576
008573  268.841202  32.937576
008574  269.098712  32.937576
008575  269.356223  32.937576
008576  269.613734  32.937576
008577  269.871245  32.937576
008578  270.128755  32.937576
008579  270.386266  32.937576
008580  270.643777  32.937576
008581  270.901288  32.937576
008582  271.158798  32.937576
008583  271.416309  32.937576
008584  271.673820  32.937576
008585  271.931330  32.937576
008586  272.188841  32.937576
008587  272.446352  32.937576
008588  272.703863  32.937576
008589  272.961373  32.937576
008590  273.218884  32.937576
008591  273.476395  32.937576
008592  273.733906  32.937576
008593  273.991416  32.937576
008594  274.248927  32.937576
008595  274.506438  32.937576
008596  274.763948  32.937576
008597  275.021459  32.937576
008598  275.278970  32.937576
008599  275.536481  32.937576
008600  275.793991  32.937576
008601  276.051502  32.937576
008602  276.309013  32.937576
008603  276.566524  32.937576
008604  276.824034  32.937576
008605  277.081545  32.937576
008606  277.339056  32.937576
008607  277.596567  32.937576
008608  277.854077  32.937576
008609  278.111588  32.937576
008610  278.369099  32.937576
008611  278.626609  32.937576
008612  278.884120  32.937576
008613  279.141631  32.937576
008614  279.399142  32.937576
008615  279.656652  32.937576
008616  279.914163  32.937576
008617  280.171674  32.937576
008618  280.429185  32.937576
008619  280.686695  32.937576
008620  280.944206  32.937576
008621  240.258065  33.153413
008622  240.516129  33.153413
008623  240.774194  33.153413
008624  241.290323  33.153413
008625  241.548387  33.153413
008626  241.806452  33.153413
008627  242.322581  33.153413
008628  242.580645  33.153413
008629  242.838710  33.153413
008630  243.096774  33.153413
008631  243.354839  33.153413
008632  243.612903  33.153413
008633  243.870968  33.153413
008634  244.129032  33.153413
008635  244.387097  33.153413
008636  244.645161  33.153413
008637  244.903226  33.153413
008638  245.161290  33.153413
008639  245.419355  33.153413
008640  245.677419  33.153413
008641  245.935484  33.153413
008642  246.193548  33.153413
008643  246.451613  33.153413
008644  246.709677  33.153413
008645  246.967742  33.153413
008646  247.225806  33.153413
008647  247.483871  33.153413
008648  247.741935  33.153413
008649  248.000000  33.153413
008650  248.258065  33.153413
008651  248.516129  33.153413
008652  248.774194  33.153413
008653  249.032258  33.153413
008654  249.290323  33.153413
008655  249.548387  33.153413
008656  249.806452  33.153413
008657  250.064516  33.153413
008658  250.322581  33.153413
008659  250.580645  33.153413
008660  250.838710  33.153413
008661  251.096774  33.153413
008662  251.354839  33.153413
008663  251.612903  33.153413
008664  251.870968  33.153413
008665  252.129032  33.153413
008666  252.387097  33.153413
008667  252.645161  33.153413
008668  252.903226  33.153413
008669  253.161290  33.153413
008670  253.419355  33.153413
008671  253.677419  33.153413
008672  253.935484  33.153413
008673  254.193548  33.153413
008674  254.451613  33.153413
008675  254.709677  33.153413
008676  254.967742  33.153413
008677  255.225806  33.153413
008678  255.483871  33.153413
008679  255.741935  33.153413
008680  256.000000  33.153413
008681  256.258065  33.153413
008682  256.516129  33.153413
008683  256.774194  33.153413
008684  257.032258  33.153413
008685  257.290323  33.153413
008686  257.548387  33.153413
008687  257.806452  33.153413
008688  258.064516  33.153413
008689  258.322581  33.153413
008690  258.580645  33.153413
008691  258.838710  33.153413
008692  259.096774  33.153413
008693  259.354839  33.153413
008694  259.612903  33.153413
008695  259.870968  33.153413
008696  260.129032  33.153413
008697  260.387097  33.153413
008698  260.645161  33.153413
008699  260.903226  33.153413
008700  261.161290  33.153413
008701  261.419355  33.153413
008702  261.677419  33.153413
008703  261.935484  33.153413
008704  262.193548  33.153413
008705  262.451613  33.153413
008706  262.709677  33.153413
008707  262.967742  33.153413
008708  263.225806  33.153413
008709  263.483871  33.153413
008710  263.741935  33.153413
008711  264.000000  33.153413
008712  264.258065  33.153413
008713  264.516129  33.153413
008714  264.774194  33.153413
008715  265.032258  33.153413
008716  265.290323  33.153413
008717  265.548387  33.153413
008718  265.806452  33.153413
008719  266.064516  33.153413
008720  266.322581  33.153413
008721  266.580645  33.153413
008722  266.838710  33.153413
008723  267.096774  33.153413
008724  267.354839  33.153413
008725  267.612903  33.153413
008726  267.870968  33.153413
008727  268.129032  33.153413
008728  268.387097  33.153413
008729  268.645161  33.153413
008730  268.903226  33.153413
008731  269.161290  33.153413
008732  269.419355  33.153413
008733  269.677419  33.153413
008734  269.935484  33.153413
008735  270.193548  33.153413
008736  270.451613  33.153413
008737  270.709677  33.153413
008738  270.967742  33.153413
008739  271.225806  33.153413
008740  271.483871  33.153413
008741  271.741935  33.153413
008742  272.000000  33.153413
008743  272.258065  33.153413
008744  272.516129  33.153413
008745  272.774194  33.153413
008746  273.032258  33.153413
008747  273.290323  33.153413
008748  273.548387  33.153413
008749  273.806452  33.153413
008750  274.064516  33.153413
008751  274.322581  33.153413
008752  274.580645  33.153413
008753  274.838710  33.153413
008754  275.096774  33.153413
008755  275.354839  33.153413
008756  275.612903  33.153413
008757  275.870968  33.153413
008758  276.129032  33.153413
008759  276.387097  33.153413
008760  276.645161  33.153413
008761  276.903226  33.153413
008762  277.161290  33.153413
008763  277.419355  33.153413
008764  277.677419  33.153413
008765  277.935484  33.153413
008766  278.193548  33.153413
008767  278.451613  33.153413
008768  278.709677  33.153413
008769  278.967742  33.153413
008770  279.225806  33.153413
008771  279.483871  33.153413
008772  279.741935  33.153413
008773  280.000000  33.153413
008774  280.258065  33.153413
008775  280.516129  33.153413
008776  280.774194  33.153413
008777  281.032258  33.153413
008778  240.172538  33.369250
008779  240.431344  33.369250
008780  240.690151  33.369250
008781  240.948958  33.369250
008782  241.207764  33.369250
008783  241.466571  33.369250
008784  241.725377  33.369250
008785  241.984184  33.369250
008786  242.242991  33.369250
008787  242.501797  33.369250
008788  242.760604  33.369250
008789  243.019410  33.369250
008790  243.278217  33.369250
008791  243.537024  33.369250
008792  243.795830  33.369250
008793  244.054637  33.369250
008794  244.313444  33.369250
008795  244.572250  33.369250
008796  244.831057  33.369250
008797  245.089863  33.369250
008798  245.348670  33.369250
008799  245.607477  33.369250
008800  245.866283  33.369250
008801  246.125090  33.369250
008802  246.383896  33.369250
008803  246.642703  33.369250
008804  246.901510  33.369250
008805  247.160316  33.369250
008806  247.419123  33.369250
008807  247.677930  33.369250
008808  247.936736  33.369250
008809  248.195543  33.369250
008810  248.454349  33.369250
008811  248.713156  33.369250
008812  248.971963  33.369250
008813  249.230769  33.369250
008814  249.489576  33.369250
008815  249.748382  33.369250
008816  250.007189  33.369250
008817  250.265996  33.369250
008818  250.524802  33.369250
008819  250.783609  33.369250
008820  251.042416  33.369250
008821  251.301222  33.369250
008822  251.560029  33.369250
008823  251.818835  33.369250
008824  252.077642  33.369250
008825  252.336449  33.369250
008826  252.595255  33.369250
008827  252.854062  33.369250
008828  253.112868  33.369250
008829  253.371675  33.369250
008830  253.630482  33.369250
008831  253.889288  33.369250
008832  254.148095  33.369250
008833  254.406902  33.369250
008834  254.665708  33.369250
008835  254.924515  33.369250
008836  255.183321  33.369250
008837  255.442128  33.369250
008838  255.700935  33.369250
008839  255.959741  33.369250
008840  256.218548  33.369250
008841  256.477354  33.369250
008842  256.736161  33.369250
008843  256.994968  33.369250
008844  257.253774  33.369250
008845  257.512581  33.369250
008846  257.771387  33.369250
008847  258.030194  33.369250
008848  258.289001  33.369250
008849  258.547807  33.369250
008850  258.806614  33.369250
008851  259.065421  33.369250
008852  259.324227  33.369250
008853  259.583034  33.369250
008854  259.841840  33.369250
008855  260.100647  33.369250
008856  260.359454  33.369250
008857  260.618260  33.369250
008858  260.877067  33.369250
008859  261.135873  33.369250
008860  261.394680  33.369250
008861  261.653487  33.369250
008862  261.912293  33.369250
008863  262.171100  33.369250
008864  262.429907  33.369250
008865  262.688713  33.369250
008866  262.947520  33.369250
008867  263.206326  33.369250
008868  263.465133  33.369250
008869  263.723940  33.369250
008870  263.982746  33.369250
008871  264.241553  33.369250
008872  264.500359  33.369250
008873  264.759166  33.369250
008874  265.017973  33.369250
008875  265.276779  33.369250
008876  265.535586  33.369250
008877  265.794393  33.369250
008878  266.053199  33.369250
008879  266.312006  33.369250
008880  266.570812  33.369250
008881  266.829619  33.369250
008882  267.088426  33.369250
008883  267.347232  33.369250
008884  267.606039  33.369250
008885  267.864845  33.369250
008886  268.123652  33.369250
008887  268.382459  33.369250
008888  268.641265  33.369250
008889  268.900072  33.369250
008890  269.158879  33.369250
008891  269.417685  33.369250
008892  269.676492  33.369250
008893  269.935298  33.369250
008894  270.194105  33.369250
008895  270.452912  33.369250
008896  270.711718  33.369250
008897  270.970525  33.369250
008898  271.229331  33.369250
008899  271.488138  33.369250
008900  271.746945  33.369250
008901  272.005751  33.369250
008902  272.264558  33.369250
008903  272.523364  33.369250
008904  272.782171  33.369250
008905  273.040978  33.369250
008906  273.299784  33.369250
008907  273.558591  33.369250
008908  273.817398  33.369250
008909  274.076204  33.369250
008910  274.335011  33.369250
008911  274.593817  33.369250
008912  274.852624  33.369250
008913  275.111431  33.369250
008914  275.370237  33.369250
008915  275.629044  33.369250
008916  275.887850  33.369250
008917  276.146657  33.369250
008918  276.405464  33.369250
008919  276.664270  33.369250
008920  276.923077  33.369250
008921  277.181884  33.369250
008922  277.440690  33.369250
008923  277.699497  33.369250
008924  277.958303  33.369250
008925  278.217110  33.369250
008926  278.475917  33.369250
008927  278.734723  33.369250
008928  278.993530  33.369250
008929  279.252336  33.369250
008930  279.511143  33.369250
008931  279.769950  33.369250
008932  280.028756  33.369250
008933  280.287563  33.369250
008934  280.546370  33.369250
008935  280.805176  33.369250
008936  281.063983  33.369250
008937  240.691643  33.585087
008938  240.951009  33.585087
008939  241.210375  33.585087
008940  241.469741  33.585087
008941  241.729107  33.585087
008942  241.988473  33.585087
008943  242.247839  33.585087
008944  242.507205  33.585087
008945  242.766571  33.585087
008946  243.025937  33.585087
008947  243.285303  33.585087
008948  243.544669  33.585087
008949  243.804035  33.585087
008950  244.063401  33.585087
008951  244.322767  33.585087
008952  244.582133  33.585087
008953  244.841499  33.585087
008954  245.100865  33.585087
008955  245.360231  33.585087
008956  245.619597  33.585087
008957  245.878963  33.585087
008958  246.138329  33.585087
008959  246.397695  33.585087
008960  246.657061  33.585087
008961  246.916427  33.585087
008962  247.175793  33.585087
008963  247.435159  33.585087
008964  247.694524  33.585087
008965  247.953890  33.585087
008966  248.213256  33.585087
008967  248.472622  33.585087
008968  248.731988  33.585087
008969  248.991354  33.585087
008970  249.250720  33.585087
008971  249.510086  33.585087
008972  249.769452  33.585087
008973  250.028818  33.585087
008974  250.288184  33.585087
008975  250.547550  33.585087
008976  250.806916  33.585087
008977  251.066282  33.585087
008978  251.325648  33.585087
008979  251.585014  33.585087
008980  251.844380  33.585087
008981  252.103746  33.585087
008982  252.363112  33.585087
008983  252.622478  33.585087
008984  252.881844  33.585087
008985  253.141210  33.585087
008986  253.400576  33.585087
008987  253.659942  33.585087
008988  253.919308  33.585087
008989  254.178674  33.585087
008990  254.438040  33.585087
008991  254.697406  33.585087
008992  254.956772  33.585087
008993  255.216138  33.585087
008994  255.475504  33.585087
008995  255.734870  33.585087
008996  255.994236  33.585087
008997  256.253602  33.585087
008998  256.512968  33.585087
008999  256.772334  33.585087
009000  257.031700  33.585087
009001  257.291066  33.585087
009002  257.550432  33.585087
009003  257.809798  33.585087
009004  258.069164  33.585087
009005  258.328530  33.585087
009006  258.587896  33.585087
009007  258.847262  33.585087
009008  259.106628  33.585087
009009  259.365994  33.585087
009010  259.625360  33.585087
009011  259.884726  33.585087
009012  260.144092  33.585087
009013  260.403458  33.585087
009014  260.662824  33.585087
009015  260.922190  33.585087
009016  261.181556  33.585087
009017  261.440922  33.585087
009018  261.700288  33.585087
009019  261.959654  33.585087
009020  262.219020  33.585087
009021  262.478386  33.585087
009022  262.737752  33.585087
009023  262.997118  33.585087
009024  263.256484  33.585087
009025  263.515850  33.585087
009026  263.775216  33.585087
009027  264.034582  33.585087
009028  264.293948  33.585087
009029  264.553314  33.585087
009030  264.812680  33.585087
009031  265.072046  33.585087
009032  265.331412  33.585087
009033  265.590778  33.585087
009034  265.850144  33.585087
009035  266.109510  33.585087
009036  266.368876  33.585087
009037  266.628242  33.585087
009038  266.887608  33.585087
009039  267.146974  33.585087
009040  267.406340  33.585087
009041  267.665706  33.585087
009042  267.925072  33.585087
009043  268.184438  33.585087
009044  268.443804  33.585087
009045  268.703170  33.585087
009046  268.962536  33.585087
009047  269.221902  33.585087
009048  269.481268  33.585087
009049  269.740634  33.585087
009050  270.000000  33.585087
009051  270.259366  33.585087
009052  270.518732  33.585087
009053  270.778098  33.585087
009054  271.037464  33.585087
009055  271.296830  33.585087
009056  271.556196  33.585087
009057  271.815562  33.585087
009058  272.074928  33.585087
009059  272.334294  33.585087
009060  272.593660  33.585087
009061  272.853026  33.585087
009062  273.112392  33.585087
009063  273.371758  33.585087
009064  273.631124  33.585087
009065  273.890490  33.585087
009066  274.149856  33.585087
009067  274.409222  33.585087
009068  274.668588  33.585087
009069  274.927954  33.585087
009070  275.187320  33.585087
009071  275.446686  33.585087
009072  275.706052  33.585087
009073  275.965418  33.585087
009074  276.224784  33.585087
009075  276.484150  33.585087
009076  276.743516  33.585087
009077  277.002882  33.585087
009078  277.262248  33.585087
009079  277.521614  33.585087
009080  277.780980  33.585087
009081  278.040346  33.585087
009082  278.299712  33.585087
009083  278.559078  33.585087
009084  278.818444  33.585087
009085  279.077810  33.585087
009086  279.337176  33.585087
009087  279.596542  33.585087
009088  279.855908  33.585087
009089  280.115274  33.585087
009090  280.374640  33.585087
009091  280.634006  33.585087
009092  280.893372  33.585087
009093  281.152738  33.585087
009094  281.412104  33.585087
009095  239.393502  33.800925
009096  239.653430  33.800925
009097  239.913357  33.800925
009098  240.173285  33.800925
009099  240.433213  33.800925
009100  240.693141  33.800925
009101  241.472924  33.800925
009102  241.732852  33.800925
009103  241.992780  33.800925
009104  242.252708  33.800925
009105  242.512635  33.800925
009106  242.772563  33.800925
009107  243.032491  33.800925
009108  243.292419  33.800925
009109  243.552347  33.800925
009110  243.812274  33.800925
009111  244.072202  33.800925
009112  244.332130  33.800925
009113  244.592058  33.800925
009114  244.851986  33.800925
009115  245.111913  33.800925
009116  245.371841  33.800925
009117  245.631769  33.800925
009118  245.891697  33.800925
009119  246.151625  33.800925
009120  246.411552  33.800925
009121  246.671480  33.800925
009122  246.931408  33.800925
009123  247.191336  33.800925
009124  247.451264  33.800925
009125  247.711191  33.800925
009126  247.971119  33.800925
009127  248.231047  33.800925
009128  248.490975  33.800925
009129  248.750903  33.800925
009130  249.010830  33.800925
009131  249.270758  33.800925
009132  249.530686  33.800925
009133  249.790614  33.800925
009134  250.050542  33.800925
009135  250.310469  33.800925
009136  250.570397  33.800925
009137  250.830325  33.800925
009138  251.090253  33.800925
009139  251.350181  33.800925
009140  251.610108  33.800925
009141  251.870036  33.800925
009142  252.129964  33.800925
009143  252.389892  33.800925
009144  252.649819  33.800925
009145  252.909747  33.800925
009146  253.169675  33.800925
009147  253.429603  33.800925
009148  253.689531  33.800925
009149  253.949458  33.800925
009150  254.209386  33.800925
009151  254.469314  33.800925
009152  254.729242  33.800925
009153  254.989170  33.800925
009154  255.249097  33.800925
009155  255.509025  33.800925
009156  255.768953  33.800925
009157  256.028881  33.800925
009158  256.288809  33.800925
009159  256.548736  33.800925
009160  256.808664  33.800925
009161  257.068592  33.800925
009162  257.328520  33.800925
009163  257.588448  33.800925
009164  257.848375  33.800925
009165  258.108303  33.800925
009166  258.368231  33.800925
009167  258.628159  33.800925
009168  258.888087  33.800925
009169  259.148014  33.800925
009170  259.407942  33.800925
009171  259.667870  33.800925
009172  259.927798  33.800925
009173  260.187726  33.800925
009174  260.447653  33.800925
009175  260.707581  33.800925
009176  260.967509  33.800925
009177  261.227437  33.800925
009178  261.487365  33.800925
009179  261.747292  33.800925
009180  262.007220  33.800925
009181  262.267148  33.800925
009182  262.527076  33.800925
009183  262.787004  33.800925
009184  263.046931  33.800925
009185  263.306859  33.800925
009186  263.566787  33.800925
009187  263.826715  33.800925
009188  264.086643  33.800925
009189  264.346570  33.800925
009190  264.606498  33.800925
009191  264.866426  33.800925
009192  265.126354  33.800925
009193  265.386282  33.800925
009194  265.646209  33.800925
009195  265.906137  33.800925
009196  266.166065  33.800925
009197  266.425993  33.800925
009198  266.685921  33.800925
009199  266.945848  33.800925
009200  267.205776  33.800925
009201  267.465704  33.800925
009202  267.725632  33.800925
009203  267.985560  33.800925
009204  268.245487  33.800925
009205  268.505415  33.800925
009206  268.765343  33.800925
009207  269.025271  33.800925
009208  269.285199  33.800925
009209  269.545126  33.800925
009210  269.805054  33.800925
009211  270.064982  33.800925
009212  270.324910  33.800925
009213  270.584838  33.800925
009214  270.844765  33.800925
009215  271.104693  33.800925
009216  271.364621  33.800925
009217  271.624549  33.800925
009218  271.884477  33.800925
009219  272.144404  33.800925
009220  272.404332  33.800925
009221  272.664260  33.800925
009222  272.924188  33.800925
009223  273.184116  33.800925
009224  273.444043  33.800925
009225  273.703971  33.800925
009226  273.963899  33.800925
009227  274.223827  33.800925
009228  274.483755  33.800925
009229  274.743682  33.800925
009230  275.003610  33.800925
009231  275.263538  33.800925
009232  275.523466  33.800925
009233  275.783394  33.800925
009234  276.043321  33.800925
009235  276.303249  33.800925
009236  276.563177  33.800925
009237  276.823105  33.800925
009238  277.083032  33.800925
009239  277.342960  33.800925
009240  277.602888  33.800925
009241  277.862816  33.800925
009242  278.122744  33.800925
009243  278.382671  33.800925
009244  278.642599  33.800925
009245  278.902527  33.800925
009246  279.162455  33.800925
009247  279.422383  33.800925
009248  279.682310  33.800925
009249  279.942238  33.800925
009250  280.202166  33.800925
009251  280.462094  33.800925
009252  280.722022  33.800925
009253  280.981949  33.800925
009254  281.241877  33.800925
009255  281.501805  33.800925
009256  281.761733  33.800925
009257  282.021661  33.800925
009258  239.304852  34.016762
009259  239.565532  34.016762
009260  239.826213  34.016762
009261  240.086894  34.016762
009262  240.347574  34.016762
009263  240.608255  34.016762
009264  240.868936  34.016762
009265  241.129616  34.016762
009266  241.390297  34.016762
009267  241.650978  34.016762
009268  241.911658  34.016762
009269  242.172339  34.016762
009270  242.433020  34.016762
009271  242.693700  34.016762
009272  242.954381  34.016762
009273  243.215062  34.016762
009274  243.475742  34.016762
009275  243.736423  34.016762
009276  243.997104  34.016762
009277  244.257784  34.016762
009278  244.518465  34.016762
009279  244.779146  34.016762
009280  245.039826  34.016762
009281  245.300507  34.016762
009282  245.561188  34.016762
009283  245.821868  34.016762
009284  246.082549  34.016762
009285  246.343230  34.016762
009286  246.603910  34.016762
009287  246.864591  34.016762
009288  247.125272  34.016762
009289  247.385952  34.016762
009290  247.646633  34.016762
009291  247.907314  34.016762
009292  248.167994  34.016762
009293  248.428675  34.016762
009294  248.689356  34.016762
009295  248.950036  34.016762
009296  249.210717  34.016762
009297  249.471398  34.016762
009298  249.732078  34.016762
009299  249.992759  34.016762
009300  250.253440  34.016762
009301  250.514120  34.016762
009302  250.774801  34.016762
009303  251.035482  34.016762
009304  251.296162  34.016762
009305  251.556843  34.016762
009306  251.817524  34.016762
009307  252.078204  34.016762
009308  252.338885  34.016762
009309  252.599566  34.016762
009310  252.860246  34.016762
009311  253.120927  34.016762
009312  253.381608  34.016762
009313  253.642288  34.016762
009314  253.902969  34.016762
009315  254.163650  34.016762
009316  254.424330  34.016762
009317  254.685011  34.016762
009318  254.945692  34.016762
009319  255.206372  34.016762
009320  255.467053  34.016762
009321  255.727734  34.016762
009322  255.988414  34.016762
009323  256.249095  34.016762
009324  256.509776  34.016762
009325  256.770456  34.016762
009326  257.031137  34.016762
009327  257.291818  34.016762
009328  257.552498  34.016762
009329  257.813179  34.016762
009330  258.073860  34.016762
009331  258.334540  34.016762
009332  258.595221  34.016762
009333  258.855902  34.016762
009334  259.116582  34.016762
009335  259.377263  34.016762
009336  259.637944  34.016762
009337  259.898624  34.016762
009338  260.159305  34.016762
009339  260.419986  34.016762
009340  260.680666  34.016762
009341  260.941347  34.016762
009342  261.202028  34.016762
009343  261.462708  34.016762
009344  261.723389  34.016762
009345  261.984070  34.016762
009346  262.244750  34.016762
009347  262.505431  34.016762
009348  262.766112  34.016762
009349  263.026792  34.016762
009350  263.287473  34.016762
009351  263.548154  34.016762
009352  263.808834  34.016762
009353  264.069515  34.016762
009354  264.330196  34.016762
009355  264.590876  34.016762
009356  264.851557  34.016762
009357  265.112238  34.016762
009358  265.372918  34.016762
009359  265.633599  34.016762
009360  265.894280  34.016762
009361  266.154960  34.016762
009362  266.415641  34.016762
009363  266.676322  34.016762
009364  266.937002  34.016762
009365  267.197683  34.016762
009366  267.458364  34.016762
009367  267.719044  34.016762
009368  267.979725  34.016762
009369  268.240406  34.016762
009370  268.501086  34.016762
009371  268.761767  34.016762
009372  269.022448  34.016762
009373  269.283128  34.016762
009374  269.543809  34.016762
009375  269.804490  34.016762
009376  270.065170  34.016762
009377  270.325851  34.016762
009378  270.586531  34.016762
009379  270.847212  34.016762
009380  271.107893  34.016762
009381  271.368573  34.016762
009382  271.629254  34.016762
009383  271.889935  34.016762
009384  272.150615  34.016762
009385  272.411296  34.016762
009386  272.671977  34.016762
009387  272.932657  34.016762
009388  273.193338  34.016762
009389  273.454019  34.016762
009390  273.714699  34.016762
009391  273.975380  34.016762
009392  274.236061  34.016762
009393  274.496741  34.016762
009394  274.757422  34.016762
009395  275.018103  34.016762
009396  275.278783  34.016762
009397  275.539464  34.016762
009398  275.800145  34.016762
009399  276.060825  34.016762
009400  276.321506  34.016762
009401  276.582187  34.016762
009402  276.842867  34.016762
009403  277.103548  34.016762
009404  277.364229  34.016762
009405  277.624909  34.016762
009406  277.885590  34.016762
009407  278.146271  34.016762
009408  278.406951  34.016762
009409  278.667632  34.016762
009410  278.928313  34.016762
009411  279.188993  34.016762
009412  279.449674  34.016762
009413  279.710355  34.016762
009414  279.971035  34.016762
009415  280.231716  34.016762
009416  280.492397  34.016762
009417  280.753077  34.016762
009418  281.013758  34.016762
009419  281.274439  34.016762
009420  281.535119  34.016762
009421  281.795800  34.016762
009422  282.056481  34.016762
009423  282.317161  34.016762
009424  239.477124  34.232599
009425  239.738562  34.232599
009426  240.000000  34.232599
009427  240.261438  34.232599
009428  240.522876  34.232599
009429  240.784314  34.232599
009430  241.045752  34.232599
009431  241.307190  34.232599
009432  241.568627  34.232599
009433  241.830065  34.232599
009434  242.091503  34.232599
009435  242.352941  34.232599
009436  242.614379  34.232599
009437  242.875817  34.232599
009438  243.137255  34.232599
009439  243.398693  34.232599
009440  243.660131  34.232599
009441  243.921569  34.232599
009442  244.183007  34.232599
009443  244.444444  34.232599
009444  244.705882  34.232599
009445  244.967320  34.232599
009446  245.228758  34.232599
009447  245.490196  34.232599
009448  245.751634  34.232599
009449  246.013072  34.232599
009450  246.274510  34.232599
009451  246.535948  34.232599
009452  246.797386  34.232599
009453  247.058824  34.232599
009454  247.320261  34.232599
009455  247.581699  34.232599
009456  247.843137  34.232599
009457  248.104575  34.232599
009458  248.366013  34.232599
009459  248.627451  34.232599
009460  248.888889  34.232599
009461  249.150327  34.232599
009462  249.411765  34.232599
009463  249.673203  34.232599
009464  249.934641  34.232599
009465  250.196078  34.232599
009466  250.457516  34.232599
009467  250.718954  34.232599
009468  250.980392  34.232599
009469  251.241830  34.232599
009470  251.503268  34.232599
009471  251.764706  34.232599
009472  252.026144  34.232599
009473  252.287582  34.232599
009474  252.549020  34.232599
009475  252.810458  34.232599
009476  253.071895  34.232599
009477  253.333333  34.232599
009478  253.594771  34.232599
009479  253.856209  34.232599
009480  254.117647  34.232599
009481  254.379085  34.232599
009482  254.640523  34.232599
009483  254.901961  34.232599
009484  255.163399  34.232599
009485  255.424837  34.232599
009486  255.686275  34.232599
009487  255.947712  34.232599
009488  256.209150  34.232599
009489  256.470588  34.232599
009490  256.732026  34.232599
009491  256.993464  34.232599
009492  257.254902  34.232599
009493  257.516340  34.232599
009494  257.777778  34.232599
009495  258.039216  34.232599
009496  258.300654  34.232599
009497  258.562092  34.232599
009498  258.823529  34.232599
009499  259.084967  34.232599
009500  259.346405  34.232599
009501  259.607843  34.232599
009502  259.869281  34.232599
009503  260.130719  34.232599
009504  260.392157  34.232599
009505  260.653595  34.232599
009506  260.915033  34.232599
009507  261.176471  34.232599
009508  261.437908  34.232599
009509  261.699346  34.232599
009510  261.960784  34.232599
009511  262.222222  34.232599
009512  262.483660  34.232599
009513  262.745098  34.232599
009514  263.006536  34.232599
009515  263.267974  34.232599
009516  263.529412  34.232599
009517  263.790850  34.232599
009518  264.052288  34.232599
009519  264.313725  34.232599
009520  264.575163  34.232599
009521  264.836601  34.232599
009522  265.098039  34.232599
009523  265.359477  34.232599
009524  265.620915  34.232599
009525  265.882353  34.232599
009526  266.143791  34.232599
009527  266.405229  34.232599
009528  266.666667  34.232599
009529  266.928105  34.232599
009530  267.189542  34.232599
009531  267.450980  34.232599
009532  267.712418  34.232599
009533  267.973856  34.232599
009534  268.235294  34.232599
009535  268.496732  34.232599
009536  268.758170  34.232599
009537  269.019608  34.232599
009538  269.281046  34.232599
009539  269.542484  34.232599
009540  269.803922  34.232599
009541  270.065359  34.232599
009542  270.326797  34.232599
009543  270.588235  34.232599
009544  270.849673  34.232599
009545  271.111111  34.232599
009546  271.372549  34.232599
009547  271.633987  34.232599
009548  271.895425  34.232599
009549  272.156863  34.232599
009550  272.418301  34.232599
009551  272.679739  34.232599
009552  272.941176  34.232599
009553  273.202614  34.232599
009554  273.464052  34.232599
009555  273.725490  34.232599
009556  273.986928  34.232599
009557  274.248366  34.232599
009558  274.509804  34.232599
009559  274.771242  34.232599
009560  275.032680  34.232599
009561  275.294118  34.232599
009562  275.555556  34.232599
009563  275.816993  34.232599
009564  276.078431  34.232599
009565  276.339869  34.232599
009566  276.601307  34.232599
009567  276.862745  34.232599
009568  277.124183  34.232599
009569  277.385621  34.232599
009570  277.647059  34.232599
009571  277.908497  34.232599
009572  278.169935  34.232599
009573  278.431373  34.232599
009574  278.692810  34.232599
009575  278.954248  34.232599
009576  279.215686  34.232599
009577  279.477124  34.232599
009578  279.738562  34.232599
009579  280.000000  34.232599
009580  280.261438  34.232599
009581  280.522876  34.232599
009582  280.784314  34.232599
009583  281.045752  34.232599
009584  281.307190  34.232599
009585  281.568627  34.232599
009586  281.830065  34.232599
009587  282.091503  34.232599
009588  282.352941  34.232599
009589  282.614379  34.232599
009590  239.213974  34.448436
009591  239.475983  34.448436
009592  239.737991  34.448436
009593  240.000000  34.448436
009594  240.262009  34.448436
009595  240.524017  34.448436
009596  240.786026  34.448436
009597  241.048035  34.448436
009598  241.310044  34.448436
009599  241.572052  34.448436
009600  241.834061  34.448436
009601  242.096070  34.448436
009602  242.358079  34.448436
009603  242.620087  34.448436
009604  242.882096  34.448436
009605  243.144105  34.448436
009606  243.406114  34.448436
009607  243.668122  34.448436
009608  243.930131  34.448436
009609  244.192140  34.448436
009610  244.454148  34.448436
009611  244.716157  34.448436
009612  244.978166  34.448436
009613  245.240175  34.448436
009614  245.502183  34.448436
009615  245.764192  34.448436
009616  246.026201  34.448436
009617  246.288210  34.448436
009618  246.550218  34.448436
009619  246.812227  34.448436
009620  247.074236  34.448436
009621  247.336245  34.448436
009622  247.598253  34.448436
009623  247.860262  34.448436
009624  248.122271  34.448436
009625  248.384279  34.448436
009626  248.646288  34.448436
009627  248.908297  34.448436
009628  249.170306  34.448436
009629  249.432314  34.448436
009630  249.694323  34.448436
009631  249.956332  34.448436
009632  250.218341  34.448436
009633  250.480349  34.448436
009634  250.742358  34.448436
009635  251.004367  34.448436
009636  251.266376  34.448436
009637  251.528384  34.448436
009638  251.790393  34.448436
009639  252.052402  34.448436
009640  252.314410  34.448436
009641  252.576419  34.448436
009642  252.838428  34.448436
009643  253.100437  34.448436
009644  253.362445  34.448436
009645  253.624454  34.448436
009646  253.886463  34.448436
009647  254.148472  34.448436
009648  254.410480  34.448436
009649  254.672489  34.448436
009650  254.934498  34.448436
009651  255.196507  34.448436
009652  255.458515  34.448436
009653  255.720524  34.448436
009654  255.982533  34.448436
009655  256.244541  34.448436
009656  256.506550  34.448436
009657  256.768559  34.448436
009658  257.030568  34.448436
009659  257.292576  34.448436
009660  257.554585  34.448436
009661  257.816594  34.448436
009662  258.078603  34.448436
009663  258.340611  34.448436
009664  258.602620  34.448436
009665  258.864629  34.448436
009666  259.126638  34.448436
009667  259.388646  34.448436
009668  259.650655  34.448436
009669  259.912664  34.448436
009670  260.174672  34.448436
009671  260.436681  34.448436
009672  260.698690  34.448436
009673  260.960699  34.448436
009674  261.222707  34.448436
009675  261.484716  34.448436
009676  261.746725  34.448436
009677  262.008734  34.448436
009678  262.270742  34.448436
009679  262.532751  34.448436
009680  262.794760  34.448436
009681  263.056769  34.448436
009682  263.318777  34.448436
009683  263.580786  34.448436
009684  263.842795  34.448436
009685  264.104803  34.448436
009686  264.366812  34.448436
009687  264.628821  34.448436
009688  264.890830  34.448436
009689  265.152838  34.448436
009690  265.414847  34.448436
009691  265.676856  34.448436
009692  265.938865  34.448436
009693  266.200873  34.448436
009694  266.462882  34.448436
009695  266.724891  34.448436
009696  266.986900  34.448436
009697  267.248908  34.448436
009698  267.510917  34.448436
009699  267.772926  34.448436
009700  268.034934  34.448436
009701  268.296943  34.448436
009702  268.558952  34.448436
009703  268.820961  34.448436
009704  269.082969  34.448436
009705  269.344978  34.448436
009706  269.606987  34.448436
009707  269.868996  34.448436
009708  270.131004  34.448436
009709  270.393013  34.448436
009710  270.655022  34.448436
009711  270.917031  34.448436
009712  271.179039  34.448436
009713  271.441048  34.448436
009714  271.703057  34.448436
009715  271.965066  34.448436
009716  272.227074  34.448436
009717  272.489083  34.448436
009718  272.751092  34.448436
009719  273.013100  34.448436
009720  273.275109  34.448436
009721  273.537118  34.448436
009722  273.799127  34.448436
009723  274.061135  34.448436
009724  274.323144  34.448436
009725  274.585153  34.448436
009726  274.847162  34.448436
009727  275.109170  34.448436
009728  275.371179  34.448436
009729  275.633188  34.448436
009730  275.895197  34.448436
009731  276.157205  34.448436
009732  276.419214  34.448436
009733  276.681223  34.448436
009734  276.943231  34.448436
009735  277.205240  34.448436
009736  277.467249  34.448436
009737  277.729258  34.448436
009738  277.991266  34.448436
009739  278.253275  34.448436
009740  278.515284  34.448436
009741  278.777293  34.448436
009742  279.039301  34.448436
009743  279.301310  34.448436
009744  279.563319  34.448436
009745  279.825328  34.448436
009746  280.087336  34.448436
009747  280.349345  34.448436
009748  280.611354  34.448436
009749  280.873362  34.448436
009750  281.135371  34.448436
009751  281.397380  34.448436
009752  281.659389  34.448436
009753  281.921397  34.448436
009754  282.183406  34.448436
009755  282.445415  34.448436
009756  282.707424  34.448436
009757  282.969432  34.448436
009758  239.124088  34.664273
009759  239.386861  34.664273
009760  239.649635  34.664273
009761  239.912409  34.664273
009762  240.175182  34.664273
009763  240.437956  34.664273
009764  240.700730  34.664273
009765  240.963504  34.664273
009766  241.226277  34.664273
009767  241.489051  34.664273
009768  241.751825  34.664273
009769  242.014599  34.664273
009770  242.277372  34.664273
009771  242.540146  34.664273
009772  242.802920  34.664273
009773  243.065693  34.664273
009774  243.328467  34.664273
009775  243.591241  34.664273
009776  243.854015  34.664273
009777  244.116788  34.664273
009778  244.379562  34.664273
009779  244.642336  34.664273
009780  244.905109  34.664273
009781  245.167883  34.664273
009782  245.430657  34.664273
009783  245.693431  34.664273
009784  245.956204  34.664273
009785  246.218978  34.664273
009786  246.481752  34.664273
009787  246.744526  34.664273
009788  247.007299  34.664273
009789  247.270073  34.664273
009790  247.532847  34.664273
009791  247.795620  34.664273
009792  248.058394  34.664273
009793  248.321168  34.664273
009794  248.583942  34.664273
009795  248.846715  34.664273
009796  249.109489  34.664273
009797  249.372263  34.664273
009798  249.635036  34.664273
009799  249.897810  34.664273
009800  250.160584  34.664273
009801  250.423358  34.664273
009802  250.686131  34.664273
009803  250.948905  34.664273
009804  251.211679  34.664273
009805  251.474453  34.664273
009806  251.737226  34.664273
009807  252.000000  34.664273
009808  252.262774  34.664273
009809  252.525547  34.664273
009810  252.788321  34.664273
009811  253.051095  34.664273
009812  253.313869  34.664273
009813  253.576642  34.664273
009814  253.839416  34.664273
009815  254.102190  34.664273
009816  254.364964  34.664273
009817  254.627737  34.664273
009818  254.890511  34.664273
009819  255.153285  34.664273
009820  255.416058  34.664273
009821  255.678832  34.664273
009822  255.941606  34.664273
009823  256.204380  34.664273
009824  256.467153  34.664273
009825  256.729927  34.664273
009826  256.992701  34.664273
009827  257.255474  34.664273
009828  257.518248  34.664273
009829  257.781022  34.664273
009830  258.043796  34.664273
009831  258.306569  34.664273
009832  258.569343  34.664273
009833  258.832117  34.664273
009834  259.094891  34.664273
009835  259.357664  34.664273
009836  259.620438  34.664273
009837  259.883212  34.664273
009838  260.145985  34.664273
009839  260.408759  34.664273
009840  260.671533  34.664273
009841  260.934307  34.664273
009842  261.197080  34.664273
009843  261.459854  34.664273
009844  261.722628  34.664273
009845  261.985401  34.664273
009846  262.248175  34.664273
009847  262.510949  34.664273
009848  262.773723  34.664273
009849  263.036496  34.664273
009850  263.299270  34.664273
009851  263.562044  34.664273
009852  263.824818  34.664273
009853  264.087591  34.664273
009854  264.350365  34.664273
009855  264.613139  34.664273
009856  264.875912  34.664273
009857  265.138686  34.664273
009858  265.401460  34.664273
009859  265.664234  34.664273
009860  265.927007  34.664273
009861  266.189781  34.664273
009862  266.452555  34.664273
009863  266.715328  34.664273
009864  266.978102  34.664273
009865  267.240876  34.664273
009866  267.503650  34.664273
009867  267.766423  34.664273
009868  268.029197  34.664273
009869  268.291971  34.664273
009870  268.554745  34.664273
009871  268.817518  34.664273
009872  269.080292  34.664273
009873  269.343066  34.664273
009874  269.605839  34.664273
009875  269.868613  34.664273
009876  270.131387  34.664273
009877  270.394161  34.664273
009878  270.656934  34.664273
009879  270.919708  34.664273
009880  271.182482  34.664273
009881  271.445255  34.664273
009882  271.708029  34.664273
009883  271.970803  34.664273
009884  272.233577  34.664273
009885  272.496350  34.664273
009886  272.759124  34.664273
009887  273.021898  34.664273
009888  273.284672  34.664273
009889  273.547445  34.664273
009890  273.810219  34.664273
009891  274.072993  34.664273
009892  274.335766  34.664273
009893  274.598540  34.664273
009894  274.861314  34.664273
009895  275.124088  34.664273
009896  275.386861  34.664273
009897  275.649635  34.664273
009898  275.912409  34.664273
009899  276.175182  34.664273
009900  276.437956  34.664273
009901  276.700730  34.664273
009902  276.963504  34.664273
009903  277.226277  34.664273
009904  277.489051  34.664273
009905  277.751825  34.664273
009906  278.014599  34.664273
009907  278.277372  34.664273
009908  278.540146  34.664273
009909  278.802920  34.664273
009910  279.065693  34.664273
009911  279.328467  34.664273
009912  279.591241  34.664273
009913  279.854015  34.664273
009914  280.116788  34.664273
009915  280.379562  34.664273
009916  280.642336  34.664273
009917  280.905109  34.664273
009918  281.167883  34.664273
009919  281.430657  34.664273
009920  281.693431  34.664273
009921  281.956204  34.664273
009922  282.218978  34.664273
009923  282.481752  34.664273
009924  282.744526  34.664273
009925  283.007299  34.664273
009926  283.270073  34.664273
009927  283.532847  34.664273
009928  283.795620  34.664273
009929  239.122165  34.880110
009930  239.385516  34.880110
009931  239.648866  34.880110
009932  239.912217  34.880110
009933  240.175567  34.880110
009934  240.438917  34.880110
009935  240.702268  34.880110
009936  240.965618  34.880110
009937  241.228969  34.880110
009938  241.492319  34.880110
009939  241.755669  34.880110
009940  242.019020  34.880110
009941  242.282370  34.880110
009942  242.545721  34.880110
009943  242.809071  34.880110
009944  243.072421  34.880110
009945  243.335772  34.880110
009946  243.599122  34.880110
009947  243.862473  34.880110
009948  244.125823  34.880110
009949  244.389173  34.880110
009950  244.652524  34.880110
009951  244.915874  34.880110
009952  245.179225  34.880110
009953  245.442575  34.880110
009954  245.705925  34.880110
009955  245.969276  34.880110
009956  246.232626  34.880110
009957  246.495977  34.880110
009958  246.759327  34.880110
009959  247.022677  34.880110
009960  247.286028  34.880110
009961  247.549378  34.880110
009962  247.812729  34.880110
009963  248.076079  34.880110
009964  248.339429  34.880110
009965  248.602780  34.880110
009966  248.866130  34.880110
009967  249.129481  34.880110
009968  249.392831  34.880110
009969  249.656181  34.880110
009970  249.919532  34.880110
009971  250.182882  34.880110
009972  250.446233  34.880110
009973  250.709583  34.880110
009974  250.972933  34.880110
009975  251.236284  34.880110
009976  251.499634  34.880110
009977  251.762985  34.880110
009978  252.026335  34.880110
009979  252.289685  34.880110
009980  252.553036  34.880110
009981  252.816386  34.880110
009982  253.079737  34.880110
009983  253.343087  34.880110
009984  253.606437  34.880110
009985  253.869788  34.880110
009986  254.133138  34.880110
009987  254.396489  34.880110
009988  254.659839  34.880110
009989  254.923189  34.880110
009990  255.186540  34.880110
009991  255.449890  34.880110
009992  255.713241  34.880110
009993  255.976591  34.880110
009994  256.239941  34.880110
009995  256.503292  34.880110
009996  256.766642  34.880110
009997  257.029993  34.880110
009998  257.293343  34.880110
009999  257.556693  34.880110
010000  257.820044  34.880110
010001  258.083394  34.880110
010002  258.346745  34.880110
010003  258.610095  34.880110
010004  258.873446  34.880110
010005  259.136796  34.880110
010006  259.400146  34.880110
010007  259.663497  34.880110
010008  259.926847  34.880110
010009  260.190198  34.880110
010010  260.453548  34.880110
010011  260.716898  34.880110
010012  260.980249  34.880110
010013  261.243599  34.880110
010014  261.506950  34.880110
010015  261.770300  34.880110
010016  262.033650  34.880110
010017  262.297001  34.880110
010018  262.560351  34.880110
010019  262.823702  34.880110
010020  263.087052  34.880110
010021  263.350402  34.880110
010022  263.613753  34.880110
010023  263.877103  34.880110
010024  264.140454  34.880110
010025  264.403804  34.880110
010026  264.667154  34.880110
010027  264.930505  34.880110
010028  265.193855  34.880110
010029  265.457206  34.880110
010030  265.720556  34.880110
010031  265.983906  34.880110
010032  266.247257  34.880110
010033  266.510607  34.880110
010034  266.773958  34.880110
010035  267.037308  34.880110
010036  267.300658  34.880110
010037  267.564009  34.880110
010038  267.827359  34.880110
010039  268.090710  34.880110
010040  268.354060  34.880110
010041  268.617410  34.880110
010042  268.880761  34.880110
010043  269.144111  34.880110
010044  269.407462  34.880110
010045  269.670812  34.880110
010046  269.934162  34.880110
010047  270.197513  34.880110
010048  270.460863  34.880110
010049  270.724214  34.880110
010050  270.987564  34.880110
010051  271.250914  34.880110
010052  271.514265  34.880110
010053  271.777615  34.880110
010054  272.040966  34.880110
010055  272.304316  34.880110
010056  272.567666  34.880110
010057  272.831017  34.880110
010058  273.094367  34.880110
010059  273.357718  34.880110
010060  273.621068  34.880110
010061  273.884418  34.880110
010062  274.147769  34.880110
010063  274.411119  34.880110
010064  274.674470  34.880110
010065  274.937820  34.880110
010066  275.201170  34.880110
010067  275.464521  34.880110
010068  275.727871  34.880110
010069  275.991222  34.880110
010070  276.254572  34.880110
010071  276.517922  34.880110
010072  276.781273  34.880110
010073  277.044623  34.880110
010074  277.307974  34.880110
010075  277.571324  34.880110
010076  277.834674  34.880110
010077  278.098025  34.880110
010078  278.361375  34.880110
010079  278.624726  34.880110
010080  278.888076  34.880110
010081  279.151426  34.880110
010082  279.414777  34.880110
010083  279.678127  34.880110
010084  279.941478  34.880110
010085  280.204828  34.880110
010086  280.468178  34.880110
010087  280.731529  34.880110
010088  280.994879  34.880110
010089  281.258230  34.880110
010090  281.521580  34.880110
010091  281.784931  34.880110
010092  282.048281  34.880110
010093  282.311631  34.880110
010094  282.574982  34.880110
010095  282.838332  34.880110
010096  283.101683  34.880110
010097  283.365033  34.880110
010098  283.628383  34.880110
010099  283.891734  34.880110
010100  239.031548  35.095948
010101  239.295671  35.095948
010102  239.559795  35.095948
010103  239.823918  35.095948
010104  240.088041  35.095948
010105  240.352164  35.095948
010106  240.616288  35.095948
010107  240.880411  35.095948
010108  241.144534  35.095948
010109  241.408657  35.095948
010110  241.672781  35.095948
010111  241.936904  35.095948
010112  242.201027  35.095948
010113  242.465150  35.095948
010114  242.729274  35.095948
010115  242.993397  35.095948
010116  243.257520  35.095948
010117  243.521643  35.095948
010118  243.785767  35.095948
010119  244.049890  35.095948
010120  244.314013  35.095948
010121  244.578136  35.095948
010122  244.842260  35.095948
010123  245.106383  35.095948
010124  245.370506  35.095948
010125  245.634629  35.095948
010126  245.898753  35.095948
010127  246.162876  35.095948
010128  246.426999  35.095948
010129  246.691123  35.095948
010130  246.955246  35.095948
010131  247.219369  35.095948
010132  247.483492  35.095948
010133  247.747616  35.095948
010134  248.011739  35.095948
010135  248.275862  35.095948
010136  248.539985  35.095948
010137  248.804109  35.095948
010138  249.068232  35.095948
010139  249.332355  35.095948
010140  249.596478  35.095948
010141  249.860602  35.095948
010142  250.124725  35.095948
010143  250.388848  35.095948
010144  250.652971  35.095948
010145  250.917095  35.095948
010146  251.181218  35.095948
010147  251.445341  35.095948
010148  251.709464  35.095948
010149  251.973588  35.095948
010150  252.237711  35.095948
010151  252.501834  35.095948
010152  252.765957  35.095948
010153  253.030081  35.095948
010154  253.294204  35.095948
010155  253.558327  35.095948
010156  253.822450  35.095948
010157  254.086574  35.095948
010158  254.350697  35.095948
010159  254.614820  35.095948
010160  254.878944  35.095948
010161  255.143067  35.095948
010162  255.407190  35.095948
010163  255.671313  35.095948
010164  255.935437  35.095948
010165  256.199560  35.095948
010166  256.463683  35.095948
010167  256.727806  35.095948
010168  256.991930  35.095948
010169  257.256053  35.095948
010170  257.520176  35.095948
010171  257.784299  35.095948
010172  258.048423  35.095948
010173  258.312546  35.095948
010174  258.576669  35.095948
010175  258.840792  35.095948
010176  259.104916  35.095948
010177  259.369039  35.095948
010178  259.633162  35.095948
010179  259.897285  35.095948
010180  260.161409  35.095948
010181  260.425532  35.095948
010182  260.689655  35.095948
010183  260.953778  35.095948
010184  261.217902  35.095948
010185  261.482025  35.095948
010186  261.746148  35.095948
010187  262.010271  35.095948
010188  262.274395  35.095948
010189  262.538518  35.095948
010190  262.802641  35.095948
010191  263.066764  35.095948
010192  263.330888  35.095948
010193  263.595011  35.095948
010194  263.859134  35.095948
010195  264.123258  35.095948
010196  264.387381  35.095948
010197  264.651504  35.095948
010198  264.915627  35.095948
010199  265.179751  35.095948
010200  265.443874  35.095948
010201  265.707997  35.095948
010202  265.972120  35.095948
010203  266.236244  35.095948
010204  266.500367  35.095948
010205  266.764490  35.095948
010206  267.028613  35.095948
010207  267.292737  35.095948
010208  267.556860  35.095948
010209  267.820983  35.095948
010210  268.085106  35.095948
010211  268.349230  35.095948
010212  268.613353  35.095948
010213  268.877476  35.095948
010214  269.141599  35.095948
010215  269.405723  35.095948
010216  269.669846  35.095948
010217  269.933969  35.095948
010218  270.198092  35.095948
010219  270.462216  35.095948
010220  270.726339  35.095948
010221  270.990462  35.095948
010222  271.254585  35.095948
010223  271.518709  35.095948
010224  271.782832  35.095948
010225  272.046955  35.095948
010226  272.311079  35.095948
010227  272.575202  35.095948
010228  272.839325  35.095948
010229  273.103448  35.095948
010230  273.367572  35.095948
010231  273.631695  35.095948
010232  273.895818  35.095948
010233  274.159941  35.095948
010234  274.424065  35.095948
010235  274.688188  35.095948
010236  274.952311  35.095948
010237  275.216434  35.095948
010238  275.480558  35.095948
010239  275.744681  35.095948
010240  276.008804  35.095948
010241  276.272927  35.095948
010242  276.537051  35.095948
010243  276.801174  35.095948
010244  277.065297  35.095948
010245  277.329420  35.095948
010246  277.593544  35.095948
010247  277.857667  35.095948
010248  278.121790  35.095948
010249  278.385913  35.095948
010250  278.650037  35.095948
010251  278.914160  35.095948
010252  279.178283  35.095948
010253  279.442406  35.095948
010254  279.706530  35.095948
010255  279.970653  35.095948
010256  280.234776  35.095948
010257  280.498899  35.095948
010258  280.763023  35.095948
010259  281.027146  35.095948
010260  281.291269  35.095948
010261  281.555393  35.095948
010262  281.819516  35.095948
010263  282.083639  35.095948
010264  282.347762  35.095948
010265  282.611886  35.095948
010266  282.876009  35.095948
010267  283.140132  35.095948
010268  283.404255  35.095948
010269  283.668379  35.095948
010270  238.764706  35.311785
010271  239.029412  35.311785
010272  239.294118  35.311785
010273  239.558824  35.311785
010274  239.823529  35.311785
010275  240.088235  35.311785
010276  240.352941  35.311785
010277  240.617647  35.311785
010278  240.882353  35.311785
010279  241.147059  35.311785
010280  241.411765  35.311785
010281  241.676471  35.311785
010282  241.941176  35.311785
010283  242.205882  35.311785
010284  242.470588  35.311785
010285  242.735294  35.311785
010286  243.000000  35.311785
010287  243.264706  35.311785
010288  243.529412  35.311785
010289  243.794118  35.311785
010290  244.058824  35.311785
010291  244.323529  35.311785
010292  244.588235  35.311785
010293  244.852941  35.311785
010294  245.117647  35.311785
010295  245.382353  35.311785
010296  245.647059  35.311785
010297  245.911765  35.311785
010298  246.176471  35.311785
010299  246.441176  35.311785
010300  246.705882  35.311785
010301  246.970588  35.311785
010302  247.235294  35.311785
010303  247.500000  35.311785
010304  247.764706  35.311785
010305  248.029412  35.311785
010306  248.294118  35.311785
010307  248.558824  35.311785
010308  248.823529  35.311785
010309  249.088235  35.311785
010310  249.352941  35.311785
010311  249.617647  35.311785
010312  249.882353  35.311785
010313  250.147059  35.311785
010314  250.411765  35.311785
010315  250.676471  35.311785
010316  250.941176  35.311785
010317  251.205882  35.311785
010318  251.470588  35.311785
010319  251.735294  35.311785
010320  252.000000  35.311785
010321  252.264706  35.311785
010322  252.529412  35.311785
010323  252.794118  35.311785
010324  253.058824  35.311785
010325  253.323529  35.311785
010326  253.588235  35.311785
010327  253.852941  35.311785
010328  254.117647  35.311785
010329  254.382353  35.311785
010330  254.647059  35.311785
010331  254.911765  35.311785
010332  255.176471  35.311785
010333  255.441176  35.311785
010334  255.705882  35.311785
010335  255.970588  35.311785
010336  256.235294  35.311785
010337  256.500000  35.311785
010338  256.764706  35.311785
010339  257.029412  35.311785
010340  257.294118  35.311785
010341  257.558824  35.311785
010342  257.823529  35.311785
010343  258.088235  35.311785
010344  258.352941  35.311785
010345  258.617647  35.311785
010346  258.882353  35.311785
010347  259.147059  35.311785
010348  259.411765  35.311785
010349  259.676471  35.311785
010350  259.941176  35.311785
010351  260.205882  35.311785
010352  260.470588  35.311785
010353  260.735294  35.311785
010354  261.000000  35.311785
010355  261.264706  35.311785
010356  261.529412  35.311785
010357  261.794118  35.311785
010358  262.058824  35.311785
010359  262.323529  35.311785
010360  262.588235  35.311785
010361  262.852941  35.311785
010362  263.117647  35.311785
010363  263.382353  35.311785
010364  263.647059  35.311785
010365  263.911765  35.311785
010366  264.176471  35.311785
010367  264.441176  35.311785
010368  264.705882  35.311785
010369  264.970588  35.311785
010370  265.235294  35.311785
010371  265.500000  35.311785
010372  265.764706  35.311785
010373  266.029412  35.311785
010374  266.294118  35.311785
010375  266.558824  35.311785
010376  266.823529  35.311785
010377  267.088235  35.311785
010378  267.352941  35.311785
010379  267.617647  35.311785
010380  267.882353  35.311785
010381  268.147059  35.311785
010382  268.411765  35.311785
010383  268.676471  35.311785
010384  268.941176  35.311785
010385  269.205882  35.311785
010386  269.470588  35.311785
010387  269.735294  35.311785
010388  270.000000  35.311785
010389  270.264706  35.311785
010390  270.529412  35.311785
010391  270.794118  35.311785
010392  271.058824  35.311785
010393  271.323529  35.311785
010394  271.588235  35.311785
010395  271.852941  35.311785
010396  272.117647  35.311785
010397  272.382353  35.311785
010398  272.647059  35.311785
010399  272.911765  35.311785
010400  273.176471  35.311785
010401  273.441176  35.311785
010402  273.705882  35.311785
010403  273.970588  35.311785
010404  274.235294  35.311785
010405  274.500000  35.311785
010406  274.764706  35.311785
010407  275.029412  35.311785
010408  275.294118  35.311785
010409  275.558824  35.311785
010410  275.823529  35.311785
010411  276.088235  35.311785
010412  276.352941  35.311785
010413  276.617647  35.311785
010414  276.882353  35.311785
010415  277.147059  35.311785
010416  277.411765  35.311785
010417  277.676471  35.311785
010418  277.941176  35.311785
010419  278.205882  35.311785
010420  278.470588  35.311785
010421  278.735294  35.311785
010422  279.000000  35.311785
010423  279.264706  35.311785
010424  279.529412  35.311785
010425  279.794118  35.311785
010426  280.058824  35.311785
010427  280.323529  35.311785
010428  280.588235  35.311785
010429  280.852941  35.311785
010430  281.117647  35.311785
010431  281.382353  35.311785
010432  281.647059  35.311785
010433  281.911765  35.311785
010434  282.176471  35.311785
010435  282.441176  35.311785
010436  282.705882  35.311785
010437  282.970588  35.311785
010438  283.235294  35.311785
010439  283.500000  35.311785
010440  283.764706  35.311785
010441  284.029412  35.311785
010442  238.672566  35.527622
010443  238.938053  35.527622
010444  239.203540  35.527622
010445  239.469027  35.527622
010446  239.734513  35.527622
010447  240.000000  35.527622
010448  240.265487  35.527622
010449  240.530973  35.527622
010450  240.796460  35.527622
010451  241.061947  35.527622
010452  241.327434  35.527622
010453  241.592920  35.527622
010454  241.858407  35.527622
010455  242.123894  35.527622
010456  242.389381  35.527622
010457  242.654867  35.527622
010458  242.920354  35.527622
010459  243.185841  35.527622
010460  243.451327  35.527622
010461  243.716814  35.527622
010462  243.982301  35.527622
010463  244.247788  35.527622
010464  244.513274  35.527622
010465  244.778761  35.527622
010466  245.044248  35.527622
010467  245.309735  35.527622
010468  245.575221  35.527622
010469  245.840708  35.527622
010470  246.106195  35.527622
010471  246.371681  35.527622
010472  246.637168  35.527622
010473  246.902655  35.527622
010474  247.168142  35.527622
010475  247.433628  35.527622
010476  247.699115  35.527622
010477  247.964602  35.527622
010478  248.230088  35.527622
010479  248.495575  35.527622
010480  248.761062  35.527622
010481  249.026549  35.527622
010482  249.292035  35.527622
010483  249.557522  35.527622
010484  249.823009  35.527622
010485  250.088496  35.527622
010486  250.353982  35.527622
010487  250.619469  35.527622
010488  250.884956  35.527622
010489  251.150442  35.527622
010490  251.415929  35.527622
010491  251.681416  35.527622
010492  251.946903  35.527622
010493  252.212389  35.527622
010494  252.477876  35.527622
010495  252.743363  35.527622
010496  253.008850  35.527622
010497  253.274336  35.527622
010498  253.539823  35.527622
010499  253.805310  35.527622
010500  254.070796  35.527622
010501  254.336283  35.527622
010502  254.601770  35.527622
010503  254.867257  35.527622
010504  255.132743  35.527622
010505  255.398230  35.527622
010506  255.663717  35.527622
010507  255.929204  35.527622
010508  256.194690  35.527622
010509  256.460177  35.527622
010510  256.725664  35.527622
010511  256.991150  35.527622
010512  257.256637  35.527622
010513  257.522124  35.527622
010514  257.787611  35.527622
010515  258.053097  35.527622
010516  258.318584  35.527622
010517  258.584071  35.527622
010518  258.849558  35.527622
010519  259.115044  35.527622
010520  259.380531  35.527622
010521  259.646018  35.527622
010522  259.911504  35.527622
010523  260.176991  35.527622
010524  260.442478  35.527622
010525  260.707965  35.527622
010526  260.973451  35.527622
010527  261.238938  35.527622
010528  261.504425  35.527622
010529  261.769912  35.527622
010530  262.035398  35.527622
010531  262.300885  35.527622
010532  262.566372  35.527622
010533  262.831858  35.527622
010534  263.097345  35.527622
010535  263.362832  35.527622
010536  263.628319  35.527622
010537  263.893805  35.527622
010538  264.159292  35.527622
010539  264.424779  35.527622
010540  264.690265  35.527622
010541  264.955752  35.527622
010542  265.221239  35.527622
010543  265.486726  35.527622
010544  265.752212  35.527622
010545  266.017699  35.527622
010546  266.283186  35.527622
010547  266.548673  35.527622
010548  266.814159  35.527622
010549  267.079646  35.527622
010550  267.345133  35.527622
010551  267.610619  35.527622
010552  267.876106  35.527622
010553  268.141593  35.527622
010554  268.407080  35.527622
010555  268.672566  35.527622
010556  268.938053  35.527622
010557  269.203540  35.527622
010558  269.469027  35.527622
010559  269.734513  35.527622
010560  270.000000  35.527622
010561  270.265487  35.527622
010562  270.530973  35.527622
010563  270.796460  35.527622
010564  271.061947  35.527622
010565  271.327434  35.527622
010566  271.592920  35.527622
010567  271.858407  35.527622
010568  272.123894  35.527622
010569  272.389381  35.527622
010570  272.654867  35.527622
010571  272.920354  35.527622
010572  273.185841  35.527622
010573  273.451327  35.527622
010574  273.716814  35.527622
010575  273.982301  35.527622
010576  274.247788  35.527622
010577  274.513274  35.527622
010578  274.778761  35.527622
010579  275.044248  35.527622
010580  275.309735  35.527622
010581  275.575221  35.527622
010582  275.840708  35.527622
010583  276.106195  35.527622
010584  276.371681  35.527622
010585  276.637168  35.527622
010586  276.902655  35.527622
010587  277.168142  35.527622
010588  277.433628  35.527622
010589  277.699115  35.527622
010590  277.964602  35.527622
010591  278.230088  35.527622
010592  278.495575  35.527622
010593  278.761062  35.527622
010594  279.026549  35.527622
010595  279.292035  35.527622
010596  279.557522  35.527622
010597  279.823009  35.527622
010598  280.088496  35.527622
010599  280.353982  35.527622
010600  280.619469  35.527622
010601  280.884956  35.527622
010602  281.150442  35.527622
010603  281.415929  35.527622
010604  281.681416  35.527622
010605  281.946903  35.527622
010606  282.212389  35.527622
010607  282.477876  35.527622
010608  282.743363  35.527622
010609  283.008850  35.527622
010610  283.274336  35.527622
010611  283.539823  35.527622
010612  283.805310  35.527622
010613  284.070796  35.527622
010614  284.336283  35.527622
010615  238.313609  35.743459
010616  238.579882  35.743459
010617  238.846154  35.743459
010618  239.112426  35.743459
010619  239.378698  35.743459
010620  239.644970  35.743459
010621  239.911243  35.743459
010622  240.177515  35.743459
010623  240.443787  35.743459
010624  240.710059  35.743459
010625  240.976331  35.743459
010626  241.242604  35.743459
010627  241.508876  35.743459
010628  241.775148  35.743459
010629  242.041420  35.743459
010630  242.307692  35.743459
010631  242.573964  35.743459
010632  242.840237  35.743459
010633  243.106509  35.743459
010634  243.372781  35.743459
010635  243.639053  35.743459
010636  243.905325  35.743459
010637  244.171598  35.743459
010638  244.437870  35.743459
010639  244.704142  35.743459
010640  244.970414  35.743459
010641  245.236686  35.743459
010642  245.502959  35.743459
010643  245.769231  35.743459
010644  246.035503  35.743459
010645  246.301775  35.743459
010646  246.568047  35.743459
010647  246.834320  35.743459
010648  247.100592  35.743459
010649  247.366864  35.743459
010650  247.633136  35.743459
010651  247.899408  35.743459
010652  248.165680  35.743459
010653  248.431953  35.743459
010654  248.698225  35.743459
010655  248.964497  35.743459
010656  249.230769  35.743459
010657  249.497041  35.743459
010658  249.763314  35.743459
010659  250.029586  35.743459
010660  250.295858  35.743459
010661  250.562130  35.743459
010662  250.828402  35.743459
010663  251.094675  35.743459
010664  251.360947  35.743459
010665  251.627219  35.743459
010666  251.893491  35.743459
010667  252.159763  35.743459
010668  252.426036  35.743459
010669  252.692308  35.743459
010670  252.958580  35.743459
010671  253.224852  35.743459
010672  253.491124  35.743459
010673  253.757396  35.743459
010674  254.023669  35.743459
010675  254.289941  35.743459
010676  254.556213  35.743459
010677  254.822485  35.743459
010678  255.088757  35.743459
010679  255.355030  35.743459
010680  255.621302  35.743459
010681  255.887574  35.743459
010682  256.153846  35.743459
010683  256.420118  35.743459
010684  256.686391  35.743459
010685  256.952663  35.743459
010686  257.218935  35.743459
010687  257.485207  35.743459
010688  257.751479  35.743459
010689  258.017751  35.743459
010690  258.284024  35.743459
010691  258.550296  35.743459
010692  258.816568  35.743459
010693  259.082840  35.743459
010694  259.349112  35.743459
010695  259.615385  35.743459
010696  259.881657  35.743459
010697  260.147929  35.743459
010698  260.414201  35.743459
010699  260.680473  35.743459
010700  260.946746  35.743459
010701  261.213018  35.743459
010702  261.479290  35.743459
010703  261.745562  35.743459
010704  262.011834  35.743459
010705  262.278107  35.743459
010706  262.544379  35.743459
010707  262.810651  35.743459
010708  263.076923  35.743459
010709  263.343195  35.743459
010710  263.609467  35.743459
010711  263.875740  35.743459
010712  264.142012  35.743459
010713  264.408284  35.743459
010714  264.674556  35.743459
010715  264.940828  35.743459
010716  265.207101  35.743459
010717  265.473373  35.743459
010718  265.739645  35.743459
010719  266.005917  35.743459
010720  266.272189  35.743459
010721  266.538462  35.743459
010722  266.804734  35.743459
010723  267.071006  35.743459
010724  267.337278  35.743459
010725  267.603550  35.743459
010726  267.869822  35.743459
010727  268.136095  35.743459
010728  268.402367  35.743459
010729  268.668639  35.743459
010730  268.934911  35.743459
010731  269.201183  35.743459
010732  269.467456  35.743459
010733  269.733728  35.743459
010734  270.000000  35.743459
010735  270.266272  35.743459
010736  270.532544  35.743459
010737  270.798817  35.743459
010738  271.065089  35.743459
010739  271.331361  35.743459
010740  271.597633  35.743459
010741  271.863905  35.743459
010742  272.130178  35.743459
010743  272.396450  35.743459
010744  272.662722  35.743459
010745  272.928994  35.743459
010746  273.195266  35.743459
010747  273.461538  35.743459
010748  273.727811  35.743459
010749  273.994083  35.743459
010750  274.260355  35.743459
010751  274.526627  35.743459
010752  274.792899  35.743459
010753  275.059172  35.743459
010754  275.325444  35.743459
010755  275.591716  35.743459
010756  275.857988  35.743459
010757  276.124260  35.743459
010758  276.390533  35.743459
010759  276.656805  35.743459
010760  276.923077  35.743459
010761  277.189349  35.743459
010762  277.455621  35.743459
010763  277.721893  35.743459
010764  277.988166  35.743459
010765  278.254438  35.743459
010766  278.520710  35.743459
010767  278.786982  35.743459
010768  279.053254  35.743459
010769  279.319527  35.743459
010770  279.585799  35.743459
010771  279.852071  35.743459
010772  280.118343  35.743459
010773  280.384615  35.743459
010774  280.650888  35.743459
010775  280.917160  35.743459
010776  281.183432  35.743459
010777  281.449704  35.743459
010778  281.715976  35.743459
010779  281.982249  35.743459
010780  282.248521  35.743459
010781  282.514793  35.743459
010782  282.781065  35.743459
010783  283.047337  35.743459
010784  283.313609  35.743459
010785  283.579882  35.743459
010786  283.846154  35.743459
010787  284.112426  35.743459
010788  284.378698  35.743459
010789  238.309859  35.959296
010790  238.576723  35.959296
010791  238.843588  35.959296
010792  239.110452  35.959296
010793  239.377317  35.959296
010794  239.644181  35.959296
010795  239.911045  35.959296
010796  240.177910  35.959296
010797  240.444774  35.959296
010798  240.711638  35.959296
010799  240.978503  35.959296
010800  241.245367  35.959296
010801  241.512231  35.959296
010802  241.779096  35.959296
010803  242.045960  35.959296
010804  242.312824  35.959296
010805  242.579689  35.959296
010806  242.846553  35.959296
010807  243.113417  35.959296
010808  243.380282  35.959296
010809  243.647146  35.959296
010810  243.914010  35.959296
010811  244.180875  35.959296
010812  244.447739  35.959296
010813  244.714603  35.959296
010814  244.981468  35.959296
010815  245.248332  35.959296
010816  245.515196  35.959296
010817  245.782061  35.959296
010818  246.048925  35.959296
010819  246.315789  35.959296
010820  246.582654  35.959296
010821  246.849518  35.959296
010822  247.116383  35.959296
010823  247.383247  35.959296
010824  247.650111  35.959296
010825  247.916976  35.959296
010826  248.183840  35.959296
010827  248.450704  35.959296
010828  248.717569  35.959296
010829  248.984433  35.959296
010830  249.251297  35.959296
010831  249.518162  35.959296
010832  249.785026  35.959296
010833  250.051890  35.959296
010834  250.318755  35.959296
010835  250.585619  35.959296
010836  250.852483  35.959296
010837  251.119348  35.959296
010838  251.386212  35.959296
010839  251.653076  35.959296
010840  251.919941  35.959296
010841  252.186805  35.959296
010842  252.453669  35.959296
010843  252.720534  35.959296
010844  252.987398  35.959296
010845  253.254262  35.959296
010846  253.521127  35.959296
010847  253.787991  35.959296
010848  254.054855  35.959296
010849  254.321720  35.959296
010850  254.588584  35.959296
010851  254.855448  35.959296
010852  255.122313  35.959296
010853  255.389177  35.959296
010854  255.656042  35.959296
010855  255.922906  35.959296
010856  256.189770  35.959296
010857  256.456635  35.959296
010858  256.723499  35.959296
010859  256.990363  35.959296
010860  257.257228  35.959296
010861  257.524092  35.959296
010862  257.790956  35.959296
010863  258.057821  35.959296
010864  258.324685  35.959296
010865  258.591549  35.959296
010866  258.858414  35.959296
010867  259.125278  35.959296
010868  259.392142  35.959296
010869  259.659007  35.959296
010870  259.925871  35.959296
010871  260.192735  35.959296
010872  260.459600  35.959296
010873  260.726464  35.959296
010874  260.993328  35.959296
010875  261.260193  35.959296
010876  261.527057  35.959296
010877  261.793921  35.959296
010878  262.060786  35.959296
010879  262.327650  35.959296
010880  262.594514  35.959296
010881  262.861379  35.959296
010882  263.128243  35.959296
010883  263.395107  35.959296
010884  263.661972  35.959296
010885  263.928836  35.959296
010886  264.195701  35.959296
010887  264.462565  35.959296
010888  264.729429  35.959296
010889  264.996294  35.959296
010890  265.263158  35.959296
010891  265.530022  35.959296
010892  265.796887  35.959296
010893  266.063751  35.959296
010894  266.330615  35.959296
010895  266.597480  35.959296
010896  266.864344  35.959296
010897  267.131208  35.959296
010898  267.398073  35.959296
010899  267.664937  35.959296
010900  267.931801  35.959296
010901  268.198666  35.959296
010902  268.465530  35.959296
010903  268.732394  35.959296
010904  268.999259  35.959296
010905  269.266123  35.959296
010906  269.532987  35.959296
010907  269.799852  35.959296
010908  270.066716  35.959296
010909  270.333580  35.959296
010910  270.600445  35.959296
010911  270.867309  35.959296
010912  271.134173  35.959296
010913  271.401038  35.959296
010914  271.667902  35.959296
010915  271.934766  35.959296
010916  272.201631  35.959296
010917  272.468495  35.959296
010918  272.735360  35.959296
010919  273.002224  35.959296
010920  273.269088  35.959296
010921  273.535953  35.959296
010922  273.802817  35.959296
010923  274.069681  35.959296
010924  274.336546  35.959296
010925  274.603410  35.959296
010926  274.870274  35.959296
010927  275.137139  35.959296
010928  275.404003  35.959296
010929  275.670867  35.959296
010930  275.937732  35.959296
010931  276.204596  35.959296
010932  276.471460  35.959296
010933  276.738325  35.959296
010934  277.005189  35.959296
010935  277.272053  35.959296
010936  277.538918  35.959296
010937  277.805782  35.959296
010938  278.072646  35.959296
010939  278.339511  35.959296
010940  278.606375  35.959296
010941  278.873239  35.959296
010942  279.140104  35.959296
010943  279.406968  35.959296
010944  279.673832  35.959296
010945  279.940697  35.959296
010946  280.207561  35.959296
010947  280.474426  35.959296
010948  280.741290  35.959296
010949  281.008154  35.959296
010950  281.275019  35.959296
010951  281.541883  35.959296
010952  281.808747  35.959296
010953  282.075612  35.959296
010954  282.342476  35.959296
010955  282.609340  35.959296
010956  282.876205  35.959296
010957  283.143069  35.959296
010958  283.409933  35.959296
010959  283.676798  35.959296
010960  283.943662  35.959296
010961  284.210526  35.959296
010962  237.947955  36.175134
010963  238.215613  36.175134
010964  238.483271  36.175134
010965  238.750929  36.175134
010966  239.018587  36.175134
010967  239.286245  36.175134
010968  239.553903  36.175134
010969  239.821561  36.175134
010970  240.089219  36.175134
010971  240.356877  36.175134
010972  240.624535  36.175134
010973  240.892193  36.175134
010974  241.159851  36.175134
010975  241.427509  36.175134
010976  241.695167  36.175134
010977  241.962825  36.175134
010978  242.230483  36.175134
010979  242.498141  36.175134
010980  242.765799  36.175134
010981  243.033457  36.175134
010982  243.301115  36.175134
010983  243.568773  36.175134
010984  243.836431  36.175134
010985  244.104089  36.175134
010986  244.371747  36.175134
010987  244.639405  36.175134
010988  244.907063  36.175134
010989  245.174721  36.175134
010990  245.442379  36.175134
010991  245.710037  36.175134
010992  245.977695  36.175134
010993  246.245353  36.175134
010994  246.513011  36.175134
010995  246.780669  36.175134
010996  247.048327  36.175134
010997  247.315985  36.175134
010998  247.583643  36.175134
010999  247.851301  36.175134
011000  248.118959  36.175134
011001  248.386617  36.175134
011002  248.654275  36.175134
011003  248.921933  36.175134
011004  249.189591  36.175134
011005  249.457249  36.175134
011006  249.724907  36.175134
011007  249.992565  36.175134
011008  250.260223  36.175134
011009  250.527881  36.175134
011010  250.795539  36.175134
011011  251.063197  36.175134
011012  251.330855  36.175134
011013  251.598513  36.175134
011014  251.866171  36.175134
011015  252.133829  36.175134
011016  252.401487  36.175134
011017  252.669145  36.175134
011018  252.936803  36.175134
011019  253.204461  36.175134
011020  253.472119  36.175134
011021  253.739777  36.175134
011022  254.007435  36.175134
011023  254.275093  36.175134
011024  254.542751  36.175134
011025  254.810409  36.175134
011026  255.078067  36.175134
011027  255.345725  36.175134
011028  255.613383  36.175134
011029  255.881041  36.175134
011030  256.148699  36.175134
011031  256.416357  36.175134
011032  256.684015  36.175134
011033  256.951673  36.175134
011034  257.219331  36.175134
011035  257.486989  36.175134
011036  257.754647  36.175134
011037  258.022305  36.175134
011038  258.289963  36.175134
011039  258.557621  36.175134
011040  258.825279  36.175134
011041  259.092937  36.175134
011042  259.360595  36.175134
011043  259.628253  36.175134
011044  259.895911  36.175134
011045  260.163569  36.175134
011046  260.431227  36.175134
011047  260.698885  36.175134
011048  260.966543  36.175134
011049  261.234201  36.175134
011050  261.501859  36.175134
011051  261.769517  36.175134
011052  262.037175  36.175134
011053  262.304833  36.175134
011054  262.572491  36.175134
011055  262.840149  36.175134
011056  263.107807  36.175134
011057  263.375465  36.175134
011058  263.643123  36.175134
011059  263.910781  36.175134
011060  264.178439  36.175134
011061  264.446097  36.175134
011062  264.713755  36.175134
011063  264.981413  36.175134
011064  265.249071  36.175134
011065  265.516729  36.175134
011066  265.784387  36.175134
011067  266.052045  36.175134
011068  266.319703  36.175134
011069  266.587361  36.175134
011070  266.855019  36.175134
011071  267.122677  36.175134
011072  267.390335  36.175134
011073  267.657993  36.175134
011074  267.925651  36.175134
011075  268.193309  36.175134
011076  268.460967  36.175134
011077  268.728625  36.175134
011078  268.996283  36.175134
011079  269.263941  36.175134
011080  269.531599  36.175134
011081  269.799257  36.175134
011082  270.066914  36.175134
011083  270.334572  36.175134
011084  270.602230  36.175134
011085  270.869888  36.175134
011086  271.137546  36.175134
011087  271.405204  36.175134
011088  271.672862  36.175134
011089  271.940520  36.175134
011090  272.208178  36.175134
011091  272.475836  36.175134
011092  272.743494  36.175134
011093  273.011152  36.175134
011094  273.278810  36.175134
011095  273.546468  36.175134
011096  273.814126  36.175134
011097  274.081784  36.175134
011098  274.349442  36.175134
011099  274.617100  36.175134
011100  274.884758  36.175134
011101  275.152416  36.175134
011102  275.420074  36.175134
011103  275.687732  36.175134
011104  275.955390  36.175134
011105  276.223048  36.175134
011106  276.490706  36.175134
011107  276.758364  36.175134
011108  277.026022  36.175134
011109  277.293680  36.175134
011110  277.561338  36.175134
011111  277.828996  36.175134
011112  278.096654  36.175134
011113  278.364312  36.175134
011114  278.631970  36.175134
011115  278.899628  36.175134
011116  279.167286  36.175134
011117  279.434944  36.175134
011118  279.702602  36.175134
011119  279.970260  36.175134
011120  280.237918  36.175134
011121  280.505576  36.175134
011122  280.773234  36.175134
011123  281.040892  36.175134
011124  281.308550  36.175134
011125  281.576208  36.175134
011126  281.843866  36.175134
011127  282.111524  36.175134
011128  282.379182  36.175134
011129  282.646840  36.175134
011130  282.914498  36.175134
011131  283.182156  36.175134
011132  283.449814  36.175134
011133  283.717472  36.175134
011134  283.985130  36.175134
011135  284.252788  36.175134
011136  237.852349  36.390971
011137  238.120805  36.390971
011138  238.389262  36.390971
011139  238.657718  36.390971
011140  238.926174  36.390971
011141  239.194631  36.390971
011142  239.463087  36.390971
011143  239.731544  36.390971
011144  240.000000  36.390971
011145  240.268456  36.390971
011146  240.536913  36.390971
011147  240.805369  36.390971
011148  241.073826  36.390971
011149  241.342282  36.390971
011150  241.610738  36.390971
011151  241.879195  36.390971
011152  242.147651  36.390971
011153  242.416107  36.390971
011154  242.684564  36.390971
011155  242.953020  36.390971
011156  243.221477  36.390971
011157  243.489933  36.390971
011158  243.758389  36.390971
011159  244.026846  36.390971
011160  244.295302  36.390971
011161  244.563758  36.390971
011162  244.832215  36.390971
011163  245.100671  36.390971
011164  245.369128  36.390971
011165  245.637584  36.390971
011166  245.906040  36.390971
011167  246.174497  36.390971
011168  246.442953  36.390971
011169  246.711409  36.390971
011170  246.979866  36.390971
011171  247.248322  36.390971
011172  247.516779  36.390971
011173  247.785235  36.390971
011174  248.053691  36.390971
011175  248.322148  36.390971
011176  248.590604  36.390971
011177  248.859060  36.390971
011178  249.127517  36.390971
011179  249.395973  36.390971
011180  249.664430  36.390971
011181  249.932886  36.390971
011182  250.201342  36.390971
011183  250.469799  36.390971
011184  250.738255  36.390971
011185  251.006711  36.390971
011186  251.275168  36.390971
011187  251.543624  36.390971
011188  251.812081  36.390971
011189  252.080537  36.390971
011190  252.348993  36.390971
011191  252.617450  36.390971
011192  252.885906  36.390971
011193  253.154362  36.390971
011194  253.422819  36.390971
011195  253.691275  36.390971
011196  253.959732  36.390971
011197  254.228188  36.390971
011198  254.496644  36.390971
011199  254.765101  36.390971
011200  255.033557  36.390971
011201  255.302013  36.390971
011202  255.570470  36.390971
011203  255.838926  36.390971
011204  256.107383  36.390971
011205  256.375839  36.390971
011206  256.644295  36.390971
011207  256.912752  36.390971
011208  257.181208  36.390971
011209  257.449664  36.390971
011210  257.718121  36.390971
011211  257.986577  36.390971
011212  258.255034  36.390971
011213  258.523490  36.390971
011214  258.791946  36.390971
011215  259.060403  36.390971
011216  259.328859  36.390971
011217  259.597315  36.390971
011218  259.865772  36.390971
011219  260.134228  36.390971
011220  260.402685  36.390971
011221  260.671141  36.390971
011222  260.939597  36.390971
011223  261.208054  36.390971
011224  261.476510  36.390971
011225  261.744966  36.390971
011226  262.013423  36.390971
011227  262.281879  36.390971
011228  262.550336  36.390971
011229  262.818792  36.390971
011230  263.087248  36.390971
011231  263.355705  36.390971
011232  263.624161  36.390971
011233  263.892617  36.390971
011234  264.161074  36.390971
011235  264.429530  36.390971
011236  264.697987  36.390971
011237  264.966443  36.390971
011238  265.234899  36.390971
011239  265.503356  36.390971
011240  265.771812  36.390971
011241  266.040268  36.390971
011242  266.308725  36.390971
011243  266.577181  36.390971
011244  266.845638  36.390971
011245  267.114094  36.390971
011246  267.382550  36.390971
011247  267.651007  36.390971
011248  267.919463  36.390971
011249  268.187919  36.390971
011250  268.456376  36.390971
011251  268.724832  36.390971
011252  268.993289  36.390971
011253  269.261745  36.390971
011254  269.530201  36.390971
011255  269.798658  36.390971
011256  270.067114  36.390971
011257  270.335570  36.390971
011258  270.604027  36.390971
011259  270.872483  36.390971
011260  271.140940  36.390971
011261  271.409396  36.390971
011262  271.677852  36.390971
011263  271.946309  36.390971
011264  272.214765  36.390971
011265  272.483221  36.390971
011266  272.751678  36.390971
011267  273.020134  36.390971
011268  273.288591  36.390971
011269  273.557047  36.390971
011270  273.825503  36.390971
011271  274.093960  36.390971
011272  274.362416  36.390971
011273  274.630872  36.390971
011274  274.899329  36.390971
011275  275.167785  36.390971
011276  275.436242  36.390971
011277  275.704698  36.390971
011278  275.973154  36.390971
011279  276.241611  36.390971
011280  276.510067  36.390971
011281  276.778523  36.390971
011282  277.046980  36.390971
011283  277.315436  36.390971
011284  277.583893  36.390971
011285  277.852349  36.390971
011286  278.120805  36.390971
011287  278.389262  36.390971
011288  278.657718  36.390971
011289  278.926174  36.390971
011290  279.194631  36.390971
011291  279.463087  36.390971
011292  279.731544  36.390971
011293  280.000000  36.390971
011294  280.268456  36.390971
011295  280.536913  36.390971
011296  280.805369  36.390971
011297  281.073826  36.390971
011298  281.342282  36.390971
011299  281.610738  36.390971
011300  281.879195  36.390971
011301  282.147651  36.390971
011302  282.416107  36.390971
011303  282.684564  36.390971
011304  282.953020  36.390971
011305  283.221477  36.390971
011306  283.489933  36.390971
011307  283.758389  36.390971
011308  284.026846  36.390971
011309  284.295302  36.390971
011310  238.025430  36.606808
011311  238.294690  36.606808
011312  238.563949  36.606808
011313  238.833209  36.606808
011314  239.102468  36.606808
011315  239.371728  36.606808
011316  239.640987  36.606808
011317  239.910247  36.606808
011318  240.179506  36.606808
011319  240.448766  36.606808
011320  240.718025  36.606808
011321  240.987285  36.606808
011322  241.256545  36.606808
011323  241.525804  36.606808
011324  241.795064  36.606808
011325  242.064323  36.606808
011326  242.333583  36.606808
011327  242.602842  36.606808
011328  242.872102  36.606808
011329  243.141361  36.606808
011330  243.410621  36.606808
011331  243.679880  36.606808
011332  243.949140  36.606808
011333  244.218399  36.606808
011334  244.487659  36.606808
011335  244.756918  36.606808
011336  245.026178  36.606808
011337  245.295438  36.606808
011338  245.564697  36.606808
011339  245.833957  36.606808
011340  246.103216  36.606808
011341  246.372476  36.606808
011342  246.641735  36.606808
011343  246.910995  36.606808
011344  247.180254  36.606808
011345  247.449514  36.606808
011346  247.718773  36.606808
011347  247.988033  36.606808
011348  248.257292  36.606808
011349  248.526552  36.606808
011350  248.795812  36.606808
011351  249.065071  36.606808
011352  249.334331  36.606808
011353  249.603590  36.606808
011354  249.872850  36.606808
011355  250.142109  36.606808
011356  250.411369  36.606808
011357  250.680628  36.606808
011358  250.949888  36.606808
011359  251.219147  36.606808
011360  251.488407  36.606808
011361  251.757666  36.606808
011362  252.026926  36.606808
011363  252.296185  36.606808
011364  252.565445  36.606808
011365  252.834705  36.606808
011366  253.103964  36.606808
011367  253.373224  36.606808
011368  253.642483  36.606808
011369  253.911743  36.606808
011370  254.181002  36.606808
011371  254.450262  36.606808
011372  254.719521  36.606808
011373  254.988781  36.606808
011374  255.258040  36.606808
011375  255.527300  36.606808
011376  255.796559  36.606808
011377  256.065819  36.606808
011378  256.335079  36.606808
011379  256.604338  36.606808
011380  256.873598  36.606808
011381  257.142857  36.606808
011382  257.412117  36.606808
011383  257.681376  36.606808
011384  257.950636  36.606808
011385  258.219895  36.606808
011386  258.489155  36.606808
011387  258.758414  36.606808
011388  259.027674  36.606808
011389  259.296933  36.606808
011390  259.566193  36.606808
011391  259.835453  36.606808
011392  260.104712  36.606808
011393  260.373972  36.606808
011394  260.643231  36.606808
011395  260.912491  36.606808
011396  261.181750  36.606808
011397  261.451010  36.606808
011398  261.720269  36.606808
011399  261.989529  36.606808
011400  262.258788  36.606808
011401  262.528048  36.606808
011402  262.797307  36.606808
011403  263.066567  36.606808
011404  263.335826  36.606808
011405  263.605086  36.606808
011406  263.874346  36.606808
011407  264.143605  36.606808
011408  264.412865  36.606808
011409  264.682124  36.606808
011410  264.951384  36.606808
011411  265.220643  36.606808
011412  265.489903  36.606808
011413  265.759162  36.606808
011414  266.028422  36.606808
011415  266.297681  36.606808
011416  266.566941  36.606808
011417  266.836200  36.606808
011418  267.105460  36.606808
011419  267.374720  36.606808
011420  267.643979  36.606808
011421  267.913239  36.606808
011422  268.182498  36.606808
011423  268.451758  36.606808
011424  268.721017  36.606808
011425  268.990277  36.606808
011426  269.259536  36.606808
011427  269.528796  36.606808
011428  269.798055  36.606808
011429  270.067315  36.606808
011430  270.336574  36.606808
011431  270.605834  36.606808
011432  270.875093  36.606808
011433  271.144353  36.606808
011434  271.413613  36.606808
011435  271.682872  36.606808
011436  271.952132  36.606808
011437  272.221391  36.606808
011438  272.490651  36.606808
011439  272.759910  36.606808
011440  273.029170  36.606808
011441  273.298429  36.606808
011442  273.567689  36.606808
011443  273.836948  36.606808
011444  274.106208  36.606808
011445  274.375467  36.606808
011446  274.644727  36.606808
011447  274.913987  36.606808
011448  275.183246  36.606808
011449  275.452506  36.606808
011450  275.721765  36.606808
011451  275.991025  36.606808
011452  276.260284  36.606808
011453  276.529544  36.606808
011454  276.798803  36.606808
011455  277.068063  36.606808
011456  277.337322  36.606808
011457  277.606582  36.606808
011458  277.875841  36.606808
011459  278.145101  36.606808
011460  278.414361  36.606808
011461  278.683620  36.606808
011462  278.952880  36.606808
011463  279.222139  36.606808
011464  279.491399  36.606808
011465  279.760658  36.606808
011466  280.029918  36.606808
011467  280.299177  36.606808
011468  280.568437  36.606808
011469  280.837696  36.606808
011470  281.106956  36.606808
011471  281.376215  36.606808
011472  281.645475  36.606808
011473  281.914734  36.606808
011474  282.183994  36.606808
011475  282.453254  36.606808
011476  282.722513  36.606808
011477  282.991773  36.606808
011478  283.261032  36.606808
011479  283.530292  36.606808
011480  283.799551  36.606808
011481  284.068811  36.606808
011482  237.751124  36.822645
011483  238.020990  36.822645
011484  238.290855  36.822645
011485  238.560720  36.822645
011486  238.830585  36.822645
011487  239.100450  36.822645
011488  239.370315  36.822645
011489  239.640180  36.822645
011490  239.910045  36.822645
011491  240.179910  36.822645
011492  240.449775  36.822645
011493  240.719640  36.822645
011494  240.989505  36.822645
011495  241.259370  36.822645
011496  241.529235  36.822645
011497  241.799100  36.822645
011498  242.068966  36.822645
011499  242.338831  36.822645
011500  242.608696  36.822645
011501  242.878561  36.822645
011502  243.148426  36.822645
011503  243.418291  36.822645
011504  243.688156  36.822645
011505  243.958021  36.822645
011506  244.227886  36.822645
011507  244.497751  36.822645
011508  244.767616  36.822645
011509  245.037481  36.822645
011510  245.307346  36.822645
011511  245.577211  36.822645
011512  245.847076  36.822645
011513  246.116942  36.822645
011514  246.386807  36.822645
011515  246.656672  36.822645
011516  246.926537  36.822645
011517  247.196402  36.822645
011518  247.466267  36.822645
011519  247.736132  36.822645
011520  248.005997  36.822645
011521  248.275862  36.822645
011522  248.545727  36.822645
011523  248.815592  36.822645
011524  249.085457  36.822645
011525  249.355322  36.822645
011526  249.625187  36.822645
011527  249.895052  36.822645
011528  250.164918  36.822645
011529  250.434783  36.822645
011530  250.704648  36.822645
011531  250.974513  36.822645
011532  251.244378  36.822645
011533  251.514243  36.822645
011534  251.784108  36.822645
011535  252.053973  36.822645
011536  252.323838  36.822645
011537  252.593703  36.822645
011538  252.863568  36.822645
011539  253.133433  36.822645
011540  253.403298  36.822645
011541  253.673163  36.822645
011542  253.943028  36.822645
011543  254.212894  36.822645
011544  254.482759  36.822645
011545  254.752624  36.822645
011546  255.022489  36.822645
011547  255.292354  36.822645
011548  255.562219  36.822645
011549  255.832084  36.822645
011550  256.101949  36.822645
011551  256.371814  36.822645
011552  256.641679  36.822645
011553  256.911544  36.822645
011554  257.181409  36.822645
011555  257.451274  36.822645
011556  257.721139  36.822645
011557  257.991004  36.822645
011558  258.260870  36.822645
011559  258.530735  36.822645
011560  258.800600  36.822645
011561  259.070465  36.822645
011562  259.340330  36.822645
011563  259.610195  36.822645
011564  259.880060  36.822645
011565  260.149925  36.822645
011566  260.419790  36.822645
011567  260.689655  36.822645
011568  260.959520  36.822645
011569  261.229385  36.822645
011570  261.499250  36.822645
011571  261.769115  36.822645
011572  262.038981  36.822645
011573  262.308846  36.822645
011574  262.578711  36.822645
011575  262.848576  36.822645
011576  263.118441  36.822645
011577  263.388306  36.822645
011578  263.658171  36.822645
011579  263.928036  36.822645
011580  264.197901  36.822645
011581  264.467766  36.822645
011582  264.737631  36.822645
011583  265.007496  36.822645
011584  265.277361  36.822645
011585  265.547226  36.822645
011586  265.817091  36.822645
011587  266.086957  36.822645
011588  266.356822  36.822645
011589  266.626687  36.822645
011590  266.896552  36.822645
011591  267.166417  36.822645
011592  267.436282  36.822645
011593  267.706147  36.822645
011594  267.976012  36.822645
011595  268.245877  36.822645
011596  268.515742  36.822645
011597  268.785607  36.822645
011598  269.055472  36.822645
011599  269.325337  36.822645
011600  269.595202  36.822645
011601  269.865067  36.822645
011602  270.134933  36.822645
011603  270.404798  36.822645
011604  270.674663  36.822645
011605  270.944528  36.822645
011606  271.214393  36.822645
011607  271.484258  36.822645
011608  271.754123  36.822645
011609  272.023988  36.822645
011610  272.293853  36.822645
011611  272.563718  36.822645
011612  272.833583  36.822645
011613  273.103448  36.822645
011614  273.373313  36.822645
011615  273.643178  36.822645
011616  273.913043  36.822645
011617  274.182909  36.822645
011618  274.452774  36.822645
011619  274.722639  36.822645
011620  274.992504  36.822645
011621  275.262369  36.822645
011622  275.532234  36.822645
011623  275.802099  36.822645
011624  276.071964  36.822645
011625  276.341829  36.822645
011626  276.611694  36.822645
011627  276.881559  36.822645
011628  277.151424  36.822645
011629  277.421289  36.822645
011630  277.691154  36.822645
011631  277.961019  36.822645
011632  278.230885  36.822645
011633  278.500750  36.822645
011634  278.770615  36.822645
011635  279.040480  36.822645
011636  279.310345  36.822645
011637  279.580210  36.822645
011638  279.850075  36.822645
011639  280.119940  36.822645
011640  280.389805  36.822645
011641  280.659670  36.822645
011642  280.929535  36.822645
011643  281.199400  36.822645
011644  281.469265  36.822645
011645  281.739130  36.822645
011646  282.008996  36.822645
011647  282.278861  36.822645
011648  282.548726  36.822645
011649  282.818591  36.822645
011650  283.088456  36.822645
011651  283.358321  36.822645
011652  283.628186  36.822645
011653  283.898051  36.822645
011654  284.167916  36.822645
011655  237.654135  37.038482
011656  237.924812  37.038482
011657  238.195489  37.038482
011658  238.466165  37.038482
011659  238.736842  37.038482
011660  239.007519  37.038482
011661  239.278195  37.038482
011662  239.548872  37.038482
011663  239.819549  37.038482
011664  240.090226  37.038482
011665  240.360902  37.038482
011666  240.631579  37.038482
011667  240.902256  37.038482
011668  241.172932  37.038482
011669  241.443609  37.038482
011670  241.714286  37.038482
011671  241.984962  37.038482
011672  242.255639  37.038482
011673  242.526316  37.038482
011674  242.796992  37.038482
011675  243.067669  37.038482
011676  243.338346  37.038482
011677  243.609023  37.038482
011678  243.879699  37.038482
011679  244.150376  37.038482
011680  244.421053  37.038482
011681  244.691729  37.038482
011682  244.962406  37.038482
011683  245.233083  37.038482
011684  245.503759  37.038482
011685  245.774436  37.038482
011686  246.045113  37.038482
011687  246.315789  37.038482
011688  246.586466  37.038482
011689  246.857143  37.038482
011690  247.127820  37.038482
011691  247.398496  37.038482
011692  247.669173  37.038482
011693  247.939850  37.038482
011694  248.210526  37.038482
011695  248.481203  37.038482
011696  248.751880  37.038482
011697  249.022556  37.038482
011698  249.293233  37.038482
011699  249.563910  37.038482
011700  249.834586  37.038482
011701  250.105263  37.038482
011702  250.375940  37.038482
011703  250.646617  37.038482
011704  250.917293  37.038482
011705  251.187970  37.038482
011706  251.458647  37.038482
011707  251.729323  37.038482
011708  252.000000  37.038482
011709  252.270677  37.038482
011710  252.541353  37.038482
011711  252.812030  37.038482
011712  253.082707  37.038482
011713  253.353383  37.038482
011714  253.624060  37.038482
011715  253.894737  37.038482
011716  254.165414  37.038482
011717  254.436090  37.038482
011718  254.706767  37.038482
011719  254.977444  37.038482
011720  255.248120  37.038482
011721  255.518797  37.038482
011722  255.789474  37.038482
011723  256.060150  37.038482
011724  256.330827  37.038482
011725  256.601504  37.038482
011726  256.872180  37.038482
011727  257.142857  37.038482
011728  257.413534  37.038482
011729  257.684211  37.038482
011730  257.954887  37.038482
011731  258.225564  37.038482
011732  258.496241  37.038482
011733  258.766917  37.038482
011734  259.037594  37.038482
011735  259.308271  37.038482
011736  259.578947  37.038482
011737  259.849624  37.038482
011738  260.120301  37.038482
011739  260.390977  37.038482
011740  260.661654  37.038482
011741  260.932331  37.038482
011742  261.203008  37.038482
011743  261.473684  37.038482
011744  261.744361  37.038482
011745  262.015038  37.038482
011746  262.285714  37.038482
011747  262.556391  37.038482
011748  262.827068  37.038482
011749  263.097744  37.038482
011750  263.368421  37.038482
011751  263.639098  37.038482
011752  263.909774  37.038482
011753  264.180451  37.038482
011754  264.451128  37.038482
011755  264.721805  37.038482
011756  264.992481  37.038482
011757  265.263158  37.038482
011758  265.533835  37.038482
011759  265.804511  37.038482
011760  266.075188  37.038482
011761  266.345865  37.038482
011762  266.616541  37.038482
011763  266.887218  37.038482
011764  267.157895  37.038482
011765  267.428571  37.038482
011766  267.699248  37.038482
011767  267.969925  37.038482
011768  268.240602  37.038482
011769  268.511278  37.038482
011770  268.781955  37.038482
011771  269.052632  37.038482
011772  269.323308  37.038482
011773  269.593985  37.038482
011774  269.864662  37.038482
011775  270.135338  37.038482
011776  270.406015  37.038482
011777  270.676692  37.038482
011778  270.947368  37.038482
011779  271.218045  37.038482
011780  271.488722  37.038482
011781  271.759398  37.038482
011782  272.030075  37.038482
011783  272.300752  37.038482
011784  272.571429  37.038482
011785  272.842105  37.038482
011786  273.112782  37.038482
011787  273.383459  37.038482
011788  273.654135  37.038482
011789  273.924812  37.038482
011790  274.195489  37.038482
011791  274.466165  37.038482
011792  274.736842  37.038482
011793  275.007519  37.038482
011794  275.278195  37.038482
011795  275.548872  37.038482
011796  275.819549  37.038482
011797  276.090226  37.038482
011798  276.360902  37.038482
011799  276.631579  37.038482
011800  276.902256  37.038482
011801  277.172932  37.038482
011802  277.443609  37.038482
011803  277.714286  37.038482
011804  277.984962  37.038482
011805  278.255639  37.038482
011806  278.526316  37.038482
011807  278.796992  37.038482
011808  279.067669  37.038482
011809  279.338346  37.038482
011810  279.609023  37.038482
011811  279.879699  37.038482
011812  280.150376  37.038482
011813  280.421053  37.038482
011814  280.691729  37.038482
011815  280.962406  37.038482
011816  281.233083  37.038482
011817  281.503759  37.038482
011818  281.774436  37.038482
011819  282.045113  37.038482
011820  282.315789  37.038482
011821  282.586466  37.038482
011822  282.857143  37.038482
011823  283.127820  37.038482
011824  283.398496  37.038482
011825  283.669173  37.038482
011826  283.939850  37.038482
011827  284.210526  37.038482
011828  237.556561  37.254319
011829  237.828054  37.254319
011830  238.099548  37.254319
011831  238.371041  37.254319
011832  238.642534  37.254319
011833  238.914027  37.254319
011834  239.185520  37.254319
011835  239.457014  37.254319
011836  239.728507  37.254319
011837  240.000000  37.254319
011838  240.271493  37.254319
011839  240.542986  37.254319
011840  240.814480  37.254319
011841  241.085973  37.254319
011842  241.357466  37.254319
011843  241.628959  37.254319
011844  241.900452  37.254319
011845  242.171946  37.254319
011846  242.443439  37.254319
011847  242.714932  37.254319
011848  242.986425  37.254319
011849  243.257919  37.254319
011850  243.529412  37.254319
011851  243.800905  37.254319
011852  244.072398  37.254319
011853  244.343891  37.254319
011854  244.615385  37.254319
011855  244.886878  37.254319
011856  245.158371  37.254319
011857  245.429864  37.254319
011858  245.701357  37.254319
011859  245.972851  37.254319
011860  246.244344  37.254319
011861  246.515837  37.254319
011862  246.787330  37.254319
011863  247.058824  37.254319
011864  247.330317  37.254319
011865  247.601810  37.254319
011866  247.873303  37.254319
011867  248.144796  37.254319
011868  248.416290  37.254319
011869  248.687783  37.254319
011870  248.959276  37.254319
011871  249.230769  37.254319
011872  249.502262  37.254319
011873  249.773756  37.254319
011874  250.045249  37.254319
011875  250.316742  37.254319
011876  250.588235  37.254319
011877  250.859729  37.254319
011878  251.131222  37.254319
011879  251.402715  37.254319
011880  251.674208  37.254319
011881  251.945701  37.254319
011882  252.217195  37.254319
011883  252.488688  37.254319
011884  252.760181  37.254319
011885  253.031674  37.254319
011886  253.303167  37.254319
011887  253.574661  37.254319
011888  253.846154  37.254319
011889  254.117647  37.254319
011890  254.389140  37.254319
011891  254.660633  37.254319
011892  254.932127  37.254319
011893  255.203620  37.254319
011894  255.475113  37.254319
011895  255.746606  37.254319
011896  256.018100  37.254319
011897  256.289593  37.254319
011898  256.561086  37.254319
011899  256.832579  37.254319
011900  257.104072  37.254319
011901  257.375566  37.254319
011902  257.647059  37.254319
011903  257.918552  37.254319
011904  258.190045  37.254319
011905  258.461538  37.254319
011906  258.733032  37.254319
011907  259.004525  37.254319
011908  259.276018  37.254319
011909  259.547511  37.254319
011910  259.819005  37.254319
011911  260.090498  37.254319
011912  260.361991  37.254319
011913  260.633484  37.254319
011914  260.904977  37.254319
011915  261.176471  37.254319
011916  261.447964  37.254319
011917  261.719457  37.254319
011918  261.990950  37.254319
011919  262.262443  37.254319
011920  262.533937  37.254319
011921  262.805430  37.254319
011922  263.076923  37.254319
011923  263.348416  37.254319
011924  263.619910  37.254319
011925  263.891403  37.254319
011926  264.162896  37.254319
011927  264.434389  37.254319
011928  264.705882  37.254319
011929  264.977376  37.254319
011930  265.248869  37.254319
011931  265.520362  37.254319
011932  265.791855  37.254319
011933  266.063348  37.254319
011934  266.334842  37.254319
011935  266.606335  37.254319
011936  266.877828  37.254319
011937  267.149321  37.254319
011938  267.420814  37.254319
011939  267.692308  37.254319
011940  267.963801  37.254319
011941  268.235294  37.254319
011942  268.506787  37.254319
011943  268.778281  37.254319
011944  269.049774  37.254319
011945  269.321267  37.254319
011946  269.592760  37.254319
011947  269.864253  37.254319
011948  270.135747  37.254319
011949  270.407240  37.254319
011950  270.678733  37.254319
011951  270.950226  37.254319
011952  271.221719  37.254319
011953  271.493213  37.254319
011954  271.764706  37.254319
011955  272.036199  37.254319
011956  272.307692  37.254319
011957  272.579186  37.254319
011958  272.850679  37.254319
011959  273.122172  37.254319
011960  273.393665  37.254319
011961  273.665158  37.254319
011962  273.936652  37.254319
011963  274.208145  37.254319
011964  274.479638  37.254319
011965  274.751131  37.254319
011966  275.022624  37.254319
011967  275.294118  37.254319
011968  275.565611  37.254319
011969  275.837104  37.254319
011970  276.108597  37.254319
011971  276.380090  37.254319
011972  276.651584  37.254319
011973  276.923077  37.254319
011974  277.194570  37.254319
011975  277.466063  37.254319
011976  277.737557  37.254319
011977  278.009050  37.254319
011978  278.280543  37.254319
011979  278.552036  37.254319
011980  278.823529  37.254319
011981  279.095023  37.254319
011982  279.366516  37.254319
011983  279.638009  37.254319
011984  279.909502  37.254319
011985  280.180995  37.254319
011986  280.452489  37.254319
011987  280.723982  37.254319
011988  280.995475  37.254319
011989  281.266968  37.254319
011990  281.538462  37.254319
011991  281.809955  37.254319
011992  282.081448  37.254319
011993  282.352941  37.254319
011994  282.624434  37.254319
011995  282.895928  37.254319
011996  283.167421  37.254319
011997  283.438914  37.254319
011998  283.710407  37.254319
011999  283.981900  37.254319
012000  284.253394  37.254319
012001  284.524887  37.254319
012002  237.458396  37.470157
012003  237.730711  37.470157
012004  238.003026  37.470157
012005  238.275340  37.470157
012006  238.547655  37.470157
012007  238.819970  37.470157
012008  239.092284  37.470157
012009  239.364599  37.470157
012010  239.636914  37.470157
012011  239.909228  37.470157
012012  240.181543  37.470157
012013  240.453858  37.470157
012014  240.726172  37.470157
012015  240.998487  37.470157
012016  241.270802  37.470157
012017  241.543116  37.470157
012018  241.815431  37.470157
012019  242.087746  37.470157
012020  242.360061  37.470157
012021  242.632375  37.470157
012022  242.904690  37.470157
012023  243.177005  37.470157
012024  243.449319  37.470157
012025  243.721634  37.470157
012026  243.993949  37.470157
012027  244.266263  37.470157
012028  244.538578  37.470157
012029  244.810893  37.470157
012030  245.083207  37.470157
012031  245.355522  37.470157
012032  245.627837  37.470157
012033  245.900151  37.470157
012034  246.172466  37.470157
012035  246.444781  37.470157
012036  246.717095  37.470157
012037  246.989410  37.470157
012038  247.261725  37.470157
012039  247.534039  37.470157
012040  247.806354  37.470157
012041  248.078669  37.470157
012042  248.350983  37.470157
012043  248.623298  37.470157
012044  248.895613  37.470157
012045  249.167927  37.470157
012046  249.440242  37.470157
012047  249.712557  37.470157
012048  249.984871  37.470157
012049  250.257186  37.470157
012050  250.529501  37.470157
012051  250.801815  37.470157
012052  251.074130  37.470157
012053  251.346445  37.470157
012054  251.618759  37.470157
012055  251.891074  37.470157
012056  252.163389  37.470157
012057  252.435703  37.470157
012058  252.708018  37.470157
012059  252.980333  37.470157
012060  253.252648  37.470157
012061  253.524962  37.470157
012062  253.797277  37.470157
012063  254.069592  37.470157
012064  254.341906  37.470157
012065  254.614221  37.470157
012066  254.886536  37.470157
012067  255.158850  37.470157
012068  255.431165  37.470157
012069  255.703480  37.470157
012070  255.975794  37.470157
012071  256.248109  37.470157
012072  256.520424  37.470157
012073  256.792738  37.470157
012074  257.065053  37.470157
012075  257.337368  37.470157
012076  257.609682  37.470157
012077  257.881997  37.470157
012078  258.154312  37.470157
012079  258.426626  37.470157
012080  258.698941  37.470157
012081  258.971256  37.470157
012082  259.243570  37.470157
012083  259.515885  37.470157
012084  259.788200  37.470157
012085  260.060514  37.470157
012086  260.332829  37.470157
012087  260.605144  37.470157
012088  260.877458  37.470157
012089  261.149773  37.470157
012090  261.422088  37.470157
012091  261.694402  37.470157
012092  261.966717  37.470157
012093  262.239032  37.470157
012094  262.511346  37.470157
012095  262.783661  37.470157
012096  263.055976  37.470157
012097  263.328290  37.470157
012098  263.600605  37.470157
012099  263.872920  37.470157
012100  264.145234  37.470157
012101  264.417549  37.470157
012102  264.689864  37.470157
012103  264.962179  37.470157
012104  265.234493  37.470157
012105  265.506808  37.470157
012106  265.779123  37.470157
012107  266.051437  37.470157
012108  266.323752  37.470157
012109  266.596067  37.470157
012110  266.868381  37.470157
012111  267.140696  37.470157
012112  267.413011  37.470157
012113  267.685325  37.470157
012114  267.957640  37.470157
012115  268.229955  37.470157
012116  268.502269  37.470157
012117  268.774584  37.470157
012118  269.046899  37.470157
012119  269.319213  37.470157
012120  269.591528  37.470157
012121  269.863843  37.470157
012122  270.136157  37.470157
012123  270.408472  37.470157
012124  270.680787  37.470157
012125  270.953101  37.470157
012126  271.225416  37.470157
012127  271.497731  37.470157
012128  271.770045  37.470157
012129  272.042360  37.470157
012130  272.314675  37.470157
012131  272.586989  37.470157
012132  272.859304  37.470157
012133  273.131619  37.470157
012134  273.403933  37.470157
012135  273.676248  37.470157
012136  273.948563  37.470157
012137  274.220877  37.470157
012138  274.493192  37.470157
012139  274.765507  37.470157
012140  275.037821  37.470157
012141  275.310136  37.470157
012142  275.582451  37.470157
012143  275.854766  37.470157
012144  276.127080  37.470157
012145  276.399395  37.470157
012146  276.671710  37.470157
012147  276.944024  37.470157
012148  277.216339  37.470157
012149  277.488654  37.470157
012150  277.760968  37.470157
012151  278.033283  37.470157
012152  278.305598  37.470157
012153  278.577912  37.470157
012154  278.850227  37.470157
012155  279.122542  37.470157
012156  279.394856  37.470157
012157  279.667171  37.470157
012158  279.939486  37.470157
012159  280.211800  37.470157
012160  280.484115  37.470157
012161  280.756430  37.470157
012162  281.028744  37.470157
012163  281.301059  37.470157
012164  281.573374  37.470157
012165  281.845688  37.470157
012166  282.118003  37.470157
012167  282.390318  37.470157
012168  282.662632  37.470157
012169  282.934947  37.470157
012170  283.207262  37.470157
012171  283.479576  37.470157
012172  283.751891  37.470157
012173  284.024206  37.470157
012174  284.296520  37.470157
012175  284.568835  37.470157
012176  237.086495  37.685994
012177  237.359636  37.685994
012178  237.632777  37.685994
012179  237.905918  37.685994
012180  238.179059  37.685994
012181  238.452200  37.685994
012182  238.725341  37.685994
012183  238.998483  37.685994
012184  239.271624  37.685994
012185  239.544765  37.685994
012186  239.817906  37.685994
012187  240.091047  37.685994
012188  240.364188  37.685994
012189  240.637329  37.685994
012190  240.910470  37.685994
012191  241.183612  37.685994
012192  241.456753  37.685994
012193  241.729894  37.685994
012194  242.003035  37.685994
012195  242.276176  37.685994
012196  242.549317  37.685994
012197  242.822458  37.685994
012198  243.095599  37.685994
012199  243.368741  37.685994
012200  243.641882  37.685994
012201  243.915023  37.685994
012202  244.188164  37.685994
012203  244.461305  37.685994
012204  244.734446  37.685994
012205  245.007587  37.685994
012206  245.280728  37.685994
012207  245.553869  37.685994
012208  245.827011  37.685994
012209  246.100152  37.685994
012210  246.373293  37.685994
012211  246.646434  37.685994
012212  246.919575  37.685994
012213  247.192716  37.685994
012214  247.465857  37.685994
012215  247.738998  37.685994
012216  248.012140  37.685994
012217  248.285281  37.685994
012218  248.558422  37.685994
012219  248.831563  37.685994
012220  249.104704  37.685994
012221  249.377845  37.685994
012222  249.650986  37.685994
012223  249.924127  37.685994
012224  250.197269  37.685994
012225  250.470410  37.685994
012226  250.743551  37.685994
012227  251.016692  37.685994
012228  251.289833  37.685994
012229  251.562974  37.685994
012230  251.836115  37.685994
012231  252.109256  37.685994
012232  252.382398  37.685994
012233  252.655539  37.685994
012234  252.928680  37.685994
012235  253.201821  37.685994
012236  253.474962  37.685994
012237  253.748103  37.685994
012238  254.021244  37.685994
012239  254.294385  37.685994
012240  254.567527  37.685994
012241  254.840668  37.685994
012242  255.113809  37.685994
012243  255.386950  37.685994
012244  255.660091  37.685994
012245  255.933232  37.685994
012246  256.206373  37.685994
012247  256.479514  37.685994
012248  256.752656  37.685994
012249  257.025797  37.685994
012250  257.298938  37.685994
012251  257.572079  37.685994
012252  257.845220  37.685994
012253  258.118361  37.685994
012254  258.391502  37.685994
012255  258.664643  37.685994
012256  258.937785  37.685994
012257  259.210926  37.685994
012258  259.484067  37.685994
012259  259.757208  37.685994
012260  260.030349  37.685994
012261  260.303490  37.685994
012262  260.576631  37.685994
012263  260.849772  37.685994
012264  261.122914  37.685994
012265  261.396055  37.685994
012266  261.669196  37.685994
012267  261.942337  37.685994
012268  262.215478  37.685994
012269  262.488619  37.685994
012270  262.761760  37.685994
012271  263.034901  37.685994
012272  263.308042  37.685994
012273  263.581184  37.685994
012274  263.854325  37.685994
012275  264.127466  37.685994
012276  264.400607  37.685994
012277  264.673748  37.685994
012278  264.946889  37.685994
012279  265.220030  37.685994
012280  265.493171  37.685994
012281  265.766313  37.685994
012282  266.039454  37.685994
012283  266.312595  37.685994
012284  266.585736  37.685994
012285  266.858877  37.685994
012286  267.132018  37.685994
012287  267.405159  37.685994
012288  267.678300  37.685994
012289  267.951442  37.685994
012290  268.224583  37.685994
012291  268.497724  37.685994
012292  268.770865  37.685994
012293  269.044006  37.685994
012294  269.317147  37.685994
012295  269.590288  37.685994
012296  269.863429  37.685994
012297  270.136571  37.685994
012298  270.409712  37.685994
012299  270.682853  37.685994
012300  270.955994  37.685994
012301  271.229135  37.685994
012302  271.502276  37.685994
012303  271.775417  37.685994
012304  272.048558  37.685994
012305  272.321700  37.685994
012306  272.594841  37.685994
012307  272.867982  37.685994
012308  273.141123  37.685994
012309  273.414264  37.685994
012310  273.687405  37.685994
012311  273.960546  37.685994
012312  274.233687  37.685994
012313  274.506829  37.685994
012314  274.779970  37.685994
012315  275.053111  37.685994
012316  275.326252  37.685994
012317  275.599393  37.685994
012318  275.872534  37.685994
012319  276.145675  37.685994
012320  276.418816  37.685994
012321  276.691958  37.685994
012322  276.965099  37.685994
012323  277.238240  37.685994
012324  277.511381  37.685994
012325  277.784522  37.685994
012326  278.057663  37.685994
012327  278.330804  37.685994
012328  278.603945  37.685994
012329  278.877086  37.685994
012330  279.150228  37.685994
012331  279.423369  37.685994
012332  279.696510  37.685994
012333  279.969651  37.685994
012334  280.242792  37.685994
012335  280.515933  37.685994
012336  280.789074  37.685994
012337  281.062215  37.685994
012338  281.335357  37.685994
012339  281.608498  37.685994
012340  281.881639  37.685994
012341  282.154780  37.685994
012342  282.427921  37.685994
012343  282.701062  37.685994
012344  282.974203  37.685994
012345  283.247344  37.685994
012346  283.520486  37.685994
012347  283.793627  37.685994
012348  284.066768  37.685994
012349  284.339909  37.685994
012350  284.613050  37.685994
012351  237.079848  37.901831
012352  237.353612  37.901831
012353  237.627376  37.901831
012354  237.901141  37.901831
012355  238.174905  37.901831
012356  238.448669  37.901831
012357  238.722433  37.901831
012358  238.996198  37.901831
012359  239.269962  37.901831
012360  239.543726  37.901831
012361  239.817490  37.901831
012362  240.091255  37.901831
012363  240.365019  37.901831
012364  240.638783  37.901831
012365  240.912548  37.901831
012366  241.186312  37.901831
012367  241.460076  37.901831
012368  241.733840  37.901831
012369  242.007605  37.901831
012370  242.281369  37.901831
012371  242.555133  37.901831
012372  242.828897  37.901831
012373  243.102662  37.901831
012374  243.376426  37.901831
012375  243.650190  37.901831
012376  243.923954  37.901831
012377  244.197719  37.901831
012378  244.471483  37.901831
012379  244.745247  37.901831
012380  245.019011  37.901831
012381  245.292776  37.901831
012382  245.566540  37.901831
012383  245.840304  37.901831
012384  246.114068  37.901831
012385  246.387833  37.901831
012386  246.661597  37.901831
012387  246.935361  37.901831
012388  247.209125  37.901831
012389  247.482890  37.901831
012390  247.756654  37.901831
012391  248.030418  37.901831
012392  248.304183  37.901831
012393  248.577947  37.901831
012394  248.851711  37.901831
012395  249.125475  37.901831
012396  249.399240  37.901831
012397  249.673004  37.901831
012398  249.946768  37.901831
012399  250.220532  37.901831
012400  250.494297  37.901831
012401  250.768061  37.901831
012402  251.041825  37.901831
012403  251.315589  37.901831
012404  251.589354  37.901831
012405  251.863118  37.901831
012406  252.136882  37.901831
012407  252.410646  37.901831
012408  252.684411  37.901831
012409  252.958175  37.901831
012410  253.231939  37.901831
012411  253.505703  37.901831
012412  253.779468  37.901831
012413  254.053232  37.901831
012414  254.326996  37.901831
012415  254.600760  37.901831
012416  254.874525  37.901831
012417  255.148289  37.901831
012418  255.422053  37.901831
012419  255.695817  37.901831
012420  255.969582  37.901831
012421  256.243346  37.901831
012422  256.517110  37.901831
012423  256.790875  37.901831
012424  257.064639  37.901831
012425  257.338403  37.901831
012426  257.612167  37.901831
012427  257.885932  37.901831
012428  258.159696  37.901831
012429  258.433460  37.901831
012430  258.707224  37.901831
012431  258.980989  37.901831
012432  259.254753  37.901831
012433  259.528517  37.901831
012434  259.802281  37.901831
012435  260.076046  37.901831
012436  260.349810  37.901831
012437  260.623574  37.901831
012438  260.897338  37.901831
012439  261.171103  37.901831
012440  261.444867  37.901831
012441  261.718631  37.901831
012442  261.992395  37.901831
012443  262.266160  37.901831
012444  262.539924  37.901831
012445  262.813688  37.901831
012446  263.087452  37.901831
012447  263.361217  37.901831
012448  263.634981  37.901831
012449  263.908745  37.901831
012450  264.182510  37.901831
012451  264.456274  37.901831
012452  264.730038  37.901831
012453  265.003802  37.901831
012454  265.277567  37.901831
012455  265.551331  37.901831
012456  265.825095  37.901831
012457  266.098859  37.901831
012458  266.372624  37.901831
012459  266.646388  37.901831
012460  266.920152  37.901831
012461  267.193916  37.901831
012462  267.467681  37.901831
012463  267.741445  37.901831
012464  268.015209  37.901831
012465  268.288973  37.901831
012466  268.562738  37.901831
012467  268.836502  37.901831
012468  269.110266  37.901831
012469  269.384030  37.901831
012470  269.657795  37.901831
012471  269.931559  37.901831
012472  270.205323  37.901831
012473  270.479087  37.901831
012474  270.752852  37.901831
012475  271.026616  37.901831
012476  271.300380  37.901831
012477  271.574144  37.901831
012478  271.847909  37.901831
012479  272.121673  37.901831
012480  272.395437  37.901831
012481  272.669202  37.901831
012482  272.942966  37.901831
012483  273.216730  37.901831
012484  273.490494  37.901831
012485  273.764259  37.901831
012486  274.038023  37.901831
012487  274.311787  37.901831
012488  274.585551  37.901831
012489  274.859316  37.901831
012490  275.133080  37.901831
012491  275.406844  37.901831
012492  275.680608  37.901831
012493  275.954373  37.901831
012494  276.228137  37.901831
012495  276.501901  37.901831
012496  276.775665  37.901831
012497  277.049430  37.901831
012498  277.323194  37.901831
012499  277.596958  37.901831
012500  277.870722  37.901831
012501  278.144487  37.901831
012502  278.418251  37.901831
012503  278.692015  37.901831
012504  278.965779  37.901831
012505  279.239544  37.901831
012506  279.513308  37.901831
012507  279.787072  37.901831
012508  280.060837  37.901831
012509  280.334601  37.901831
012510  280.608365  37.901831
012511  280.882129  37.901831
012512  281.155894  37.901831
012513  281.429658  37.901831
012514  281.703422  37.901831
012515  281.977186  37.901831
012516  282.250951  37.901831
012517  282.524715  37.901831
012518  282.798479  37.901831
012519  283.072243  37.901831
012520  283.346008  37.901831
012521  283.619772  37.901831
012522  283.893536  37.901831
012523  284.167300  37.901831
012524  284.441065  37.901831
012525  284.714829  37.901831
012526  236.979405  38.117668
012527  237.254005  38.117668
012528  237.528604  38.117668
012529  237.803204  38.117668
012530  238.077803  38.117668
012531  238.352403  38.117668
012532  238.627002  38.117668
012533  238.901602  38.117668
012534  239.176201  38.117668
012535  239.450801  38.117668
012536  239.725400  38.117668
012537  240.000000  38.117668
012538  240.274600  38.117668
012539  240.549199  38.117668
012540  240.823799  38.117668
012541  241.098398  38.117668
012542  241.372998  38.117668
012543  241.647597  38.117668
012544  241.922197  38.117668
012545  242.196796  38.117668
012546  242.471396  38.117668
012547  242.745995  38.117668
012548  243.020595  38.117668
012549  243.295195  38.117668
012550  243.569794  38.117668
012551  243.844394  38.117668
012552  244.118993  38.117668
012553  244.393593  38.117668
012554  244.668192  38.117668
012555  244.942792  38.117668
012556  245.217391  38.117668
012557  245.491991  38.117668
012558  245.766590  38.117668
012559  246.041190  38.117668
012560  246.315789  38.117668
012561  246.590389  38.117668
012562  246.864989  38.117668
012563  247.139588  38.117668
012564  247.414188  38.117668
012565  247.688787  38.117668
012566  247.963387  38.117668
012567  248.237986  38.117668
012568  248.512586  38.117668
012569  248.787185  38.117668
012570  249.061785  38.117668
012571  249.336384  38.117668
012572  249.610984  38.117668
012573  249.885584  38.117668
012574  250.160183  38.117668
012575  250.434783  38.117668
012576  250.709382  38.117668
012577  250.983982  38.117668
012578  251.258581  38.117668
012579  251.533181  38.117668
012580  251.807780  38.117668
012581  252.082380  38.117668
012582  252.356979  38.117668
012583  252.631579  38.117668
012584  252.906178  38.117668
012585  253.180778  38.117668
012586  253.455378  38.117668
012587  253.729977  38.117668
012588  254.004577  38.117668
012589  254.279176  38.117668
012590  254.553776  38.117668
012591  254.828375  38.117668
012592  255.102975  38.117668
012593  255.377574  38.117668
012594  255.652174  38.117668
012595  255.926773  38.117668
012596  256.201373  38.117668
012597  256.475973  38.117668
012598  256.750572  38.117668
012599  257.025172  38.117668
012600  257.299771  38.117668
012601  257.574371  38.117668
012602  257.848970  38.117668
012603  258.123570  38.117668
012604  258.398169  38.117668
012605  258.672769  38.117668
012606  258.947368  38.117668
012607  259.221968  38.117668
012608  259.496568  38.117668
012609  259.771167  38.117668
012610  260.045767  38.117668
012611  260.320366  38.117668
012612  260.594966  38.117668
012613  260.869565  38.117668
012614  261.144165  38.117668
012615  261.418764  38.117668
012616  261.693364  38.117668
012617  261.967963  38.117668
012618  262.242563  38.117668
012619  262.517162  38.117668
012620  262.791762  38.117668
012621  263.066362  38.117668
012622  263.340961  38.117668
012623  263.615561  38.117668
012624  263.890160  38.117668
012625  264.164760  38.117668
012626  264.439359  38.117668
012627  264.713959  38.117668
012628  264.988558  38.117668
012629  265.263158  38.117668
012630  265.537757  38.117668
012631  265.812357  38.117668
012632  266.086957  38.117668
012633  266.361556  38.117668
012634  266.636156  38.117668
012635  266.910755  38.117668
012636  267.185355  38.117668
012637  267.459954  38.117668
012638  267.734554  38.117668
012639  268.009153  38.117668
012640  268.283753  38.117668
012641  268.558352  38.117668
012642  268.832952  38.117668
012643  269.107551  38.117668
012644  269.382151  38.117668
012645  269.656751  38.117668
012646  269.931350  38.117668
012647  270.205950  38.117668
012648  270.480549  38.117668
012649  270.755149  38.117668
012650  271.029748  38.117668
012651  271.304348  38.117668
012652  271.578947  38.117668
012653  271.853547  38.117668
012654  272.128146  38.117668
012655  272.402746  38.117668
012656  272.677346  38.117668
012657  272.951945  38.117668
012658  273.226545  38.117668
012659  273.501144  38.117668
012660  273.775744  38.117668
012661  274.050343  38.117668
012662  274.324943  38.117668
012663  274.599542  38.117668
012664  274.874142  38.117668
012665  275.148741  38.117668
012666  275.423341  38.117668
012667  275.697941  38.117668
012668  275.972540  38.117668
012669  276.247140  38.117668
012670  276.521739  38.117668
012671  276.796339  38.117668
012672  277.070938  38.117668
012673  277.345538  38.117668
012674  277.620137  38.117668
012675  277.894737  38.117668
012676  278.169336  38.117668
012677  278.443936  38.117668
012678  278.718535  38.117668
012679  278.993135  38.117668
012680  279.267735  38.117668
012681  279.542334  38.117668
012682  279.816934  38.117668
012683  280.091533  38.117668
012684  280.366133  38.117668
012685  280.640732  38.117668
012686  280.915332  38.117668
012687  281.189931  38.117668
012688  281.464531  38.117668
012689  281.739130  38.117668
012690  282.013730  38.117668
012691  282.288330  38.117668
012692  282.562929  38.117668
012693  282.837529  38.117668
012694  283.112128  38.117668
012695  283.386728  38.117668
012696  283.661327  38.117668
012697  283.935927  38.117668
012698  284.210526  38.117668
012699  284.485126  38.117668
012700  284.759725  38.117668
012701  285.034325  38.117668
012702  236.602907  38.333505
012703  236.878347  38.333505
012704  237.153787  38.333505
012705  237.429227  38.333505
012706  237.704667  38.333505
012707  237.980107  38.333505
012708  238.255547  38.333505
012709  238.530987  38.333505
012710  238.806427  38.333505
012711  239.081867  38.333505
012712  239.357307  38.333505
012713  239.632747  38.333505
012714  239.908187  38.333505
012715  240.183627  38.333505
012716  240.459067  38.333505
012717  240.734507  38.333505
012718  241.009946  38.333505
012719  241.285386  38.333505
012720  241.560826  38.333505
012721  241.836266  38.333505
012722  242.111706  38.333505
012723  242.387146  38.333505
012724  242.662586  38.333505
012725  242.938026  38.333505
012726  243.213466  38.333505
012727  243.488906  38.333505
012728  243.764346  38.333505
012729  244.039786  38.333505
012730  244.315226  38.333505
012731  244.590666  38.333505
012732  244.866106  38.333505
012733  245.141546  38.333505
012734  245.416985  38.333505
012735  245.692425  38.333505
012736  245.967865  38.333505
012737  246.243305  38.333505
012738  246.518745  38.333505
012739  246.794185  38.333505
012740  247.069625  38.333505
012741  247.345065  38.333505
012742  247.620505  38.333505
012743  247.895945  38.333505
012744  248.171385  38.333505
012745  248.446825  38.333505
012746  248.722265  38.333505
012747  248.997705  38.333505
012748  249.273145  38.333505
012749  249.548585  38.333505
012750  249.824024  38.333505
012751  250.099464  38.333505
012752  250.374904  38.333505
012753  250.650344  38.333505
012754  250.925784  38.333505
012755  251.201224  38.333505
012756  251.476664  38.333505
012757  251.752104  38.333505
012758  252.027544  38.333505
012759  252.302984  38.333505
012760  252.578424  38.333505
012761  252.853864  38.333505
012762  253.129304  38.333505
012763  253.404744  38.333505
012764  253.680184  38.333505
012765  253.955624  38.333505
012766  254.231064  38.333505
012767  254.506503  38.333505
012768  254.781943  38.333505
012769  255.057383  38.333505
012770  255.332823  38.333505
012771  255.608263  38.333505
012772  255.883703  38.333505
012773  256.159143  38.333505
012774  256.434583  38.333505
012775  256.710023  38.333505
012776  256.985463  38.333505
012777  257.260903  38.333505
012778  257.536343  38.333505
012779  257.811783  38.333505
012780  258.087223  38.333505
012781  258.362663  38.333505
012782  258.638103  38.333505
012783  258.913542  38.333505
012784  259.188982  38.333505
012785  259.464422  38.333505
012786  259.739862  38.333505
012787  260.015302  38.333505
012788  260.290742  38.333505
012789  260.566182  38.333505
012790  260.841622  38.333505
012791  261.117062  38.333505
012792  261.392502  38.333505
012793  261.667942  38.333505
012794  261.943382  38.333505
012795  262.218822  38.333505
012796  262.494262  38.333505
012797  262.769702  38.333505
012798  263.045142  38.333505
012799  263.320581  38.333505
012800  263.596021  38.333505
012801  263.871461  38.333505
012802  264.146901  38.333505
012803  264.422341  38.333505
012804  264.697781  38.333505
012805  264.973221  38.333505
012806  265.248661  38.333505
012807  265.524101  38.333505
012808  265.799541  38.333505
012809  266.074981  38.333505
012810  266.350421  38.333505
012811  266.625861  38.333505
012812  266.901301  38.333505
012813  267.176741  38.333505
012814  267.452181  38.333505
012815  267.727621  38.333505
012816  268.003060  38.333505
012817  268.278500  38.333505
012818  268.553940  38.333505
012819  268.829380  38.333505
012820  269.104820  38.333505
012821  269.380260  38.333505
012822  269.655700  38.333505
012823  269.931140  38.333505
012824  270.206580  38.333505
012825  270.482020  38.333505
012826  270.757460  38.333505
012827  271.032900  38.333505
012828  271.308340  38.333505
012829  271.583780  38.333505
012830  271.859220  38.333505
012831  272.134660  38.333505
012832  272.410099  38.333505
012833  272.685539  38.333505
012834  272.960979  38.333505
012835  273.236419  38.333505
012836  273.511859  38.333505
012837  273.787299  38.333505
012838  274.062739  38.333505
012839  274.338179  38.333505
012840  274.613619  38.333505
012841  274.889059  38.333505
012842  275.164499  38.333505
012843  275.439939  38.333505
012844  275.715379  38.333505
012845  275.990819  38.333505
012846  276.266259  38.333505
012847  276.541699  38.333505
012848  276.817138  38.333505
012849  277.092578  38.333505
012850  277.368018  38.333505
012851  277.643458  38.333505
012852  277.918898  38.333505
012853  278.194338  38.333505
012854  278.469778  38.333505
012855  278.745218  38.333505
012856  279.020658  38.333505
012857  279.296098  38.333505
012858  279.571538  38.333505
012859  279.846978  38.333505
012860  280.122418  38.333505
012861  280.397858  38.333505
012862  280.673298  38.333505
012863  280.948738  38.333505
012864  281.224178  38.333505
012865  281.499617  38.333505
012866  281.775057  38.333505
012867  282.050497  38.333505
012868  282.325937  38.333505
012869  282.601377  38.333505
012870  282.876817  38.333505
012871  283.152257  38.333505
012872  283.427697  38.333505
012873  283.703137  38.333505
012874  283.978577  38.333505
012875  284.254017  38.333505
012876  284.529457  38.333505
012877  284.804897  38.333505
012878  285.080337  38.333505
012879  236.500384  38.549343
012880  236.776669  38.549343
012881  237.052955  38.549343
012882  237.329240  38.549343
012883  237.605526  38.549343
012884  237.881811  38.549343
012885  238.158097  38.549343
012886  238.434382  38.549343
012887  238.710668  38.549343
012888  238.986953  38.549343
012889  239.263239  38.549343
012890  239.539524  38.549343
012891  239.815810  38.549343
012892  240.092095  38.549343
012893  240.368381  38.549343
012894  240.644666  38.549343
012895  240.920952  38.549343
012896  241.197237  38.549343
012897  241.473523  38.549343
012898  241.749808  38.549343
012899  242.026094  38.549343
012900  242.302379  38.549343
012901  242.578665  38.549343
012902  242.854950  38.549343
012903  243.131236  38.549343
012904  243.407521  38.549343
012905  243.683807  38.549343
012906  243.960092  38.549343
012907  244.236378  38.549343
012908  244.512663  38.549343
012909  244.788949  38.549343
012910  245.065234  38.549343
012911  245.341520  38.549343
012912  245.617805  38.549343
012913  245.894091  38.549343
012914  246.170376  38.549343
012915  246.446662  38.549343
012916  246.722947  38.549343
012917  246.999233  38.549343
012918  247.275518  38.549343
012919  247.551804  38.549343
012920  247.828089  38.549343
012921  248.104375  38.549343
012922  248.380660  38.549343
012923  248.656946  38.549343
012924  248.933231  38.549343
012925  249.209517  38.549343
012926  249.485802  38.549343
012927  249.762087  38.549343
012928  250.038373  38.549343
012929  250.314658  38.549343
012930  250.590944  38.549343
012931  250.867229  38.549343
012932  251.143515  38.549343
012933  251.419800  38.549343
012934  251.696086  38.549343
012935  251.972371  38.549343
012936  252.248657  38.549343
012937  252.524942  38.549343
012938  252.801228  38.549343
012939  253.077513  38.549343
012940  253.353799  38.549343
012941  253.630084  38.549343
012942  253.906370  38.549343
012943  254.182655  38.549343
012944  254.458941  38.549343
012945  254.735226  38.549343
012946  255.011512  38.549343
012947  255.287797  38.549343
012948  255.564083  38.549343
012949  255.840368  38.549343
012950  256.116654  38.549343
012951  256.392939  38.549343
012952  256.669225  38.549343
012953  256.945510  38.549343
012954  257.221796  38.549343
012955  257.498081  38.549343
012956  257.774367  38.549343
012957  258.050652  38.549343
012958  258.326938  38.549343
012959  258.603223  38.549343
012960  258.879509  38.549343
012961  259.155794  38.549343
012962  259.432080  38.549343
012963  259.708365  38.549343
012964  259.984651  38.549343
012965  260.260936  38.549343
012966  260.537222  38.549343
012967  260.813507  38.549343
012968  261.089793  38.549343
012969  261.366078  38.549343
012970  261.642364  38.549343
012971  261.918649  38.549343
012972  262.194935  38.549343
012973  262.471220  38.549343
012974  262.747506  38.549343
012975  263.023791  38.549343
012976  263.300077  38.549343
012977  263.576362  38.549343
012978  263.852648  38.549343
012979  264.128933  38.549343
012980  264.405219  38.549343
012981  264.681504  38.549343
012982  264.957790  38.549343
012983  265.234075  38.549343
012984  265.510361  38.549343
012985  265.786646  38.549343
012986  266.062932  38.549343
012987  266.339217  38.549343
012988  266.615503  38.549343
012989  266.891788  38.549343
012990  267.168074  38.549343
012991  267.444359  38.549343
012992  267.720645  38.549343
012993  267.996930  38.549343
012994  268.273216  38.549343
012995  268.549501  38.549343
012996  268.825787  38.549343
012997  269.102072  38.549343
012998  269.378358  38.549343
012999  269.654643  38.549343
013000  269.930929  38.549343
013001  270.207214  38.549343
013002  270.483500  38.549343
013003  270.759785  38.549343
013004  271.036071  38.549343
013005  271.312356  38.549343
013006  271.588642  38.549343
013007  271.864927  38.549343
013008  272.141213  38.549343
013009  272.417498  38.549343
013010  272.693784  38.549343
013011  272.970069  38.549343
013012  273.246355  38.549343
013013  273.522640  38.549343
013014  273.798926  38.549343
013015  274.075211  38.549343
013016  274.351497  38.549343
013017  274.627782  38.549343
013018  274.904068  38.549343
013019  275.180353  38.549343
013020  275.456639  38.549343
013021  275.732924  38.549343
013022  276.009210  38.549343
013023  276.285495  38.549343
013024  276.561781  38.549343
013025  276.838066  38.549343
013026  277.114351  38.549343
013027  277.390637  38.549343
013028  277.666922  38.549343
013029  277.943208  38.549343
013030  278.219493  38.549343
013031  278.495779  38.549343
013032  278.772064  38.549343
013033  279.048350  38.549343
013034  279.324635  38.549343
013035  279.600921  38.549343
013036  279.877206  38.549343
013037  280.153492  38.549343
013038  280.429777  38.549343
013039  280.706063  38.549343
013040  280.982348  38.549343
013041  281.258634  38.549343
013042  281.534919  38.549343
013043  281.811205  38.549343
013044  282.087490  38.549343
013045  282.363776  38.549343
013046  282.640061  38.549343
013047  282.916347  38.549343
013048  283.192632  38.549343
013049  283.468918  38.549343
013050  283.745203  38.549343
013051  284.021489  38.549343
013052  284.297774  38.549343
013053  284.574060  38.549343
013054  284.850345  38.549343
013055  285.126631  38.549343
013056  236.120092  38.765180
013057  236.397229  38.765180
013058  236.674365  38.765180
013059  236.951501  38.765180
013060  237.228637  38.765180
013061  237.505774  38.765180
013062  237.782910  38.765180
013063  238.060046  38.765180
013064  238.337182  38.765180
013065  238.614319  38.765180
013066  238.891455  38.765180
013067  239.168591  38.765180
013068  239.445727  38.765180
013069  239.722864  38.765180
013070  240.000000  38.765180
013071  240.277136  38.765180
013072  240.554273  38.765180
013073  240.831409  38.765180
013074  241.108545  38.765180
013075  241.385681  38.765180
013076  241.662818  38.765180
013077  241.939954  38.765180
013078  242.217090  38.765180
013079  242.494226  38.765180
013080  242.771363  38.765180
013081  243.048499  38.765180
013082  243.325635  38.765180
013083  243.602771  38.765180
013084  243.879908  38.765180
013085  244.157044  38.765180
013086  244.434180  38.765180
013087  244.711316  38.765180
013088  244.988453  38.765180
013089  245.265589  38.765180
013090  245.542725  38.765180
013091  245.819861  38.765180
013092  246.096998  38.765180
013093  246.374134  38.765180
013094  246.651270  38.765180
013095  246.928406  38.765180
013096  247.205543  38.765180
013097  247.482679  38.765180
013098  247.759815  38.765180
013099  248.036952  38.765180
013100  248.314088  38.765180
013101  248.591224  38.765180
013102  248.868360  38.765180
013103  249.145497  38.765180
013104  249.422633  38.765180
013105  249.699769  38.765180
013106  249.976905  38.765180
013107  250.254042  38.765180
013108  250.531178  38.765180
013109  250.808314  38.765180
013110  251.085450  38.765180
013111  251.362587  38.765180
013112  251.639723  38.765180
013113  251.916859  38.765180
013114  252.193995  38.765180
013115  252.471132  38.765180
013116  252.748268  38.765180
013117  253.025404  38.765180
013118  253.302540  38.765180
013119  253.579677  38.765180
013120  253.856813  38.765180
013121  254.133949  38.765180
013122  254.411085  38.765180
013123  254.688222  38.765180
013124  254.965358  38.765180
013125  255.242494  38.765180
013126  255.519630  38.765180
013127  255.796767  38.765180
013128  256.073903  38.765180
013129  256.351039  38.765180
013130  256.628176  38.765180
013131  256.905312  38.765180
013132  257.182448  38.765180
013133  257.459584  38.765180
013134  257.736721  38.765180
013135  258.013857  38.765180
013136  258.290993  38.765180
013137  258.568129  38.765180
013138  258.845266  38.765180
013139  259.122402  38.765180
013140  259.399538  38.765180
013141  259.676674  38.765180
013142  259.953811  38.765180
013143  260.230947  38.765180
013144  260.508083  38.765180
013145  260.785219  38.765180
013146  261.062356  38.765180
013147  261.339492  38.765180
013148  261.616628  38.765180
013149  261.893764  38.765180
013150  262.170901  38.765180
013151  262.448037  38.765180
013152  262.725173  38.765180
013153  263.002309  38.765180
013154  263.279446  38.765180
013155  263.556582  38.765180
013156  263.833718  38.765180
013157  264.110855  38.765180
013158  264.387991  38.765180
013159  264.665127  38.765180
013160  264.942263  38.765180
013161  265.219400  38.765180
013162  265.496536  38.765180
013163  265.773672  38.765180
013164  266.050808  38.765180
013165  266.327945  38.765180
013166  266.605081  38.765180
013167  266.882217  38.765180
013168  267.159353  38.765180
013169  267.436490  38.765180
013170  267.713626  38.765180
013171  267.990762  38.765180
013172  268.267898  38.765180
013173  268.545035  38.765180
013174  268.822171  38.765180
013175  269.099307  38.765180
013176  269.376443  38.765180
013177  269.653580  38.765180
013178  269.930716  38.765180
013179  270.207852  38.765180
013180  270.484988  38.765180
013181  270.762125  38.765180
013182  271.039261  38.765180
013183  271.316397  38.765180
013184  271.593533  38.765180
013185  271.870670  38.765180
013186  272.147806  38.765180
013187  272.424942  38.765180
013188  272.702079  38.765180
013189  272.979215  38.765180
013190  273.256351  38.765180
013191  273.533487  38.765180
013192  273.810624  38.765180
013193  274.087760  38.765180
013194  274.364896  38.765180
013195  274.642032  38.765180
013196  274.919169  38.765180
013197  275.196305  38.765180
013198  275.473441  38.765180
013199  275.750577  38.765180
013200  276.027714  38.765180
013201  276.304850  38.765180
013202  276.581986  38.765180
013203  276.859122  38.765180
013204  277.136259  38.765180
013205  277.413395  38.765180
013206  277.690531  38.765180
013207  277.967667  38.765180
013208  278.244804  38.765180
013209  278.521940  38.765180
013210  278.799076  38.765180
013211  279.076212  38.765180
013212  279.353349  38.765180
013213  279.630485  38.765180
013214  279.907621  38.765180
013215  280.184758  38.765180
013216  280.461894  38.765180
013217  280.739030  38.765180
013218  281.016166  38.765180
013219  281.293303  38.765180
013220  281.570439  38.765180
013221  281.847575  38.765180
013222  282.124711  38.765180
013223  282.401848  38.765180
013224  282.678984  38.765180
013225  282.956120  38.765180
013226  283.233256  38.765180
013227  283.510393  38.765180
013228  283.787529  38.765180
013229  284.064665  38.765180
013230  284.341801  38.765180
013231  284.618938  38.765180
013232  284.896074  38.765180
013233  285.173210  38.765180
013234  236.015444  38.981017
013235  236.293436  38.981017
013236  236.571429  38.981017
013237  236.849421  38.981017
013238  237.127413  38.981017
013239  237.405405  38.981017
013240  237.683398  38.981017
013241  237.961390  38.981017
013242  238.239382  38.981017
013243  238.517375  38.981017
013244  238.795367  38.981017
013245  239.073359  38.981017
013246  239.351351  38.981017
013247  239.629344  38.981017
013248  239.907336  38.981017
013249  240.185328  38.981017
013250  240.463320  38.981017
013251  240.741313  38.981017
013252  241.019305  38.981017
013253  241.297297  38.981017
013254  241.575290  38.981017
013255  241.853282  38.981017
013256  242.131274  38.981017
013257  242.409266  38.981017
013258  242.687259  38.981017
013259  242.965251  38.981017
013260  243.243243  38.981017
013261  243.521236  38.981017
013262  243.799228  38.981017
013263  244.077220  38.981017
013264  244.355212  38.981017
013265  244.633205  38.981017
013266  244.911197  38.981017
013267  245.189189  38.981017
013268  245.467181  38.981017
013269  245.745174  38.981017
013270  246.023166  38.981017
013271  246.301158  38.981017
013272  246.579151  38.981017
013273  246.857143  38.981017
013274  247.135135  38.981017
013275  247.413127  38.981017
013276  247.691120  38.981017
013277  247.969112  38.981017
013278  248.247104  38.981017
013279  248.525097  38.981017
013280  248.803089  38.981017
013281  249.081081  38.981017
013282  249.359073  38.981017
013283  249.637066  38.981017
013284  249.915058  38.981017
013285  250.193050  38.981017
013286  250.471042  38.981017
013287  250.749035  38.981017
013288  251.027027  38.981017
013289  251.305019  38.981017
013290  251.583012  38.981017
013291  251.861004  38.981017
013292  252.138996  38.981017
013293  252.416988  38.981017
013294  252.694981  38.981017
013295  252.972973  38.981017
013296  253.250965  38.981017
013297  253.528958  38.981017
013298  253.806950  38.981017
013299  254.084942  38.981017
013300  254.362934  38.981017
013301  254.640927  38.981017
013302  254.918919  38.981017
013303  255.196911  38.981017
013304  255.474903  38.981017
013305  255.752896  38.981017
013306  256.030888  38.981017
013307  256.308880  38.981017
013308  256.586873  38.981017
013309  256.864865  38.981017
013310  257.142857  38.981017
013311  257.420849  38.981017
013312  257.698842  38.981017
013313  257.976834  38.981017
013314  258.254826  38.981017
013315  258.532819  38.981017
013316  258.810811  38.981017
013317  259.088803  38.981017
013318  259.366795  38.981017
013319  259.644788  38.981017
013320  259.922780  38.981017
013321  260.200772  38.981017
013322  260.478764  38.981017
013323  260.756757  38.981017
013324  261.034749  38.981017
013325  261.312741  38.981017
013326  261.590734  38.981017
013327  261.868726  38.981017
013328  262.146718  38.981017
013329  262.424710  38.981017
013330  262.702703  38.981017
013331  262.980695  38.981017
013332  263.258687  38.981017
013333  263.536680  38.981017
013334  263.814672  38.981017
013335  264.092664  38.981017
013336  264.370656  38.981017
013337  264.648649  38.981017
013338  264.926641  38.981017
013339  265.204633  38.981017
013340  265.482625  38.981017
013341  265.760618  38.981017
013342  266.038610  38.981017
013343  266.316602  38.981017
013344  266.594595  38.981017
013345  266.872587  38.981017
013346  267.150579  38.981017
013347  267.428571  38.981017
013348  267.706564  38.981017
013349  267.984556  38.981017
013350  268.262548  38.981017
013351  268.540541  38.981017
013352  268.818533  38.981017
013353  269.096525  38.981017
013354  269.374517  38.981017
013355  269.652510  38.981017
013356  269.930502  38.981017
013357  270.208494  38.981017
013358  270.486486  38.981017
013359  270.764479  38.981017
013360  271.042471  38.981017
013361  271.320463  38.981017
013362  271.598456  38.981017
013363  271.876448  38.981017
013364  272.154440  38.981017
013365  272.432432  38.981017
013366  272.710425  38.981017
013367  272.988417  38.981017
013368  273.266409  38.981017
013369  273.544402  38.981017
013370  273.822394  38.981017
013371  274.100386  38.981017
013372  274.378378  38.981017
013373  274.656371  38.981017
013374  274.934363  38.981017
013375  275.212355  38.981017
013376  275.490347  38.981017
013377  275.768340  38.981017
013378  276.046332  38.981017
013379  276.324324  38.981017
013380  276.602317  38.981017
013381  276.880309  38.981017
013382  277.158301  38.981017
013383  277.436293  38.981017
013384  277.714286  38.981017
013385  277.992278  38.981017
013386  278.270270  38.981017
013387  278.548263  38.981017
013388  278.826255  38.981017
013389  279.104247  38.981017
013390  279.382239  38.981017
013391  279.660232  38.981017
013392  279.938224  38.981017
013393  280.216216  38.981017
013394  280.494208  38.981017
013395  280.772201  38.981017
013396  281.050193  38.981017
013397  281.328185  38.981017
013398  281.606178  38.981017
013399  281.884170  38.981017
013400  282.162162  38.981017
013401  282.440154  38.981017
013402  282.718147  38.981017
013403  282.996139  38.981017
013404  283.274131  38.981017
013405  283.552124  38.981017
013406  283.830116  38.981017
013407  284.108108  38.981017
013408  284.386100  38.981017
013409  284.664093  38.981017
013410  284.942085  38.981017
013411  285.220077  38.981017
013412  285.498069  38.981017
013413  236.189001  39.196854
013414  236.467854  39.196854
013415  236.746708  39.196854
013416  237.025562  39.196854
013417  237.304415  39.196854
013418  237.583269  39.196854
013419  237.862122  39.196854
013420  238.140976  39.196854
013421  238.419830  39.196854
013422  238.698683  39.196854
013423  238.977537  39.196854
013424  239.256390  39.196854
013425  239.535244  39.196854
013426  239.814098  39.196854
013427  240.092951  39.196854
013428  240.371805  39.196854
013429  240.650658  39.196854
013430  240.929512  39.196854
013431  241.208366  39.196854
013432  241.487219  39.196854
013433  241.766073  39.196854
013434  242.044926  39.196854
013435  242.323780  39.196854
013436  242.602634  39.196854
013437  242.881487  39.196854
013438  243.160341  39.196854
013439  243.439194  39.196854
013440  243.718048  39.196854
013441  243.996902  39.196854
013442  244.275755  39.196854
013443  244.554609  39.196854
013444  244.833462  39.196854
013445  245.112316  39.196854
013446  245.391170  39.196854
013447  245.670023  39.196854
013448  245.948877  39.196854
013449  246.227730  39.196854
013450  246.506584  39.196854
013451  246.785438  39.196854
013452  247.064291  39.196854
013453  247.343145  39.196854
013454  247.621998  39.196854
013455  247.900852  39.196854
013456  248.179706  39.196854
013457  248.458559  39.196854
013458  248.737413  39.196854
013459  249.016266  39.196854
013460  249.295120  39.196854
013461  249.573974  39.196854
013462  249.852827  39.196854
013463  250.131681  39.196854
013464  250.410534  39.196854
013465  250.689388  39.196854
013466  250.968242  39.196854
013467  251.247095  39.196854
013468  251.525949  39.196854
013469  251.804802  39.196854
013470  252.083656  39.196854
013471  252.362510  39.196854
013472  252.641363  39.196854
013473  252.920217  39.196854
013474  253.199070  39.196854
013475  253.477924  39.196854
013476  253.756778  39.196854
013477  254.035631  39.196854
013478  254.314485  39.196854
013479  254.593338  39.196854
013480  254.872192  39.196854
013481  255.151046  39.196854
013482  255.429899  39.196854
013483  255.708753  39.196854
013484  255.987607  39.196854
013485  256.266460  39.196854
013486  256.545314  39.196854
013487  256.824167  39.196854
013488  257.103021  39.196854
013489  257.381875  39.196854
013490  257.660728  39.196854
013491  257.939582  39.196854
013492  258.218435  39.196854
013493  258.497289  39.196854
013494  258.776143  39.196854
013495  259.054996  39.196854
013496  259.333850  39.196854
013497  259.612703  39.196854
013498  259.891557  39.196854
013499  260.170411  39.196854
013500  260.449264  39.196854
013501  260.728118  39.196854
013502  261.006971  39.196854
013503  261.285825  39.196854
013504  261.564679  39.196854
013505  261.843532  39.196854
013506  262.122386  39.196854
013507  262.401239  39.196854
013508  262.680093  39.196854
013509  262.958947  39.196854
013510  263.237800  39.196854
013511  263.516654  39.196854
013512  263.795507  39.196854
013513  264.074361  39.196854
013514  264.353215  39.196854
013515  264.632068  39.196854
013516  264.910922  39.196854
013517  265.189775  39.196854
013518  265.468629  39.196854
013519  265.747483  39.196854
013520  266.026336  39.196854
013521  266.305190  39.196854
013522  266.584043  39.196854
013523  266.862897  39.196854
013524  267.141751  39.196854
013525  267.420604  39.196854
013526  267.699458  39.196854
013527  267.978311  39.196854
013528  268.257165  39.196854
013529  268.536019  39.196854
013530  268.814872  39.196854
013531  269.093726  39.196854
013532  269.372579  39.196854
013533  269.651433  39.196854
013534  269.930287  39.196854
013535  270.209140  39.196854
013536  270.487994  39.196854
013537  270.766847  39.196854
013538  271.045701  39.196854
013539  271.324555  39.196854
013540  271.603408  39.196854
013541  271.882262  39.196854
013542  272.161115  39.196854
013543  272.439969  39.196854
013544  272.718823  39.196854
013545  272.997676  39.196854
013546  273.276530  39.196854
013547  273.555383  39.196854
013548  273.834237  39.196854
013549  274.113091  39.196854
013550  274.391944  39.196854
013551  274.670798  39.196854
013552  274.949651  39.196854
013553  275.228505  39.196854
013554  275.507359  39.196854
013555  275.786212  39.196854
013556  276.065066  39.196854
013557  276.343919  39.196854
013558  276.622773  39.196854
013559  276.901627  39.196854
013560  277.180480  39.196854
013561  277.459334  39.196854
013562  277.738187  39.196854
013563  278.017041  39.196854
013564  278.295895  39.196854
013565  278.574748  39.196854
013566  278.853602  39.196854
013567  279.132455  39.196854
013568  279.411309  39.196854
013569  279.690163  39.196854
013570  279.969016  39.196854
013571  280.247870  39.196854
013572  280.526723  39.196854
013573  280.805577  39.196854
013574  281.084431  39.196854
013575  281.363284  39.196854
013576  281.642138  39.196854
013577  281.920991  39.196854
013578  282.199845  39.196854
013579  282.478699  39.196854
013580  282.757552  39.196854
013581  283.036406  39.196854
013582  283.315259  39.196854
013583  283.594113  39.196854
013584  283.872967  39.196854
013585  284.151820  39.196854
013586  284.430674  39.196854
013587  284.709527  39.196854
013588  284.988381  39.196854
013589  285.267235  39.196854
013590  285.546088  39.196854
013591  285.824942  39.196854
013592  236.083916  39.412691
013593  236.363636  39.412691
013594  236.643357  39.412691
013595  236.923077  39.412691
013596  237.202797  39.412691
013597  237.482517  39.412691
013598  237.762238  39.412691
013599  238.041958  39.412691
013600  238.321678  39.412691
013601  238.601399  39.412691
013602  238.881119  39.412691
013603  239.160839  39.412691
013604  239.440559  39.412691
013605  239.720280  39.412691
013606  240.000000  39.412691
013607  240.279720  39.412691
013608  240.559441  39.412691
013609  240.839161  39.412691
013610  241.118881  39.412691
013611  241.398601  39.412691
013612  241.678322  39.412691
013613  241.958042  39.412691
013614  242.237762  39.412691
013615  242.517483  39.412691
013616  242.797203  39.412691
013617  243.076923  39.412691
013618  243.356643  39.412691
013619  243.636364  39.412691
013620  243.916084  39.412691
013621  244.195804  39.412691
013622  244.475524  39.412691
013623  244.755245  39.412691
013624  245.034965  39.412691
013625  245.314685  39.412691
013626  245.594406  39.412691
013627  245.874126  39.412691
013628  246.153846  39.412691
013629  246.433566  39.412691
013630  246.713287  39.412691
013631  246.993007  39.412691
013632  247.272727  39.412691
013633  247.552448  39.412691
013634  247.832168  39.412691
013635  248.111888  39.412691
013636  248.391608  39.412691
013637  248.671329  39.412691
013638  248.951049  39.412691
013639  249.230769  39.412691
013640  249.510490  39.412691
013641  249.790210  39.412691
013642  250.069930  39.412691
013643  250.349650  39.412691
013644  250.629371  39.412691
013645  250.909091  39.412691
013646  251.188811  39.412691
013647  251.468531  39.412691
013648  251.748252  39.412691
013649  252.027972  39.412691
013650  252.307692  39.412691
013651  252.587413  39.412691
013652  252.867133  39.412691
013653  253.146853  39.412691
013654  253.426573  39.412691
013655  253.706294  39.412691
013656  253.986014  39.412691
013657  254.265734  39.412691
013658  254.545455  39.412691
013659  254.825175  39.412691
013660  255.104895  39.412691
013661  255.384615  39.412691
013662  255.664336  39.412691
013663  255.944056  39.412691
013664  256.223776  39.412691
013665  256.503497  39.412691
013666  256.783217  39.412691
013667  257.062937  39.412691
013668  257.342657  39.412691
013669  257.622378  39.412691
013670  257.902098  39.412691
013671  258.181818  39.412691
013672  258.461538  39.412691
013673  258.741259  39.412691
013674  259.020979  39.412691
013675  259.300699  39.412691
013676  259.580420  39.412691
013677  259.860140  39.412691
013678  260.139860  39.412691
013679  260.419580  39.412691
013680  260.699301  39.412691
013681  260.979021  39.412691
013682  261.258741  39.412691
013683  261.538462  39.412691
013684  261.818182  39.412691
013685  262.097902  39.412691
013686  262.377622  39.412691
013687  262.657343  39.412691
013688  262.937063  39.412691
013689  263.216783  39.412691
013690  263.496503  39.412691
013691  263.776224  39.412691
013692  264.055944  39.412691
013693  264.335664  39.412691
013694  264.615385  39.412691
013695  264.895105  39.412691
013696  265.174825  39.412691
013697  265.454545  39.412691
013698  265.734266  39.412691
013699  266.013986  39.412691
013700  266.293706  39.412691
013701  266.573427  39.412691
013702  266.853147  39.412691
013703  267.132867  39.412691
013704  267.412587  39.412691
013705  267.692308  39.412691
013706  267.972028  39.412691
013707  268.251748  39.412691
013708  268.531469  39.412691
013709  268.811189  39.412691
013710  269.090909  39.412691
013711  269.370629  39.412691
013712  269.650350  39.412691
013713  269.930070  39.412691
013714  270.209790  39.412691
013715  270.489510  39.412691
013716  270.769231  39.412691
013717  271.048951  39.412691
013718  271.328671  39.412691
013719  271.608392  39.412691
013720  271.888112  39.412691
013721  272.167832  39.412691
013722  272.447552  39.412691
013723  272.727273  39.412691
013724  273.006993  39.412691
013725  273.286713  39.412691
013726  273.566434  39.412691
013727  273.846154  39.412691
013728  274.125874  39.412691
013729  274.405594  39.412691
013730  274.685315  39.412691
013731  274.965035  39.412691
013732  275.244755  39.412691
013733  275.524476  39.412691
013734  275.804196  39.412691
013735  276.083916  39.412691
013736  276.363636  39.412691
013737  276.643357  39.412691
013738  276.923077  39.412691
013739  277.202797  39.412691
013740  277.482517  39.412691
013741  277.762238  39.412691
013742  278.041958  39.412691
013743  278.321678  39.412691
013744  278.601399  39.412691
013745  278.881119  39.412691
013746  279.160839  39.412691
013747  279.440559  39.412691
013748  279.720280  39.412691
013749  280.000000  39.412691
013750  280.279720  39.412691
013751  280.559441  39.412691
013752  280.839161  39.412691
013753  281.118881  39.412691
013754  281.398601  39.412691
013755  281.678322  39.412691
013756  281.958042  39.412691
013757  282.237762  39.412691
013758  282.517483  39.412691
013759  282.797203  39.412691
013760  283.076923  39.412691
013761  283.356643  39.412691
013762  283.636364  39.412691
013763  283.916084  39.412691
013764  284.195804  39.412691
013765  284.475524  39.412691
013766  284.755245  39.412691
013767  285.034965  39.412691
013768  285.314685  39.412691
013769  285.594406  39.412691
013770  285.874126  39.412691
013771  235.978176  39.628529
013772  236.258769  39.628529
013773  236.539361  39.628529
013774  236.819953  39.628529
013775  237.100546  39.628529
013776  237.381138  39.628529
013777  237.661730  39.628529
013778  237.942323  39.628529
013779  238.222915  39.628529
013780  238.503507  39.628529
013781  238.784100  39.628529
013782  239.064692  39.628529
013783  239.345284  39.628529
013784  239.625877  39.628529
013785  239.906469  39.628529
013786  240.187062  39.628529
013787  240.467654  39.628529
013788  240.748246  39.628529
013789  241.028839  39.628529
013790  241.309431  39.628529
013791  241.590023  39.628529
013792  241.870616  39.628529
013793  242.151208  39.628529
013794  242.431800  39.628529
013795  242.712393  39.628529
013796  242.992985  39.628529
013797  243.273578  39.628529
013798  243.554170  39.628529
013799  243.834762  39.628529
013800  244.115355  39.628529
013801  244.395947  39.628529
013802  244.676539  39.628529
013803  244.957132  39.628529
013804  245.237724  39.628529
013805  245.518316  39.628529
013806  245.798909  39.628529
013807  246.079501  39.628529
013808  246.360094  39.628529
013809  246.640686  39.628529
013810  246.921278  39.628529
013811  247.201871  39.628529
013812  247.482463  39.628529
013813  247.763055  39.628529
013814  248.043648  39.628529
013815  248.324240  39.628529
013816  248.604832  39.628529
013817  248.885425  39.628529
013818  249.166017  39.628529
013819  249.446610  39.628529
013820  249.727202  39.628529
013821  250.007794  39.628529
013822  250.288387  39.628529
013823  250.568979  39.628529
013824  250.849571  39.628529
013825  251.130164  39.628529
013826  251.410756  39.628529
013827  251.691348  39.628529
013828  251.971941  39.628529
013829  252.252533  39.628529
013830  252.533125  39.628529
013831  252.813718  39.628529
013832  253.094310  39.628529
013833  253.374903  39.628529
013834  253.655495  39.628529
013835  253.936087  39.628529
013836  254.216680  39.628529
013837  254.497272  39.628529
013838  254.777864  39.628529
013839  255.058457  39.628529
013840  255.339049  39.628529
013841  255.619641  39.628529
013842  255.900234  39.628529
013843  256.180826  39.628529
013844  256.461419  39.628529
013845  256.742011  39.628529
013846  257.022603  39.628529
013847  257.303196  39.628529
013848  257.583788  39.628529
013849  257.864380  39.628529
013850  258.144973  39.628529
013851  258.425565  39.628529
013852  258.706157  39.628529
013853  258.986750  39.628529
013854  259.267342  39.628529
013855  259.547935  39.628529
013856  259.828527  39.628529
013857  260.109119  39.628529
013858  260.389712  39.628529
013859  260.670304  39.628529
013860  260.950896  39.628529
013861  261.231489  39.628529
013862  261.512081  39.628529
013863  261.792673  39.628529
013864  262.073266  39.628529
013865  262.353858  39.628529
013866  262.634451  39.628529
013867  262.915043  39.628529
013868  263.195635  39.628529
013869  263.476228  39.628529
013870  263.756820  39.628529
013871  264.037412  39.628529
013872  264.318005  39.628529
013873  264.598597  39.628529
013874  264.879189  39.628529
013875  265.159782  39.628529
013876  265.440374  39.628529
013877  265.720966  39.628529
013878  266.001559  39.628529
013879  266.282151  39.628529
013880  266.562744  39.628529
013881  266.843336  39.628529
013882  267.123928  39.628529
013883  267.404521  39.628529
013884  267.685113  39.628529
013885  267.965705  39.628529
013886  268.246298  39.628529
013887  268.526890  39.628529
013888  268.807482  39.628529
013889  269.088075  39.628529
013890  269.368667  39.628529
013891  269.649260  39.628529
013892  269.929852  39.628529
013893  270.210444  39.628529
013894  270.491037  39.628529
013895  270.771629  39.628529
013896  271.052221  39.628529
013897  271.332814  39.628529
013898  271.613406  39.628529
013899  271.893998  39.628529
013900  272.174591  39.628529
013901  272.455183  39.628529
013902  272.735776  39.628529
013903  273.016368  39.628529
013904  273.296960  39.628529
013905  273.577553  39.628529
013906  273.858145  39.628529
013907  274.138737  39.628529
013908  274.419330  39.628529
013909  274.699922  39.628529
013910  274.980514  39.628529
013911  275.261107  39.628529
013912  275.541699  39.628529
013913  275.822292  39.628529
013914  276.102884  39.628529
013915  276.383476  39.628529
013916  276.664069  39.628529
013917  276.944661  39.628529
013918  277.225253  39.628529
013919  277.505846  39.628529
013920  277.786438  39.628529
013921  278.067030  39.628529
013922  278.347623  39.628529
013923  278.628215  39.628529
013924  278.908807  39.628529
013925  279.189400  39.628529
013926  279.469992  39.628529
013927  279.750585  39.628529
013928  280.031177  39.628529
013929  280.311769  39.628529
013930  280.592362  39.628529
013931  280.872954  39.628529
013932  281.153546  39.628529
013933  281.434139  39.628529
013934  281.714731  39.628529
013935  281.995323  39.628529
013936  282.275916  39.628529
013937  282.556508  39.628529
013938  282.837101  39.628529
013939  283.117693  39.628529
013940  283.398285  39.628529
013941  283.678878  39.628529
013942  283.959470  39.628529
013943  284.240062  39.628529
013944  284.520655  39.628529
013945  284.801247  39.628529
013946  285.081839  39.628529
013947  285.362432  39.628529
013948  285.643024  39.628529
013949  285.923617  39.628529
013950  235.871775  39.844366
013951  236.153245  39.844366
013952  236.434715  39.844366
013953  236.716185  39.844366
013954  236.997654  39.844366
013955  237.279124  39.844366
013956  237.560594  39.844366
013957  237.842064  39.844366
013958  238.123534  39.844366
013959  238.405004  39.844366
013960  238.686474  39.844366
013961  238.967944  39.844366
013962  239.249414  39.844366
013963  239.530884  39.844366
013964  239.812353  39.844366
013965  240.093823  39.844366
013966  240.375293  39.844366
013967  240.656763  39.844366
013968  240.938233  39.844366
013969  241.219703  39.844366
013970  241.501173  39.844366
013971  241.782643  39.844366
013972  242.064113  39.844366
013973  242.345582  39.844366
013974  242.627052  39.844366
013975  242.908522  39.844366
013976  243.189992  39.844366
013977  243.471462  39.844366
013978  243.752932  39.844366
013979  244.034402  39.844366
013980  244.315872  39.844366
013981  244.597342  39.844366
013982  244.878812  39.844366
013983  245.160281  39.844366
013984  245.441751  39.844366
013985  245.723221  39.844366
013986  246.004691  39.844366
013987  246.286161  39.844366
013988  246.567631  39.844366
013989  246.849101  39.844366
013990  247.130571  39.844366
013991  247.412041  39.844366
013992  247.693511  39.844366
013993  247.974980  39.844366
013994  248.256450  39.844366
013995  248.537920  39.844366
013996  248.819390  39.844366
013997  249.100860  39.844366
013998  249.382330  39.844366
013999  249.663800  39.844366
014000  249.945270  39.844366
014001  250.226740  39.844366
014002  250.508210  39.844366
014003  250.789679  39.844366
014004  251.071149  39.844366
014005  251.352619  39.844366
014006  251.634089  39.844366
014007  251.915559  39.844366
014008  252.197029  39.844366
014009  252.478499  39.844366
014010  252.759969  39.844366
014011  253.041439  39.844366
014012  253.322909  39.844366
014013  253.604378  39.844366
014014  253.885848  39.844366
014015  254.167318  39.844366
014016  254.448788  39.844366
014017  254.730258  39.844366
014018  255.011728  39.844366
014019  255.293198  39.844366
014020  255.574668  39.844366
014021  255.856138  39.844366
014022  256.137608  39.844366
014023  256.419077  39.844366
014024  256.700547  39.844366
014025  256.982017  39.844366
014026  257.263487  39.844366
014027  257.544957  39.844366
014028  257.826427  39.844366
014029  258.107897  39.844366
014030  258.389367  39.844366
014031  258.670837  39.844366
014032  258.952306  39.844366
014033  259.233776  39.844366
014034  259.515246  39.844366
014035  259.796716  39.844366
014036  260.078186  39.844366
014037  260.359656  39.844366
014038  260.641126  39.844366
014039  260.922596  39.844366
014040  261.204066  39.844366
014041  261.485536  39.844366
014042  261.767005  39.844366
014043  262.048475  39.844366
014044  262.329945  39.844366
014045  262.611415  39.844366
014046  262.892885  39.844366
014047  263.174355  39.844366
014048  263.455825  39.844366
014049  263.737295  39.844366
014050  264.018765  39.844366
014051  264.300235  39.844366
014052  264.581704  39.844366
014053  264.863174  39.844366
014054  265.144644  39.844366
014055  265.426114  39.844366
014056  265.707584  39.844366
014057  265.989054  39.844366
014058  266.270524  39.844366
014059  266.551994  39.844366
014060  266.833464  39.844366
014061  267.114934  39.844366
014062  267.396403  39.844366
014063  267.677873  39.844366
014064  267.959343  39.844366
014065  268.240813  39.844366
014066  268.522283  39.844366
014067  268.803753  39.844366
014068  269.085223  39.844366
014069  269.366693  39.844366
014070  269.648163  39.844366
014071  269.929633  39.844366
014072  270.211102  39.844366
014073  270.492572  39.844366
014074  270.774042  39.844366
014075  271.055512  39.844366
014076  271.336982  39.844366
014077  271.618452  39.844366
014078  271.899922  39.844366
014079  272.181392  39.844366
014080  272.462862  39.844366
014081  272.744332  39.844366
014082  273.025801  39.844366
014083  273.307271  39.844366
014084  273.588741  39.844366
014085  273.870211  39.844366
014086  274.151681  39.844366
014087  274.433151  39.844366
014088  274.714621  39.844366
014089  274.996091  39.844366
014090  275.277561  39.844366
014091  275.559030  39.844366
014092  275.840500  39.844366
014093  276.121970  39.844366
014094  276.403440  39.844366
014095  276.684910  39.844366
014096  276.966380  39.844366
014097  277.247850  39.844366
014098  277.529320  39.844366
014099  277.810790  39.844366
014100  278.092260  39.844366
014101  278.373729  39.844366
014102  278.655199  39.844366
014103  278.936669  39.844366
014104  279.218139  39.844366
014105  279.499609  39.844366
014106  279.781079  39.844366
014107  280.062549  39.844366
014108  280.344019  39.844366
014109  280.625489  39.844366
014110  280.906959  39.844366
014111  281.188428  39.844366
014112  281.469898  39.844366
014113  281.751368  39.844366
014114  282.032838  39.844366
014115  282.314308  39.844366
014116  282.595778  39.844366
014117  282.877248  39.844366
014118  283.158718  39.844366
014119  283.440188  39.844366
014120  283.721658  39.844366
014121  284.003127  39.844366
014122  284.284597  39.844366
014123  284.566067  39.844366
014124  284.847537  39.844366
014125  285.129007  39.844366
014126  285.410477  39.844366
014127  285.691947  39.844366
014128  285.973417  39.844366
014129  235.482353  40.060203
014130  235.764706  40.060203
014131  236.047059  40.060203
014132  236.329412  40.060203
014133  236.611765  40.060203
014134  236.894118  40.060203
014135  237.176471  40.060203
014136  237.458824  40.060203
014137  237.741176  40.060203
014138  238.023529  40.060203
014139  238.305882  40.060203
014140  238.588235  40.060203
014141  238.870588  40.060203
014142  239.152941  40.060203
014143  239.435294  40.060203
014144  239.717647  40.060203
014145  240.000000  40.060203
014146  240.282353  40.060203
014147  240.564706  40.060203
014148  240.847059  40.060203
014149  241.129412  40.060203
014150  241.411765  40.060203
014151  241.694118  40.060203
014152  241.976471  40.060203
014153  242.258824  40.060203
014154  242.541176  40.060203
014155  242.823529  40.060203
014156  243.105882  40.060203
014157  243.388235  40.060203
014158  243.670588  40.060203
014159  243.952941  40.060203
014160  244.235294  40.060203
014161  244.517647  40.060203
014162  244.800000  40.060203
014163  245.082353  40.060203
014164  245.364706  40.060203
014165  245.647059  40.060203
014166  245.929412  40.060203
014167  246.211765  40.060203
014168  246.494118  40.060203
014169  246.776471  40.060203
014170  247.058824  40.060203
014171  247.341176  40.060203
014172  247.623529  40.060203
014173  247.905882  40.060203
014174  248.188235  40.060203
014175  248.470588  40.060203
014176  248.752941  40.060203
014177  249.035294  40.060203
014178  249.317647  40.060203
014179  249.600000  40.060203
014180  249.882353  40.060203
014181  250.164706  40.060203
014182  250.447059  40.060203
014183  250.729412  40.060203
014184  251.011765  40.060203
014185  251.294118  40.060203
014186  251.576471  40.060203
014187  251.858824  40.060203
014188  252.141176  40.060203
014189  252.423529  40.060203
014190  252.705882  40.060203
014191  252.988235  40.060203
014192  253.270588  40.060203
014193  253.552941  40.060203
014194  253.835294  40.060203
014195  254.117647  40.060203
014196  254.400000  40.060203
014197  254.682353  40.060203
014198  254.964706  40.060203
014199  255.247059  40.060203
014200  255.529412  40.060203
014201  255.811765  40.060203
014202  256.094118  40.060203
014203  256.376471  40.060203
014204  256.658824  40.060203
014205  256.941176  40.060203
014206  257.223529  40.060203
014207  257.505882  40.060203
014208  257.788235  40.060203
014209  258.070588  40.060203
014210  258.352941  40.060203
014211  258.635294  40.060203
014212  258.917647  40.060203
014213  259.200000  40.060203
014214  259.482353  40.060203
014215  259.764706  40.060203
014216  260.047059  40.060203
014217  260.329412  40.060203
014218  260.611765  40.060203
014219  260.894118  40.060203
014220  261.176471  40.060203
014221  261.458824  40.060203
014222  261.741176  40.060203
014223  262.023529  40.060203
014224  262.305882  40.060203
014225  262.588235  40.060203
014226  262.870588  40.060203
014227  263.152941  40.060203
014228  263.435294  40.060203
014229  263.717647  40.060203
014230  264.000000  40.060203
014231  264.282353  40.060203
014232  264.564706  40.060203
014233  264.847059  40.060203
014234  265.129412  40.060203
014235  265.411765  40.060203
014236  265.694118  40.060203
014237  265.976471  40.060203
014238  266.258824  40.060203
014239  266.541176  40.060203
014240  266.823529  40.060203
014241  267.105882  40.060203
014242  267.388235  40.060203
014243  267.670588  40.060203
014244  267.952941  40.060203
014245  268.235294  40.060203
014246  268.517647  40.060203
014247  268.800000  40.060203
014248  269.082353  40.060203
014249  269.364706  40.060203
014250  269.647059  40.060203
014251  269.929412  40.060203
014252  270.211765  40.060203
014253  270.494118  40.060203
014254  270.776471  40.060203
014255  271.058824  40.060203
014256  271.341176  40.060203
014257  271.623529  40.060203
014258  271.905882  40.060203
014259  272.188235  40.060203
014260  272.470588  40.060203
014261  272.752941  40.060203
014262  273.035294  40.060203
014263  273.317647  40.060203
014264  273.600000  40.060203
014265  273.882353  40.060203
014266  274.164706  40.060203
014267  274.447059  40.060203
014268  274.729412  40.060203
014269  275.011765  40.060203
014270  275.294118  40.060203
014271  275.576471  40.060203
014272  275.858824  40.060203
014273  276.141176  40.060203
014274  276.423529  40.060203
014275  276.705882  40.060203
014276  276.988235  40.060203
014277  277.270588  40.060203
014278  277.552941  40.060203
014279  277.835294  40.060203
014280  278.117647  40.060203
014281  278.400000  40.060203
014282  278.682353  40.060203
014283  278.964706  40.060203
014284  279.247059  40.060203
014285  279.529412  40.060203
014286  279.811765  40.060203
014287  280.094118  40.060203
014288  280.376471  40.060203
014289  280.658824  40.060203
014290  280.941176  40.060203
014291  281.223529  40.060203
014292  281.505882  40.060203
014293  281.788235  40.060203
014294  282.070588  40.060203
014295  282.352941  40.060203
014296  282.635294  40.060203
014297  282.917647  40.060203
014298  283.200000  40.060203
014299  283.482353  40.060203
014300  283.764706  40.060203
014301  284.047059  40.060203
014302  284.329412  40.060203
014303  284.611765  40.060203
014304  284.894118  40.060203
014305  285.176471  40.060203
014306  285.458824  40.060203
014307  285.741176  40.060203
014308  286.023529  40.060203
014309  235.373721  40.276040
014310  235.656963  40.276040
014311  235.940205  40.276040
014312  236.223446  40.276040
014313  236.506688  40.276040
014314  236.789929  40.276040
014315  237.073171  40.276040
014316  237.356412  40.276040
014317  237.639654  40.276040
014318  237.922895  40.276040
014319  238.206137  40.276040
014320  238.489378  40.276040
014321  238.772620  40.276040
014322  239.055862  40.276040
014323  239.339103  40.276040
014324  239.622345  40.276040
014325  239.905586  40.276040
014326  240.188828  40.276040
014327  240.472069  40.276040
014328  240.755311  40.276040
014329  241.038552  40.276040
014330  241.321794  40.276040
014331  241.605035  40.276040
014332  241.888277  40.276040
014333  242.171518  40.276040
014334  242.454760  40.276040
014335  242.738002  40.276040
014336  243.021243  40.276040
014337  243.304485  40.276040
014338  243.587726  40.276040
014339  243.870968  40.276040
014340  244.154209  40.276040
014341  244.437451  40.276040
014342  244.720692  40.276040
014343  245.003934  40.276040
014344  245.287175  40.276040
014345  245.570417  40.276040
014346  245.853659  40.276040
014347  246.136900  40.276040
014348  246.420142  40.276040
014349  246.703383  40.276040
014350  246.986625  40.276040
014351  247.269866  40.276040
014352  247.553108  40.276040
014353  247.836349  40.276040
014354  248.119591  40.276040
014355  248.402832  40.276040
014356  248.686074  40.276040
014357  248.969315  40.276040
014358  249.252557  40.276040
014359  249.535799  40.276040
014360  249.819040  40.276040
014361  250.102282  40.276040
014362  250.385523  40.276040
014363  250.668765  40.276040
014364  250.952006  40.276040
014365  251.235248  40.276040
014366  251.518489  40.276040
014367  251.801731  40.276040
014368  252.084972  40.276040
014369  252.368214  40.276040
014370  252.651456  40.276040
014371  252.934697  40.276040
014372  253.217939  40.276040
014373  253.501180  40.276040
014374  253.784422  40.276040
014375  254.067663  40.276040
014376  254.350905  40.276040
014377  254.634146  40.276040
014378  254.917388  40.276040
014379  255.200629  40.276040
014380  255.483871  40.276040
014381  255.767113  40.276040
014382  256.050354  40.276040
014383  256.333596  40.276040
014384  256.616837  40.276040
014385  256.900079  40.276040
014386  257.183320  40.276040
014387  257.466562  40.276040
014388  257.749803  40.276040
014389  258.033045  40.276040
014390  258.316286  40.276040
014391  258.599528  40.276040
014392  258.882769  40.276040
014393  259.166011  40.276040
014394  259.449253  40.276040
014395  259.732494  40.276040
014396  260.015736  40.276040
014397  260.298977  40.276040
014398  260.582219  40.276040
014399  260.865460  40.276040
014400  261.148702  40.276040
014401  261.431943  40.276040
014402  261.715185  40.276040
014403  261.998426  40.276040
014404  262.281668  40.276040
014405  262.564910  40.276040
014406  262.848151  40.276040
014407  263.131393  40.276040
014408  263.414634  40.276040
014409  263.697876  40.276040
014410  263.981117  40.276040
014411  264.264359  40.276040
014412  264.547600  40.276040
014413  264.830842  40.276040
014414  265.114083  40.276040
014415  265.397325  40.276040
014416  265.680566  40.276040
014417  265.963808  40.276040
014418  266.247050  40.276040
014419  266.530291  40.276040
014420  266.813533  40.276040
014421  267.096774  40.276040
014422  267.380016  40.276040
014423  267.663257  40.276040
014424  267.946499  40.276040
014425  268.229740  40.276040
014426  268.512982  40.276040
014427  268.796223  40.276040
014428  269.079465  40.276040
014429  269.362707  40.276040
014430  269.645948  40.276040
014431  269.929190  40.276040
014432  270.212431  40.276040
014433  270.495673  40.276040
014434  270.778914  40.276040
014435  271.062156  40.276040
014436  271.345397  40.276040
014437  271.628639  40.276040
014438  271.911880  40.276040
014439  272.195122  40.276040
014440  272.478363  40.276040
014441  272.761605  40.276040
014442  273.044847  40.276040
014443  273.328088  40.276040
014444  273.611330  40.276040
014445  273.894571  40.276040
014446  274.177813  40.276040
014447  274.461054  40.276040
014448  274.744296  40.276040
014449  275.027537  40.276040
014450  275.310779  40.276040
014451  275.594020  40.276040
014452  275.877262  40.276040
014453  276.160504  40.276040
014454  276.443745  40.276040
014455  276.726987  40.276040
014456  277.010228  40.276040
014457  277.293470  40.276040
014458  277.576711  40.276040
014459  277.859953  40.276040
014460  278.143194  40.276040
014461  278.426436  40.276040
014462  278.709677  40.276040
014463  278.992919  40.276040
014464  279.276161  40.276040
014465  279.559402  40.276040
014466  279.842644  40.276040
014467  280.125885  40.276040
014468  280.409127  40.276040
014469  280.692368  40.276040
014470  280.975610  40.276040
014471  281.258851  40.276040
014472  281.542093  40.276040
014473  281.825334  40.276040
014474  282.108576  40.276040
014475  282.391817  40.276040
014476  282.675059  40.276040
014477  282.958301  40.276040
014478  283.241542  40.276040
014479  283.524784  40.276040
014480  283.808025  40.276040
014481  284.091267  40.276040
014482  284.374508  40.276040
014483  284.657750  40.276040
014484  284.940991  40.276040
014485  285.224233  40.276040
014486  285.507474  40.276040
014487  285.790716  40.276040
014488  286.073958  40.276040
014489  235.548540  40.491877
014490  235.832676  40.491877
014491  236.116811  40.491877
014492  236.400947  40.491877
014493  236.685083  40.491877
014494  236.969219  40.491877
014495  237.253354  40.491877
014496  237.537490  40.491877
014497  237.821626  40.491877
014498  238.105762  40.491877
014499  238.389897  40.491877
014500  238.674033  40.491877
014501  238.958169  40.491877
014502  239.242305  40.491877
014503  239.526440  40.491877
014504  239.810576  40.491877
014505  240.094712  40.491877
014506  240.378848  40.491877
014507  240.662983  40.491877
014508  240.947119  40.491877
014509  241.231255  40.491877
014510  241.515391  40.491877
014511  241.799526  40.491877
014512  242.083662  40.491877
014513  242.367798  40.491877
014514  242.651934  40.491877
014515  242.936069  40.491877
014516  243.220205  40.491877
014517  243.504341  40.491877
014518  243.788477  40.491877
014519  244.072612  40.491877
014520  244.356748  40.491877
014521  244.640884  40.491877
014522  244.925020  40.491877
014523  245.209155  40.491877
014524  245.493291  40.491877
014525  245.777427  40.491877
014526  246.061563  40.491877
014527  246.345699  40.491877
014528  246.629834  40.491877
014529  246.913970  40.491877
014530  247.198106  40.491877
014531  247.482242  40.491877
014532  247.766377  40.491877
014533  248.050513  40.491877
014534  248.334649  40.491877
014535  248.618785  40.491877
014536  248.902920  40.491877
014537  249.187056  40.491877
014538  249.471192  40.491877
014539  249.755328  40.491877
014540  250.039463  40.491877
014541  250.323599  40.491877
014542  250.607735  40.491877
014543  250.891871  40.491877
014544  251.176006  40.491877
014545  251.460142  40.491877
014546  251.744278  40.491877
014547  252.028414  40.491877
014548  252.312549  40.491877
014549  252.596685  40.491877
014550  252.880821  40.491877
014551  253.164957  40.491877
014552  253.449092  40.491877
014553  253.733228  40.491877
014554  254.017364  40.491877
014555  254.301500  40.491877
014556  254.585635  40.491877
014557  254.869771  40.491877
014558  255.153907  40.491877
014559  255.438043  40.491877
014560  255.722178  40.491877
014561  256.006314  40.491877
014562  256.290450  40.491877
014563  256.574586  40.491877
014564  256.858721  40.491877
014565  257.142857  40.491877
014566  257.426993  40.491877
014567  257.711129  40.491877
014568  257.995264  40.491877
014569  258.279400  40.491877
014570  258.563536  40.491877
014571  258.847672  40.491877
014572  259.131807  40.491877
014573  259.415943  40.491877
014574  259.700079  40.491877
014575  259.984215  40.491877
014576  260.268350  40.491877
014577  260.552486  40.491877
014578  260.836622  40.491877
014579  261.120758  40.491877
014580  261.404893  40.491877
014581  261.689029  40.491877
014582  261.973165  40.491877
014583  262.257301  40.491877
014584  262.541436  40.491877
014585  262.825572  40.491877
014586  263.109708  40.491877
014587  263.393844  40.491877
014588  263.677979  40.491877
014589  263.962115  40.491877
014590  264.246251  40.491877
014591  264.530387  40.491877
014592  264.814522  40.491877
014593  265.098658  40.491877
014594  265.382794  40.491877
014595  265.666930  40.491877
014596  265.951066  40.491877
014597  266.235201  40.491877
014598  266.519337  40.491877
014599  266.803473  40.491877
014600  267.087609  40.491877
014601  267.371744  40.491877
014602  267.655880  40.491877
014603  267.940016  40.491877
014604  268.224152  40.491877
014605  268.508287  40.491877
014606  268.792423  40.491877
014607  269.076559  40.491877
014608  269.360695  40.491877
014609  269.644830  40.491877
014610  269.928966  40.491877
014611  270.213102  40.491877
014612  270.497238  40.491877
014613  270.781373  40.491877
014614  271.065509  40.491877
014615  271.349645  40.491877
014616  271.633781  40.491877
014617  271.917916  40.491877
014618  272.202052  40.491877
014619  272.486188  40.491877
014620  272.770324  40.491877
014621  273.054459  40.491877
014622  273.338595  40.491877
014623  273.622731  40.491877
014624  273.906867  40.491877
014625  274.191002  40.491877
014626  274.475138  40.491877
014627  274.759274  40.491877
014628  275.043410  40.491877
014629  275.327545  40.491877
014630  275.611681  40.491877
014631  275.895817  40.491877
014632  276.179953  40.491877
014633  276.464088  40.491877
014634  276.748224  40.491877
014635  277.032360  40.491877
014636  277.316496  40.491877
014637  277.600631  40.491877
014638  277.884767  40.491877
014639  278.168903  40.491877
014640  278.453039  40.491877
014641  278.737174  40.491877
014642  279.021310  40.491877
014643  279.305446  40.491877
014644  279.589582  40.491877
014645  279.873717  40.491877
014646  280.157853  40.491877
014647  280.441989  40.491877
014648  280.726125  40.491877
014649  281.010260  40.491877
014650  281.294396  40.491877
014651  281.578532  40.491877
014652  281.862668  40.491877
014653  282.146803  40.491877
014654  282.430939  40.491877
014655  282.715075  40.491877
014656  282.999211  40.491877
014657  283.283346  40.491877
014658  283.567482  40.491877
014659  283.851618  40.491877
014660  284.135754  40.491877
014661  284.419890  40.491877
014662  284.704025  40.491877
014663  284.988161  40.491877
014664  285.272297  40.491877
014665  285.556433  40.491877
014666  285.840568  40.491877
014667  286.124704  40.491877
014668  286.408840  40.491877
014669  286.692976  40.491877
014670  286.977111  40.491877
014671  235.724466  40.707714
014672  236.009501  40.707714
014673  236.294537  40.707714
014674  236.579572  40.707714
014675  236.864608  40.707714
014676  237.149644  40.707714
014677  237.434679  40.707714
014678  237.719715  40.707714
014679  238.004751  40.707714
014680  238.289786  40.707714
014681  238.574822  40.707714
014682  238.859857  40.707714
014683  239.144893  40.707714
014684  239.429929  40.707714
014685  239.714964  40.707714
014686  240.000000  40.707714
014687  240.285036  40.707714
014688  240.570071  40.707714
014689  240.855107  40.707714
014690  241.140143  40.707714
014691  241.425178  40.707714
014692  241.710214  40.707714
014693  241.995249  40.707714
014694  242.280285  40.707714
014695  242.565321  40.707714
014696  242.850356  40.707714
014697  243.135392  40.707714
014698  243.420428  40.707714
014699  243.705463  40.707714
014700  243.990499  40.707714
014701  244.275534  40.707714
014702  244.560570  40.707714
014703  244.845606  40.707714
014704  245.130641  40.707714
014705  245.415677  40.707714
014706  245.700713  40.707714
014707  245.985748  40.707714
014708  246.270784  40.707714
014709  246.555819  40.707714
014710  246.840855  40.707714
014711  247.125891  40.707714
014712  247.410926  40.707714
014713  247.695962  40.707714
014714  247.980998  40.707714
014715  248.266033  40.707714
014716  248.551069  40.707714
014717  248.836105  40.707714
014718  249.121140  40.707714
014719  249.406176  40.707714
014720  249.691211  40.707714
014721  249.976247  40.707714
014722  250.261283  40.707714
014723  250.546318  40.707714
014724  250.831354  40.707714
014725  251.116390  40.707714
014726  251.401425  40.707714
014727  251.686461  40.707714
014728  251.971496  40.707714
014729  252.256532  40.707714
014730  252.541568  40.707714
014731  252.826603  40.707714
014732  253.111639  40.707714
014733  253.396675  40.707714
014734  253.681710  40.707714
014735  253.966746  40.707714
014736  254.251781  40.707714
014737  254.536817  40.707714
014738  254.821853  40.707714
014739  255.106888  40.707714
014740  255.391924  40.707714
014741  255.676960  40.707714
014742  255.961995  40.707714
014743  256.247031  40.707714
014744  256.532067  40.707714
014745  256.817102  40.707714
014746  257.102138  40.707714
014747  257.387173  40.707714
014748  257.672209  40.707714
014749  257.957245  40.707714
014750  258.242280  40.707714
014751  258.527316  40.707714
014752  258.812352  40.707714
014753  259.097387  40.707714
014754  259.382423  40.707714
014755  259.667458  40.707714
014756  259.952494  40.707714
014757  260.237530  40.707714
014758  260.522565  40.707714
014759  260.807601  40.707714
014760  261.092637  40.707714
014761  261.377672  40.707714
014762  261.662708  40.707714
014763  261.947743  40.707714
014764  262.232779  40.707714
014765  262.517815  40.707714
014766  262.802850  40.707714
014767  263.087886  40.707714
014768  263.372922  40.707714
014769  263.657957  40.707714
014770  263.942993  40.707714
014771  264.228029  40.707714
014772  264.513064  40.707714
014773  264.798100  40.707714
014774  265.083135  40.707714
014775  265.368171  40.707714
014776  265.653207  40.707714
014777  265.938242  40.707714
014778  266.223278  40.707714
014779  266.508314  40.707714
014780  266.793349  40.707714
014781  267.078385  40.707714
014782  267.363420  40.707714
014783  267.648456  40.707714
014784  267.933492  40.707714
014785  268.218527  40.707714
014786  268.503563  40.707714
014787  268.788599  40.707714
014788  269.073634  40.707714
014789  269.358670  40.707714
014790  269.643705  40.707714
014791  269.928741  40.707714
014792  270.213777  40.707714
014793  270.498812  40.707714
014794  270.783848  40.707714
014795  271.068884  40.707714
014796  271.353919  40.707714
014797  271.638955  40.707714
014798  271.923990  40.707714
014799  272.209026  40.707714
014800  272.494062  40.707714
014801  272.779097  40.707714
014802  273.064133  40.707714
014803  273.349169  40.707714
014804  273.634204  40.707714
014805  273.919240  40.707714
014806  274.204276  40.707714
014807  274.489311  40.707714
014808  274.774347  40.707714
014809  275.059382  40.707714
014810  275.344418  40.707714
014811  275.629454  40.707714
014812  275.914489  40.707714
014813  276.199525  40.707714
014814  276.484561  40.707714
014815  276.769596  40.707714
014816  277.054632  40.707714
014817  277.339667  40.707714
014818  277.624703  40.707714
014819  277.909739  40.707714
014820  278.194774  40.707714
014821  278.479810  40.707714
014822  278.764846  40.707714
014823  279.049881  40.707714
014824  279.334917  40.707714
014825  279.619952  40.707714
014826  279.904988  40.707714
014827  280.190024  40.707714
014828  280.475059  40.707714
014829  280.760095  40.707714
014830  281.045131  40.707714
014831  281.330166  40.707714
014832  281.615202  40.707714
014833  281.900238  40.707714
014834  282.185273  40.707714
014835  282.470309  40.707714
014836  282.755344  40.707714
014837  283.040380  40.707714
014838  283.325416  40.707714
014839  283.610451  40.707714
014840  283.895487  40.707714
014841  284.180523  40.707714
014842  284.465558  40.707714
014843  284.750594  40.707714
014844  285.035629  40.707714
014845  285.320665  40.707714
014846  285.605701  40.707714
014847  285.890736  40.707714
014848  286.175772  40.707714
014849  286.460808  40.707714
014850  286.745843  40.707714
014851  287.030879  40.707714
014852  287.315914  40.707714
014853  287.600950  40.707714
014854  287.885986  40.707714
014855  235.615568  40.923552
014856  235.901509  40.923552
014857  236.187450  40.923552
014858  236.473392  40.923552
014859  236.759333  40.923552
014860  237.045274  40.923552
014861  237.331215  40.923552
014862  237.617156  40.923552
014863  237.903098  40.923552
014864  238.189039  40.923552
014865  238.474980  40.923552
014866  238.760921  40.923552
014867  239.046863  40.923552
014868  239.332804  40.923552
014869  239.618745  40.923552
014870  239.904686  40.923552
014871  240.190627  40.923552
014872  240.476569  40.923552
014873  240.762510  40.923552
014874  241.048451  40.923552
014875  241.334392  40.923552
014876  241.620334  40.923552
014877  241.906275  40.923552
014878  242.192216  40.923552
014879  242.478157  40.923552
014880  242.764098  40.923552
014881  243.050040  40.923552
014882  243.335981  40.923552
014883  243.621922  40.923552
014884  243.907863  40.923552
014885  244.193805  40.923552
014886  244.479746  40.923552
014887  244.765687  40.923552
014888  245.051628  40.923552
014889  245.337569  40.923552
014890  245.623511  40.923552
014891  245.909452  40.923552
014892  246.195393  40.923552
014893  246.481334  40.923552
014894  246.767276  40.923552
014895  247.053217  40.923552
014896  247.339158  40.923552
014897  247.625099  40.923552
014898  247.911041  40.923552
014899  248.196982  40.923552
014900  248.482923  40.923552
014901  248.768864  40.923552
014902  249.054805  40.923552
014903  249.340747  40.923552
014904  249.626688  40.923552
014905  249.912629  40.923552
014906  250.198570  40.923552
014907  250.484512  40.923552
014908  250.770453  40.923552
014909  251.056394  40.923552
014910  251.342335  40.923552
014911  251.628276  40.923552
014912  251.914218  40.923552
014913  252.200159  40.923552
014914  252.486100  40.923552
014915  252.772041  40.923552
014916  253.057983  40.923552
014917  253.343924  40.923552
014918  253.629865  40.923552
014919  253.915806  40.923552
014920  254.201747  40.923552
014921  254.487689  40.923552
014922  254.773630  40.923552
014923  255.059571  40.923552
014924  255.345512  40.923552
014925  255.631454  40.923552
014926  255.917395  40.923552
014927  256.203336  40.923552
014928  256.489277  40.923552
014929  256.775218  40.923552
014930  257.061160  40.923552
014931  257.347101  40.923552
014932  257.633042  40.923552
014933  257.918983  40.923552
014934  258.204925  40.923552
014935  258.490866  40.923552
014936  258.776807  40.923552
014937  259.062748  40.923552
014938  259.348689  40.923552
014939  259.634631  40.923552
014940  259.920572  40.923552
014941  260.206513  40.923552
014942  260.492454  40.923552
014943  260.778396  40.923552
014944  261.064337  40.923552
014945  261.350278  40.923552
014946  261.636219  40.923552
014947  261.922160  40.923552
014948  262.208102  40.923552
014949  262.494043  40.923552
014950  262.779984  40.923552
014951  263.065925  40.923552
014952  263.351867  40.923552
014953  263.637808  40.923552
014954  263.923749  40.923552
014955  264.209690  40.923552
014956  264.495631  40.923552
014957  264.781573  40.923552
014958  265.067514  40.923552
014959  265.353455  40.923552
014960  265.639396  40.923552
014961  265.925338  40.923552
014962  266.211279  40.923552
014963  266.497220  40.923552
014964  266.783161  40.923552
014965  267.069102  40.923552
014966  267.355044  40.923552
014967  267.640985  40.923552
014968  267.926926  40.923552
014969  268.212867  40.923552
014970  268.498809  40.923552
014971  268.784750  40.923552
014972  269.070691  40.923552
014973  269.356632  40.923552
014974  269.642573  40.923552
014975  269.928515  40.923552
014976  270.214456  40.923552
014977  270.500397  40.923552
014978  270.786338  40.923552
014979  271.072280  40.923552
014980  271.358221  40.923552
014981  271.644162  40.923552
014982  271.930103  40.923552
014983  272.216044  40.923552
014984  272.501986  40.923552
014985  272.787927  40.923552
014986  273.073868  40.923552
014987  273.359809  40.923552
014988  273.645751  40.923552
014989  273.931692  40.923552
014990  274.217633  40.923552
014991  274.503574  40.923552
014992  274.789515  40.923552
014993  275.075457  40.923552
014994  275.361398  40.923552
014995  275.647339  40.923552
014996  275.933280  40.923552
014997  276.219222  40.923552
014998  276.505163  40.923552
014999  276.791104  40.923552
015000  277.077045  40.923552
015001  277.362986  40.923552
015002  277.648928  40.923552
015003  277.934869  40.923552
015004  278.220810  40.923552
015005  278.506751  40.923552
015006  278.792693  40.923552
015007  279.078634  40.923552
015008  279.364575  40.923552
015009  279.650516  40.923552
015010  279.936458  40.923552
015011  280.222399  40.923552
015012  280.508340  40.923552
015013  280.794281  40.923552
015014  281.080222  40.923552
015015  281.366164  40.923552
015016  281.652105  40.923552
015017  281.938046  40.923552
015018  282.223987  40.923552
015019  282.509929  40.923552
015020  282.795870  40.923552
015021  283.081811  40.923552
015022  283.367752  40.923552
015023  283.653693  40.923552
015024  283.939635  40.923552
015025  284.225576  40.923552
015026  284.511517  40.923552
015027  284.797458  40.923552
015028  285.083400  40.923552
015029  285.369341  40.923552
015030  285.655282  40.923552
015031  285.941223  40.923552
015032  286.227164  40.923552
015033  286.513106  40.923552
015034  286.799047  40.923552
015035  287.084988  40.923552
015036  287.370929  40.923552
015037  287.656871  40.923552
015038  287.942812  40.923552
015039  235.792829  41.139389
015040  236.079681  41.139389
015041  236.366534  41.139389
015042  236.653386  41.139389
015043  236.940239  41.139389
015044  237.227092  41.139389
015045  237.513944  41.139389
015046  237.800797  41.139389
015047  238.087649  41.139389
015048  238.374502  41.139389
015049  238.661355  41.139389
015050  238.948207  41.139389
015051  239.235060  41.139389
015052  239.521912  41.139389
015053  239.808765  41.139389
015054  240.095618  41.139389
015055  240.382470  41.139389
015056  240.669323  41.139389
015057  240.956175  41.139389
015058  241.243028  41.139389
015059  241.529880  41.139389
015060  241.816733  41.139389
015061  242.103586  41.139389
015062  242.390438  41.139389
015063  242.677291  41.139389
015064  242.964143  41.139389
015065  243.250996  41.139389
015066  243.537849  41.139389
015067  243.824701  41.139389
015068  244.111554  41.139389
015069  244.398406  41.139389
015070  244.685259  41.139389
015071  244.972112  41.139389
015072  245.258964  41.139389
015073  245.545817  41.139389
015074  245.832669  41.139389
015075  246.119522  41.139389
015076  246.406375  41.139389
015077  246.693227  41.139389
015078  246.980080  41.139389
015079  247.266932  41.139389
015080  247.553785  41.139389
015081  247.840637  41.139389
015082  248.127490  41.139389
015083  248.414343  41.139389
015084  248.701195  41.139389
015085  248.988048  41.139389
015086  249.274900  41.139389
015087  249.561753  41.139389
015088  249.848606  41.139389
015089  250.135458  41.139389
015090  250.422311  41.139389
015091  250.709163  41.139389
015092  250.996016  41.139389
015093  251.282869  41.139389
015094  251.569721  41.139389
015095  251.856574  41.139389
015096  252.143426  41.139389
015097  252.430279  41.139389
015098  252.717131  41.139389
015099  253.003984  41.139389
015100  253.290837  41.139389
015101  253.577689  41.139389
015102  253.864542  41.139389
015103  254.151394  41.139389
015104  254.438247  41.139389
015105  254.725100  41.139389
015106  255.011952  41.139389
015107  255.298805  41.139389
015108  255.585657  41.139389
015109  255.872510  41.139389
015110  256.159363  41.139389
015111  256.446215  41.139389
015112  256.733068  41.139389
015113  257.019920  41.139389
015114  257.306773  41.139389
015115  257.593625  41.139389
015116  257.880478  41.139389
015117  258.167331  41.139389
015118  258.454183  41.139389
015119  258.741036  41.139389
015120  259.027888  41.139389
015121  259.314741  41.139389
015122  259.601594  41.139389
015123  259.888446  41.139389
015124  260.175299  41.139389
015125  260.462151  41.139389
015126  260.749004  41.139389
015127  261.035857  41.139389
015128  261.322709  41.139389
015129  261.609562  41.139389
015130  261.896414  41.139389
015131  262.183267  41.139389
015132  262.470120  41.139389
015133  262.756972  41.139389
015134  263.043825  41.139389
015135  263.330677  41.139389
015136  263.617530  41.139389
015137  263.904382  41.139389
015138  264.191235  41.139389
015139  264.478088  41.139389
015140  264.764940  41.139389
015141  265.051793  41.139389
015142  265.338645  41.139389
015143  265.625498  41.139389
015144  265.912351  41.139389
015145  266.199203  41.139389
015146  266.486056  41.139389
015147  266.772908  41.139389
015148  267.059761  41.139389
015149  267.346614  41.139389
015150  267.633466  41.139389
015151  267.920319  41.139389
015152  268.207171  41.139389
015153  268.494024  41.139389
015154  268.780876  41.139389
015155  269.067729  41.139389
015156  269.354582  41.139389
015157  269.641434  41.139389
015158  269.928287  41.139389
015159  270.215139  41.139389
015160  270.501992  41.139389
015161  270.788845  41.139389
015162  271.075697  41.139389
015163  271.362550  41.139389
015164  271.649402  41.139389
015165  271.936255  41.139389
015166  272.223108  41.139389
015167  272.509960  41.139389
015168  272.796813  41.139389
015169  273.083665  41.139389
015170  273.370518  41.139389
015171  273.657371  41.139389
015172  273.944223  41.139389
015173  274.231076  41.139389
015174  274.517928  41.139389
015175  274.804781  41.139389
015176  275.091633  41.139389
015177  275.378486  41.139389
015178  275.665339  41.139389
015179  275.952191  41.139389
015180  276.239044  41.139389
015181  276.525896  41.139389
015182  276.812749  41.139389
015183  277.099602  41.139389
015184  277.386454  41.139389
015185  277.673307  41.139389
015186  277.960159  41.139389
015187  278.247012  41.139389
015188  278.533865  41.139389
015189  278.820717  41.139389
015190  279.107570  41.139389
015191  279.394422  41.139389
015192  279.681275  41.139389
015193  279.968127  41.139389
015194  280.254980  41.139389
015195  280.541833  41.139389
015196  280.828685  41.139389
015197  281.115538  41.139389
015198  281.402390  41.139389
015199  281.689243  41.139389
015200  281.976096  41.139389
015201  282.262948  41.139389
015202  282.549801  41.139389
015203  282.836653  41.139389
015204  283.123506  41.139389
015205  283.410359  41.139389
015206  283.697211  41.139389
015207  283.984064  41.139389
015208  284.270916  41.139389
015209  284.557769  41.139389
015210  284.844622  41.139389
015211  285.131474  41.139389
015212  285.418327  41.139389
015213  285.705179  41.139389
015214  285.992032  41.139389
015215  286.278884  41.139389
015216  286.565737  41.139389
015217  286.852590  41.139389
015218  287.139442  41.139389
015219  287.426295  41.139389
015220  287.713147  41.139389
015221  288.000000  41.139389
015222  288.286853  41.139389
015223  288.573705  41.139389
015224  289.434263  41.139389
015225  289.721116  41.139389
015226  235.872000  41.355226
015227  236.160000  41.355226
015228  236.448000  41.355226
015229  236.736000  41.355226
015230  237.024000  41.355226
015231  237.312000  41.355226
015232  237.600000  41.355226
015233  237.888000  41.355226
015234  238.176000  41.355226
015235  238.464000  41.355226
015236  238.752000  41.355226
015237  239.040000  41.355226
015238  239.328000  41.355226
015239  239.616000  41.355226
015240  239.904000  41.355226
015241  240.192000  41.355226
015242  240.480000  41.355226
015243  240.768000  41.355226
015244  241.056000  41.355226
015245  241.344000  41.355226
015246  241.632000  41.355226
015247  241.920000  41.355226
015248  242.208000  41.355226
015249  242.496000  41.355226
015250  242.784000  41.355226
015251  243.072000  41.355226
015252  243.360000  41.355226
015253  243.648000  41.355226
015254  243.936000  41.355226
015255  244.224000  41.355226
015256  244.512000  41.355226
015257  244.800000  41.355226
015258  245.088000  41.355226
015259  245.376000  41.355226
015260  245.664000  41.355226
015261  245.952000  41.355226
015262  246.240000  41.355226
015263  246.528000  41.355226
015264  246.816000  41.355226
015265  247.104000  41.355226
015266  247.392000  41.355226
015267  247.680000  41.355226
015268  247.968000  41.355226
015269  248.256000  41.355226
015270  248.544000  41.355226
015271  248.832000  41.355226
015272  249.120000  41.355226
015273  249.408000  41.355226
015274  249.696000  41.355226
015275  249.984000  41.355226
015276  250.272000  41.355226
015277  250.560000  41.355226
015278  250.848000  41.355226
015279  251.136000  41.355226
015280  251.424000  41.355226
015281  251.712000  41.355226
015282  252.000000  41.355226
015283  252.288000  41.355226
015284  252.576000  41.355226
015285  252.864000  41.355226
015286  253.152000  41.355226
015287  253.440000  41.355226
015288  253.728000  41.355226
015289  254.016000  41.355226
015290  254.304000  41.355226
015291  254.592000  41.355226
015292  254.880000  41.355226
015293  255.168000  41.355226
015294  255.456000  41.355226
015295  255.744000  41.355226
015296  256.032000  41.355226
015297  256.320000  41.355226
015298  256.608000  41.355226
015299  256.896000  41.355226
015300  257.184000  41.355226
015301  257.472000  41.355226
015302  257.760000  41.355226
015303  258.048000  41.355226
015304  258.336000  41.355226
015305  258.624000  41.355226
015306  258.912000  41.355226
015307  259.200000  41.355226
015308  259.488000  41.355226
015309  259.776000  41.355226
015310  260.064000  41.355226
015311  260.352000  41.355226
015312  260.640000  41.355226
015313  260.928000  41.355226
015314  261.216000  41.355226
015315  261.504000  41.355226
015316  261.792000  41.355226
015317  262.080000  41.355226
015318  262.368000  41.355226
015319  262.656000  41.355226
015320  262.944000  41.355226
015321  263.232000  41.355226
015322  263.520000  41.355226
015323  263.808000  41.355226
015324  264.096000  41.355226
015325  264.384000  41.355226
015326  264.672000  41.355226
015327  264.960000  41.355226
015328  265.248000  41.355226
015329  265.536000  41.355226
015330  265.824000  41.355226
015331  266.112000  41.355226
015332  266.400000  41.355226
015333  266.688000  41.355226
015334  266.976000  41.355226
015335  267.264000  41.355226
015336  267.552000  41.355226
015337  267.840000  41.355226
015338  268.128000  41.355226
015339  268.416000  41.355226
015340  268.704000  41.355226
015341  268.992000  41.355226
015342  269.280000  41.355226
015343  269.568000  41.355226
015344  269.856000  41.355226
015345  270.144000  41.355226
015346  270.432000  41.355226
015347  270.720000  41.355226
015348  271.008000  41.355226
015349  271.296000  41.355226
015350  271.584000  41.355226
015351  271.872000  41.355226
015352  272.160000  41.355226
015353  272.448000  41.355226
015354  272.736000  41.355226
015355  273.024000  41.355226
015356  273.312000  41.355226
015357  273.600000  41.355226
015358  273.888000  41.355226
015359  274.176000  41.355226
015360  274.464000  41.355226
015361  274.752000  41.355226
015362  275.040000  41.355226
015363  275.328000  41.355226
015364  275.616000  41.355226
015365  275.904000  41.355226
015366  276.192000  41.355226
015367  276.480000  41.355226
015368  276.768000  41.355226
015369  277.056000  41.355226
015370  277.344000  41.355226
015371  277.632000  41.355226
015372  277.920000  41.355226
015373  278.208000  41.355226
015374  278.496000  41.355226
015375  278.784000  41.355226
015376  279.072000  41.355226
015377  279.360000  41.355226
015378  279.648000  41.355226
015379  279.936000  41.355226
015380  280.224000  41.355226
015381  280.512000  41.355226
015382  280.800000  41.355226
015383  281.088000  41.355226
015384  281.376000  41.355226
015385  281.664000  41.355226
015386  281.952000  41.355226
015387  282.240000  41.355226
015388  282.528000  41.355226
015389  282.816000  41.355226
015390  283.104000  41.355226
015391  283.392000  41.355226
015392  283.680000  41.355226
015393  283.968000  41.355226
015394  284.256000  41.355226
015395  284.544000  41.355226
015396  284.832000  41.355226
015397  285.120000  41.355226
015398  285.408000  41.355226
015399  285.696000  41.355226
015400  285.984000  41.355226
015401  286.272000  41.355226
015402  286.560000  41.355226
015403  286.848000  41.355226
015404  287.136000  41.355226
015405  287.424000  41.355226
015406  287.712000  41.355226
015407  288.000000  41.355226
015408  288.288000  41.355226
015409  288.576000  41.355226
015410  288.864000  41.355226
015411  289.152000  41.355226
015412  289.440000  41.355226
015413  289.728000  41.355226
015414  235.762440  41.571063
015415  236.051364  41.571063
015416  236.340289  41.571063
015417  236.629213  41.571063
015418  236.918138  41.571063
015419  237.207063  41.571063
015420  237.495987  41.571063
015421  237.784912  41.571063
015422  238.073836  41.571063
015423  238.362761  41.571063
015424  238.651685  41.571063
015425  238.940610  41.571063
015426  239.229535  41.571063
015427  239.518459  41.571063
015428  239.807384  41.571063
015429  240.096308  41.571063
015430  240.385233  41.571063
015431  240.674157  41.571063
015432  240.963082  41.571063
015433  241.252006  41.571063
015434  241.540931  41.571063
015435  241.829856  41.571063
015436  242.118780  41.571063
015437  242.407705  41.571063
015438  242.696629  41.571063
015439  242.985554  41.571063
015440  243.274478  41.571063
015441  243.563403  41.571063
015442  243.852327  41.571063
015443  244.141252  41.571063
015444  244.430177  41.571063
015445  244.719101  41.571063
015446  245.008026  41.571063
015447  245.296950  41.571063
015448  245.585875  41.571063
015449  245.874799  41.571063
015450  246.163724  41.571063
015451  246.452648  41.571063
015452  246.741573  41.571063
015453  247.030498  41.571063
015454  247.319422  41.571063
015455  247.608347  41.571063
015456  247.897271  41.571063
015457  248.186196  41.571063
015458  248.475120  41.571063
015459  248.764045  41.571063
015460  249.052970  41.571063
015461  249.341894  41.571063
015462  249.630819  41.571063
015463  249.919743  41.571063
015464  250.208668  41.571063
015465  250.497592  41.571063
015466  250.786517  41.571063
015467  251.075441  41.571063
015468  251.364366  41.571063
015469  251.653291  41.571063
015470  251.942215  41.571063
015471  252.231140  41.571063
015472  252.520064  41.571063
015473  252.808989  41.571063
015474  253.097913  41.571063
015475  253.386838  41.571063
015476  253.675762  41.571063
015477  253.964687  41.571063
015478  254.253612  41.571063
015479  254.542536  41.571063
015480  254.831461  41.571063
015481  255.120385  41.571063
015482  255.409310  41.571063
015483  255.698234  41.571063
015484  255.987159  41.571063
015485  256.276083  41.571063
015486  256.565008  41.571063
015487  256.853933  41.571063
015488  257.142857  41.571063
015489  257.431782  41.571063
015490  257.720706  41.571063
015491  258.009631  41.571063
015492  258.298555  41.571063
015493  258.587480  41.571063
015494  258.876404  41.571063
015495  259.165329  41.571063
015496  259.454254  41.571063
015497  259.743178  41.571063
015498  260.032103  41.571063
015499  260.321027  41.571063
015500  260.609952  41.571063
015501  260.898876  41.571063
015502  261.187801  41.571063
015503  261.476726  41.571063
015504  261.765650  41.571063
015505  262.054575  41.571063
015506  262.343499  41.571063
015507  262.632424  41.571063
015508  262.921348  41.571063
015509  263.210273  41.571063
015510  263.499197  41.571063
015511  263.788122  41.571063
015512  264.077047  41.571063
015513  264.365971  41.571063
015514  264.654896  41.571063
015515  264.943820  41.571063
015516  265.232745  41.571063
015517  265.521669  41.571063
015518  265.810594  41.571063
015519  266.099518  41.571063
015520  266.388443  41.571063
015521  266.677368  41.571063
015522  266.966292  41.571063
015523  267.255217  41.571063
015524  267.544141  41.571063
015525  267.833066  41.571063
015526  268.121990  41.571063
015527  268.410915  41.571063
015528  268.699839  41.571063
015529  268.988764  41.571063
015530  269.277689  41.571063
015531  269.566613  41.571063
015532  269.855538  41.571063
015533  270.144462  41.571063
015534  270.433387  41.571063
015535  270.722311  41.571063
015536  271.011236  41.571063
015537  271.300161  41.571063
015538  271.589085  41.571063
015539  271.878010  41.571063
015540  272.166934  41.571063
015541  272.455859  41.571063
015542  272.744783  41.571063
015543  273.033708  41.571063
015544  273.322632  41.571063
015545  273.611557  41.571063
015546  273.900482  41.571063
015547  274.189406  41.571063
015548  274.478331  41.571063
015549  274.767255  41.571063
015550  275.056180  41.571063
015551  275.345104  41.571063
015552  275.634029  41.571063
015553  275.922953  41.571063
015554  276.211878  41.571063
015555  276.500803  41.571063
015556  276.789727  41.571063
015557  277.078652  41.571063
015558  277.367576  41.571063
015559  277.656501  41.571063
015560  277.945425  41.571063
015561  278.234350  41.571063
015562  278.523274  41.571063
015563  278.812199  41.571063
015564  279.101124  41.571063
015565  279.390048  41.571063
015566  279.678973  41.571063
015567  279.967897  41.571063
015568  280.256822  41.571063
015569  280.545746  41.571063
015570  280.834671  41.571063
015571  281.123596  41.571063
015572  281.412520  41.571063
015573  281.701445  41.571063
015574  281.990369  41.571063
015575  282.279294  41.571063
015576  282.568218  41.571063
015577  282.857143  41.571063
015578  283.146067  41.571063
015579  283.434992  41.571063
015580  283.723917  41.571063
015581  284.012841  41.571063
015582  284.301766  41.571063
015583  284.590690  41.571063
015584  284.879615  41.571063
015585  285.168539  41.571063
015586  285.457464  41.571063
015587  285.746388  41.571063
015588  286.035313  41.571063
015589  286.324238  41.571063
015590  286.613162  41.571063
015591  286.902087  41.571063
015592  287.191011  41.571063
015593  287.479936  41.571063
015594  287.768860  41.571063
015595  288.057785  41.571063
015596  288.346709  41.571063
015597  288.635634  41.571063
015598  288.924559  41.571063
015599  289.213483  41.571063
015600  289.502408  41.571063
015601  289.791332  41.571063
015602  235.652174  41.786900
015603  235.942029  41.786900
015604  236.231884  41.786900
015605  236.521739  41.786900
015606  236.811594  41.786900
015607  237.101449  41.786900
015608  237.391304  41.786900
015609  237.681159  41.786900
015610  237.971014  41.786900
015611  238.260870  41.786900
015612  238.550725  41.786900
015613  238.840580  41.786900
015614  239.130435  41.786900
015615  239.420290  41.786900
015616  239.710145  41.786900
015617  240.000000  41.786900
015618  240.289855  41.786900
015619  240.579710  41.786900
015620  240.869565  41.786900
015621  241.159420  41.786900
015622  241.449275  41.786900
015623  241.739130  41.786900
015624  242.028986  41.786900
015625  242.318841  41.786900
015626  242.608696  41.786900
015627  242.898551  41.786900
015628  243.188406  41.786900
015629  243.478261  41.786900
015630  243.768116  41.786900
015631  244.057971  41.786900
015632  244.347826  41.786900
015633  244.637681  41.786900
015634  244.927536  41.786900
015635  245.217391  41.786900
015636  245.507246  41.786900
015637  245.797101  41.786900
015638  246.086957  41.786900
015639  246.376812  41.786900
015640  246.666667  41.786900
015641  246.956522  41.786900
015642  247.246377  41.786900
015643  247.536232  41.786900
015644  247.826087  41.786900
015645  248.115942  41.786900
015646  248.405797  41.786900
015647  248.695652  41.786900
015648  248.985507  41.786900
015649  249.275362  41.786900
015650  249.565217  41.786900
015651  249.855072  41.786900
015652  250.144928  41.786900
015653  250.434783  41.786900
015654  250.724638  41.786900
015655  251.014493  41.786900
015656  251.304348  41.786900
015657  251.594203  41.786900
015658  251.884058  41.786900
015659  252.173913  41.786900
015660  252.463768  41.786900
015661  252.753623  41.786900
015662  253.043478  41.786900
015663  253.333333  41.786900
015664  253.623188  41.786900
015665  253.913043  41.786900
015666  254.202899  41.786900
015667  254.492754  41.786900
015668  254.782609  41.786900
015669  255.072464  41.786900
015670  255.362319  41.786900
015671  255.652174  41.786900
015672  255.942029  41.786900
015673  256.231884  41.786900
015674  256.521739  41.786900
015675  256.811594  41.786900
015676  257.101449  41.786900
015677  257.391304  41.786900
015678  257.681159  41.786900
015679  257.971014  41.786900
015680  258.260870  41.786900
015681  258.550725  41.786900
015682  258.840580  41.786900
015683  259.130435  41.786900
015684  259.420290  41.786900
015685  259.710145  41.786900
015686  260.000000  41.786900
015687  260.289855  41.786900
015688  260.579710  41.786900
015689  260.869565  41.786900
015690  261.159420  41.786900
015691  261.449275  41.786900
015692  261.739130  41.786900
015693  262.028986  41.786900
015694  262.318841  41.786900
015695  262.608696  41.786900
015696  262.898551  41.786900
015697  263.188406  41.786900
015698  263.478261  41.786900
015699  263.768116  41.786900
015700  264.057971  41.786900
015701  264.347826  41.786900
015702  264.637681  41.786900
015703  264.927536  41.786900
015704  265.217391  41.786900
015705  265.507246  41.786900
015706  265.797101  41.786900
015707  266.086957  41.786900
015708  266.376812  41.786900
015709  266.666667  41.786900
015710  266.956522  41.786900
015711  267.246377  41.786900
015712  267.536232  41.786900
015713  267.826087  41.786900
015714  268.115942  41.786900
015715  268.405797  41.786900
015716  268.695652  41.786900
015717  268.985507  41.786900
015718  269.275362  41.786900
015719  269.565217  41.786900
015720  269.855072  41.786900
015721  270.144928  41.786900
015722  270.434783  41.786900
015723  270.724638  41.786900
015724  271.014493  41.786900
015725  271.304348  41.786900
015726  271.594203  41.786900
015727  271.884058  41.786900
015728  272.173913  41.786900
015729  272.463768  41.786900
015730  272.753623  41.786900
015731  273.043478  41.786900
015732  273.333333  41.786900
015733  273.623188  41.786900
015734  273.913043  41.786900
015735  274.202899  41.786900
015736  274.492754  41.786900
015737  274.782609  41.786900
015738  275.072464  41.786900
015739  275.362319  41.786900
015740  275.652174  41.786900
015741  275.942029  41.786900
015742  276.231884  41.786900
015743  276.521739  41.786900
015744  276.811594  41.786900
015745  277.101449  41.786900
015746  277.391304  41.786900
015747  277.681159  41.786900
015748  277.971014  41.786900
015749  278.260870  41.786900
015750  278.550725  41.786900
015751  278.840580  41.786900
015752  279.130435  41.786900
015753  279.420290  41.786900
015754  279.710145  41.786900
015755  280.000000  41.786900
015756  280.289855  41.786900
015757  280.579710  41.786900
015758  280.869565  41.786900
015759  281.159420  41.786900
015760  281.449275  41.786900
015761  281.739130  41.786900
015762  282.028986  41.786900
015763  282.318841  41.786900
015764  282.608696  41.786900
015765  282.898551  41.786900
015766  283.188406  41.786900
015767  283.478261  41.786900
015768  283.768116  41.786900
015769  284.057971  41.786900
015770  284.347826  41.786900
015771  284.637681  41.786900
015772  284.927536  41.786900
015773  285.217391  41.786900
015774  285.507246  41.786900
015775  285.797101  41.786900
015776  286.086957  41.786900
015777  286.376812  41.786900
015778  286.666667  41.786900
015779  286.956522  41.786900
015780  287.246377  41.786900
015781  287.536232  41.786900
015782  287.826087  41.786900
015783  288.115942  41.786900
015784  288.405797  41.786900
015785  288.695652  41.786900
015786  288.985507  41.786900
015787  289.275362  41.786900
015788  289.565217  41.786900
015789  289.855072  41.786900
015790  290.144928  41.786900
015791  235.541195  42.002738
015792  235.831987  42.002738
015793  236.122779  42.002738
015794  236.413570  42.002738
015795  236.704362  42.002738
015796  236.995153  42.002738
015797  237.285945  42.002738
015798  237.576737  42.002738
015799  237.867528  42.002738
015800  238.158320  42.002738
015801  238.449111  42.002738
015802  238.739903  42.002738
015803  239.030695  42.002738
015804  239.321486  42.002738
015805  239.612278  42.002738
015806  239.903069  42.002738
015807  240.193861  42.002738
015808  240.484653  42.002738
015809  240.775444  42.002738
015810  241.066236  42.002738
015811  241.357027  42.002738
015812  241.647819  42.002738
015813  241.938611  42.002738
015814  242.229402  42.002738
015815  242.520194  42.002738
015816  242.810985  42.002738
015817  243.101777  42.002738
015818  243.392569  42.002738
015819  243.683360  42.002738
015820  243.974152  42.002738
015821  244.264943  42.002738
015822  244.555735  42.002738
015823  244.846527  42.002738
015824  245.137318  42.002738
015825  245.428110  42.002738
015826  245.718901  42.002738
015827  246.009693  42.002738
015828  246.300485  42.002738
015829  246.591276  42.002738
015830  246.882068  42.002738
015831  247.172859  42.002738
015832  247.463651  42.002738
015833  247.754443  42.002738
015834  248.045234  42.002738
015835  248.336026  42.002738
015836  248.626817  42.002738
015837  248.917609  42.002738
015838  249.208401  42.002738
015839  249.499192  42.002738
015840  249.789984  42.002738
015841  250.080775  42.002738
015842  250.371567  42.002738
015843  250.662359  42.002738
015844  250.953150  42.002738
015845  251.243942  42.002738
015846  251.534733  42.002738
015847  251.825525  42.002738
015848  252.116317  42.002738
015849  252.407108  42.002738
015850  252.697900  42.002738
015851  252.988691  42.002738
015852  253.279483  42.002738
015853  253.570275  42.002738
015854  253.861066  42.002738
015855  254.151858  42.002738
015856  254.442649  42.002738
015857  254.733441  42.002738
015858  255.024233  42.002738
015859  255.315024  42.002738
015860  255.605816  42.002738
015861  255.896607  42.002738
015862  256.187399  42.002738
015863  256.478191  42.002738
015864  256.768982  42.002738
015865  257.059774  42.002738
015866  257.350565  42.002738
015867  257.641357  42.002738
015868  257.932149  42.002738
015869  258.222940  42.002738
015870  258.513732  42.002738
015871  258.804523  42.002738
015872  259.095315  42.002738
015873  259.386107  42.002738
015874  259.676898  42.002738
015875  259.967690  42.002738
015876  260.258481  42.002738
015877  260.549273  42.002738
015878  260.840065  42.002738
015879  261.130856  42.002738
015880  261.421648  42.002738
015881  261.712439  42.002738
015882  262.003231  42.002738
015883  262.294023  42.002738
015884  262.584814  42.002738
015885  262.875606  42.002738
015886  263.166397  42.002738
015887  263.457189  42.002738
015888  263.747981  42.002738
015889  264.038772  42.002738
015890  264.329564  42.002738
015891  264.620355  42.002738
015892  264.911147  42.002738
015893  265.201939  42.002738
015894  265.492730  42.002738
015895  265.783522  42.002738
015896  266.074313  42.002738
015897  266.365105  42.002738
015898  266.655897  42.002738
015899  266.946688  42.002738
015900  267.237480  42.002738
015901  267.528271  42.002738
015902  267.819063  42.002738
015903  268.109855  42.002738
015904  268.400646  42.002738
015905  268.691438  42.002738
015906  268.982229  42.002738
015907  269.273021  42.002738
015908  269.563813  42.002738
015909  269.854604  42.002738
015910  270.145396  42.002738
015911  270.436187  42.002738
015912  270.726979  42.002738
015913  271.017771  42.002738
015914  271.308562  42.002738
015915  271.599354  42.002738
015916  271.890145  42.002738
015917  272.180937  42.002738
015918  272.471729  42.002738
015919  272.762520  42.002738
015920  273.053312  42.002738
015921  273.344103  42.002738
015922  273.634895  42.002738
015923  273.925687  42.002738
015924  274.216478  42.002738
015925  274.507270  42.002738
015926  274.798061  42.002738
015927  275.088853  42.002738
015928  275.379645  42.002738
015929  275.670436  42.002738
015930  275.961228  42.002738
015931  276.252019  42.002738
015932  276.542811  42.002738
015933  276.833603  42.002738
015934  277.124394  42.002738
015935  277.415186  42.002738
015936  277.705977  42.002738
015937  277.996769  42.002738
015938  278.287561  42.002738
015939  278.578352  42.002738
015940  278.869144  42.002738
015941  279.159935  42.002738
015942  279.450727  42.002738
015943  279.741519  42.002738
015944  280.032310  42.002738
015945  280.323102  42.002738
015946  280.613893  42.002738
015947  280.904685  42.002738
015948  281.195477  42.002738
015949  281.486268  42.002738
015950  281.777060  42.002738
015951  282.067851  42.002738
015952  282.358643  42.002738
015953  282.649435  42.002738
015954  282.940226  42.002738
015955  283.231018  42.002738
015956  283.521809  42.002738
015957  283.812601  42.002738
015958  284.103393  42.002738
015959  284.394184  42.002738
015960  284.684976  42.002738
015961  284.975767  42.002738
015962  285.266559  42.002738
015963  285.557351  42.002738
015964  285.848142  42.002738
015965  286.138934  42.002738
015966  286.429725  42.002738
015967  286.720517  42.002738
015968  287.011309  42.002738
015969  287.302100  42.002738
015970  287.592892  42.002738
015971  287.883683  42.002738
015972  288.174475  42.002738
015973  288.465267  42.002738
015974  288.756058  42.002738
015975  289.046850  42.002738
015976  289.337641  42.002738
015977  289.628433  42.002738
015978  289.919225  42.002738
015979  290.210016  42.002738
015980  235.429498  42.218575
015981  235.721232  42.218575
015982  236.012966  42.218575
015983  236.304700  42.218575
015984  236.596434  42.218575
015985  236.888169  42.218575
015986  237.179903  42.218575
015987  237.471637  42.218575
015988  237.763371  42.218575
015989  238.055105  42.218575
015990  238.346840  42.218575
015991  238.638574  42.218575
015992  238.930308  42.218575
015993  239.222042  42.218575
015994  239.513776  42.218575
015995  239.805511  42.218575
015996  240.097245  42.218575
015997  240.388979  42.218575
015998  240.680713  42.218575
015999  240.972447  42.218575
016000  241.264182  42.218575
016001  241.555916  42.218575
016002  241.847650  42.218575
016003  242.139384  42.218575
016004  242.431118  42.218575
016005  242.722853  42.218575
016006  243.014587  42.218575
016007  243.306321  42.218575
016008  243.598055  42.218575
016009  243.889789  42.218575
016010  244.181524  42.218575
016011  244.473258  42.218575
016012  244.764992  42.218575
016013  245.056726  42.218575
016014  245.348460  42.218575
016015  245.640194  42.218575
016016  245.931929  42.218575
016017  246.223663  42.218575
016018  246.515397  42.218575
016019  246.807131  42.218575
016020  247.098865  42.218575
016021  247.390600  42.218575
016022  247.682334  42.218575
016023  247.974068  42.218575
016024  248.265802  42.218575
016025  248.557536  42.218575
016026  248.849271  42.218575
016027  249.141005  42.218575
016028  249.432739  42.218575
016029  249.724473  42.218575
016030  250.016207  42.218575
016031  250.307942  42.218575
016032  250.599676  42.218575
016033  250.891410  42.218575
016034  251.183144  42.218575
016035  251.474878  42.218575
016036  251.766613  42.218575
016037  252.058347  42.218575
016038  252.350081  42.218575
016039  252.641815  42.218575
016040  252.933549  42.218575
016041  253.225284  42.218575
016042  253.517018  42.218575
016043  253.808752  42.218575
016044  254.100486  42.218575
016045  254.392220  42.218575
016046  254.683955  42.218575
016047  254.975689  42.218575
016048  255.267423  42.218575
016049  255.559157  42.218575
016050  255.850891  42.218575
016051  256.142626  42.218575
016052  256.434360  42.218575
016053  256.726094  42.218575
016054  257.017828  42.218575
016055  257.309562  42.218575
016056  257.601297  42.218575
016057  257.893031  42.218575
016058  258.184765  42.218575
016059  258.476499  42.218575
016060  258.768233  42.218575
016061  259.059968  42.218575
016062  259.351702  42.218575
016063  259.643436  42.218575
016064  259.935170  42.218575
016065  260.226904  42.218575
016066  260.518639  42.218575
016067  260.810373  42.218575
016068  261.102107  42.218575
016069  261.393841  42.218575
016070  261.685575  42.218575
016071  261.977310  42.218575
016072  262.269044  42.218575
016073  262.560778  42.218575
016074  262.852512  42.218575
016075  263.144246  42.218575
016076  263.435981  42.218575
016077  263.727715  42.218575
016078  264.019449  42.218575
016079  264.311183  42.218575
016080  264.602917  42.218575
016081  264.894652  42.218575
016082  265.186386  42.218575
016083  265.478120  42.218575
016084  265.769854  42.218575
016085  266.061588  42.218575
016086  266.353323  42.218575
016087  266.645057  42.218575
016088  266.936791  42.218575
016089  267.228525  42.218575
016090  267.520259  42.218575
016091  267.811994  42.218575
016092  268.103728  42.218575
016093  268.395462  42.218575
016094  268.687196  42.218575
016095  268.978930  42.218575
016096  269.270665  42.218575
016097  269.562399  42.218575
016098  269.854133  42.218575
016099  270.145867  42.218575
016100  270.437601  42.218575
016101  270.729335  42.218575
016102  271.021070  42.218575
016103  271.312804  42.218575
016104  271.604538  42.218575
016105  271.896272  42.218575
016106  272.188006  42.218575
016107  272.479741  42.218575
016108  272.771475  42.218575
016109  273.063209  42.218575
016110  273.354943  42.218575
016111  273.646677  42.218575
016112  273.938412  42.218575
016113  274.230146  42.218575
016114  274.521880  42.218575
016115  274.813614  42.218575
016116  275.105348  42.218575
016117  275.397083  42.218575
016118  275.688817  42.218575
016119  275.980551  42.218575
016120  276.272285  42.218575
016121  276.564019  42.218575
016122  276.855754  42.218575
016123  277.147488  42.218575
016124  277.439222  42.218575
016125  277.730956  42.218575
016126  278.022690  42.218575
016127  278.314425  42.218575
016128  278.606159  42.218575
016129  278.897893  42.218575
016130  279.189627  42.218575
016131  279.481361  42.218575
016132  279.773096  42.218575
016133  280.064830  42.218575
016134  280.356564  42.218575
016135  280.648298  42.218575
016136  280.940032  42.218575
016137  281.231767  42.218575
016138  281.523501  42.218575
016139  281.815235  42.218575
016140  282.106969  42.218575
016141  282.398703  42.218575
016142  282.690438  42.218575
016143  282.982172  42.218575
016144  283.273906  42.218575
016145  283.565640  42.218575
016146  283.857374  42.218575
016147  284.149109  42.218575
016148  284.440843  42.218575
016149  284.732577  42.218575
016150  285.024311  42.218575
016151  285.316045  42.218575
016152  285.607780  42.218575
016153  285.899514  42.218575
016154  286.191248  42.218575
016155  286.482982  42.218575
016156  286.774716  42.218575
016157  287.066451  42.218575
016158  287.358185  42.218575
016159  287.649919  42.218575
016160  287.941653  42.218575
016161  288.233387  42.218575
016162  288.525122  42.218575
016163  288.816856  42.218575
016164  289.108590  42.218575
016165  289.400324  42.218575
016166  289.692058  42.218575
016167  289.983793  42.218575
016168  235.317073  42.434412
016169  235.609756  42.434412
016170  235.902439  42.434412
016171  236.195122  42.434412
016172  236.487805  42.434412
016173  236.780488  42.434412
016174  237.073171  42.434412
016175  237.365854  42.434412
016176  237.658537  42.434412
016177  237.951220  42.434412
016178  238.243902  42.434412
016179  238.536585  42.434412
016180  238.829268  42.434412
016181  239.121951  42.434412
016182  239.414634  42.434412
016183  239.707317  42.434412
016184  240.000000  42.434412
016185  240.292683  42.434412
016186  240.585366  42.434412
016187  240.878049  42.434412
016188  241.170732  42.434412
016189  241.463415  42.434412
016190  241.756098  42.434412
016191  242.048780  42.434412
016192  242.341463  42.434412
016193  242.634146  42.434412
016194  242.926829  42.434412
016195  243.219512  42.434412
016196  243.512195  42.434412
016197  243.804878  42.434412
016198  244.097561  42.434412
016199  244.390244  42.434412
016200  244.682927  42.434412
016201  244.975610  42.434412
016202  245.268293  42.434412
016203  245.560976  42.434412
016204  245.853659  42.434412
016205  246.146341  42.434412
016206  246.439024  42.434412
016207  246.731707  42.434412
016208  247.024390  42.434412
016209  247.317073  42.434412
016210  247.609756  42.434412
016211  247.902439  42.434412
016212  248.195122  42.434412
016213  248.487805  42.434412
016214  248.780488  42.434412
016215  249.073171  42.434412
016216  249.365854  42.434412
016217  249.658537  42.434412
016218  249.951220  42.434412
016219  250.243902  42.434412
016220  250.536585  42.434412
016221  250.829268  42.434412
016222  251.121951  42.434412
016223  251.414634  42.434412
016224  251.707317  42.434412
016225  252.000000  42.434412
016226  252.292683  42.434412
016227  252.585366  42.434412
016228  252.878049  42.434412
016229  253.170732  42.434412
016230  253.463415  42.434412
016231  253.756098  42.434412
016232  254.048780  42.434412
016233  254.341463  42.434412
016234  254.634146  42.434412
016235  254.926829  42.434412
016236  255.219512  42.434412
016237  255.512195  42.434412
016238  255.804878  42.434412
016239  256.097561  42.434412
016240  256.390244  42.434412
016241  256.682927  42.434412
016242  256.975610  42.434412
016243  257.268293  42.434412
016244  257.560976  42.434412
016245  257.853659  42.434412
016246  258.146341  42.434412
016247  258.439024  42.434412
016248  258.731707  42.434412
016249  259.024390  42.434412
016250  259.317073  42.434412
016251  259.609756  42.434412
016252  259.902439  42.434412
016253  260.195122  42.434412
016254  260.487805  42.434412
016255  260.780488  42.434412
016256  261.073171  42.434412
016257  261.365854  42.434412
016258  261.658537  42.434412
016259  261.951220  42.434412
016260  262.243902  42.434412
016261  262.536585  42.434412
016262  262.829268  42.434412
016263  263.121951  42.434412
016264  263.414634  42.434412
016265  263.707317  42.434412
016266  264.000000  42.434412
016267  264.292683  42.434412
016268  264.585366  42.434412
016269  264.878049  42.434412
016270  265.170732  42.434412
016271  265.463415  42.434412
016272  265.756098  42.434412
016273  266.048780  42.434412
016274  266.341463  42.434412
016275  266.634146  42.434412
016276  266.926829  42.434412
016277  267.219512  42.434412
016278  267.512195  42.434412
016279  267.804878  42.434412
016280  268.097561  42.434412
016281  268.390244  42.434412
016282  268.682927  42.434412
016283  268.975610  42.434412
016284  269.268293  42.434412
016285  269.560976  42.434412
016286  269.853659  42.434412
016287  270.146341  42.434412
016288  270.439024  42.434412
016289  270.731707  42.434412
016290  271.024390  42.434412
016291  271.317073  42.434412
016292  271.609756  42.434412
016293  271.902439  42.434412
016294  272.195122  42.434412
016295  272.487805  42.434412
016296  272.780488  42.434412
016297  273.073171  42.434412
016298  273.365854  42.434412
016299  273.658537  42.434412
016300  273.951220  42.434412
016301  274.243902  42.434412
016302  274.536585  42.434412
016303  274.829268  42.434412
016304  275.121951  42.434412
016305  275.414634  42.434412
016306  275.707317  42.434412
016307  276.000000  42.434412
016308  276.292683  42.434412
016309  276.585366  42.434412
016310  276.878049  42.434412
016311  277.170732  42.434412
016312  277.463415  42.434412
016313  277.756098  42.434412
016314  278.048780  42.434412
016315  278.341463  42.434412
016316  278.634146  42.434412
016317  278.926829  42.434412
016318  279.219512  42.434412
016319  279.512195  42.434412
016320  279.804878  42.434412
016321  280.097561  42.434412
016322  280.390244  42.434412
016323  280.682927  42.434412
016324  280.975610  42.434412
016325  281.268293  42.434412
016326  281.560976  42.434412
016327  281.853659  42.434412
016328  282.146341  42.434412
016329  282.439024  42.434412
016330  282.731707  42.434412
016331  283.024390  42.434412
016332  283.317073  42.434412
016333  283.609756  42.434412
016334  283.902439  42.434412
016335  284.195122  42.434412
016336  284.487805  42.434412
016337  284.780488  42.434412
016338  285.073171  42.434412
016339  285.365854  42.434412
016340  285.658537  42.434412
016341  285.951220  42.434412
016342  286.243902  42.434412
016343  286.536585  42.434412
016344  286.829268  42.434412
016345  287.121951  42.434412
016346  287.414634  42.434412
016347  287.707317  42.434412
016348  288.000000  42.434412
016349  288.292683  42.434412
016350  288.585366  42.434412
016351  288.878049  42.434412
016352  289.170732  42.434412
016353  289.463415  42.434412
016354  235.395918  42.650249
016355  235.689796  42.650249
016356  235.983673  42.650249
016357  236.277551  42.650249
016358  236.571429  42.650249
016359  236.865306  42.650249
016360  237.159184  42.650249
016361  237.453061  42.650249
016362  237.746939  42.650249
016363  238.040816  42.650249
016364  238.334694  42.650249
016365  238.628571  42.650249
016366  238.922449  42.650249
016367  239.216327  42.650249
016368  239.510204  42.650249
016369  239.804082  42.650249
016370  240.097959  42.650249
016371  240.391837  42.650249
016372  240.685714  42.650249
016373  240.979592  42.650249
016374  241.273469  42.650249
016375  241.567347  42.650249
016376  241.861224  42.650249
016377  242.155102  42.650249
016378  242.448980  42.650249
016379  242.742857  42.650249
016380  243.036735  42.650249
016381  243.330612  42.650249
016382  243.624490  42.650249
016383  243.918367  42.650249
016384  244.212245  42.650249
016385  244.506122  42.650249
016386  244.800000  42.650249
016387  245.093878  42.650249
016388  245.387755  42.650249
016389  245.681633  42.650249
016390  245.975510  42.650249
016391  246.269388  42.650249
016392  246.563265  42.650249
016393  246.857143  42.650249
016394  247.151020  42.650249
016395  247.444898  42.650249
016396  247.738776  42.650249
016397  248.032653  42.650249
016398  248.326531  42.650249
016399  248.620408  42.650249
016400  248.914286  42.650249
016401  249.208163  42.650249
016402  249.502041  42.650249
016403  249.795918  42.650249
016404  250.089796  42.650249
016405  250.383673  42.650249
016406  250.677551  42.650249
016407  250.971429  42.650249
016408  251.265306  42.650249
016409  251.559184  42.650249
016410  251.853061  42.650249
016411  252.146939  42.650249
016412  252.440816  42.650249
016413  252.734694  42.650249
016414  253.028571  42.650249
016415  253.322449  42.650249
016416  253.616327  42.650249
016417  253.910204  42.650249
016418  254.204082  42.650249
016419  254.497959  42.650249
016420  254.791837  42.650249
016421  255.085714  42.650249
016422  255.379592  42.650249
016423  255.673469  42.650249
016424  255.967347  42.650249
016425  256.261224  42.650249
016426  256.555102  42.650249
016427  256.848980  42.650249
016428  257.142857  42.650249
016429  257.436735  42.650249
016430  257.730612  42.650249
016431  258.024490  42.650249
016432  258.318367  42.650249
016433  258.612245  42.650249
016434  258.906122  42.650249
016435  259.200000  42.650249
016436  259.493878  42.650249
016437  259.787755  42.650249
016438  260.081633  42.650249
016439  260.375510  42.650249
016440  260.669388  42.650249
016441  260.963265  42.650249
016442  261.257143  42.650249
016443  261.551020  42.650249
016444  261.844898  42.650249
016445  262.138776  42.650249
016446  262.432653  42.650249
016447  262.726531  42.650249
016448  263.020408  42.650249
016449  263.314286  42.650249
016450  263.608163  42.650249
016451  263.902041  42.650249
016452  264.195918  42.650249
016453  264.489796  42.650249
016454  264.783673  42.650249
016455  265.077551  42.650249
016456  265.371429  42.650249
016457  265.665306  42.650249
016458  265.959184  42.650249
016459  266.253061  42.650249
016460  266.546939  42.650249
016461  266.840816  42.650249
016462  267.134694  42.650249
016463  267.428571  42.650249
016464  267.722449  42.650249
016465  268.016327  42.650249
016466  268.310204  42.650249
016467  268.604082  42.650249
016468  268.897959  42.650249
016469  269.191837  42.650249
016470  269.485714  42.650249
016471  269.779592  42.650249
016472  270.073469  42.650249
016473  270.367347  42.650249
016474  270.661224  42.650249
016475  270.955102  42.650249
016476  271.248980  42.650249
016477  271.542857  42.650249
016478  271.836735  42.650249
016479  272.130612  42.650249
016480  272.424490  42.650249
016481  272.718367  42.650249
016482  273.012245  42.650249
016483  273.306122  42.650249
016484  273.600000  42.650249
016485  273.893878  42.650249
016486  274.187755  42.650249
016487  274.481633  42.650249
016488  274.775510  42.650249
016489  275.069388  42.650249
016490  275.363265  42.650249
016491  275.657143  42.650249
016492  275.951020  42.650249
016493  276.244898  42.650249
016494  276.538776  42.650249
016495  276.832653  42.650249
016496  277.126531  42.650249
016497  277.420408  42.650249
016498  277.714286  42.650249
016499  278.008163  42.650249
016500  278.302041  42.650249
016501  278.595918  42.650249
016502  278.889796  42.650249
016503  279.183673  42.650249
016504  279.477551  42.650249
016505  279.771429  42.650249
016506  280.065306  42.650249
016507  280.359184  42.650249
016508  280.653061  42.650249
016509  280.946939  42.650249
016510  281.240816  42.650249
016511  281.534694  42.650249
016512  281.828571  42.650249
016513  282.122449  42.650249
016514  282.416327  42.650249
016515  282.710204  42.650249
016516  283.004082  42.650249
016517  283.297959  42.650249
016518  283.591837  42.650249
016519  283.885714  42.650249
016520  284.179592  42.650249
016521  284.473469  42.650249
016522  284.767347  42.650249
016523  285.061224  42.650249
016524  285.355102  42.650249
016525  285.648980  42.650249
016526  285.942857  42.650249
016527  286.236735  42.650249
016528  286.530612  42.650249
016529  286.824490  42.650249
016530  287.118367  42.650249
016531  287.412245  42.650249
016532  287.706122  42.650249
016533  288.000000  42.650249
016534  288.293878  42.650249
016535  288.587755  42.650249
016536  288.881633  42.650249
016537  289.175510  42.650249
016538  289.469388  42.650249
016539  235.282555  42.866086
016540  235.577396  42.866086
016541  235.872236  42.866086
016542  236.167076  42.866086
016543  236.461916  42.866086
016544  236.756757  42.866086
016545  237.051597  42.866086
016546  237.346437  42.866086
016547  237.641278  42.866086
016548  237.936118  42.866086
016549  238.230958  42.866086
016550  238.525799  42.866086
016551  238.820639  42.866086
016552  239.115479  42.866086
016553  239.410319  42.866086
016554  239.705160  42.866086
016555  240.000000  42.866086
016556  240.294840  42.866086
016557  240.589681  42.866086
016558  240.884521  42.866086
016559  241.179361  42.866086
016560  241.474201  42.866086
016561  241.769042  42.866086
016562  242.063882  42.866086
016563  242.358722  42.866086
016564  242.653563  42.866086
016565  242.948403  42.866086
016566  243.243243  42.866086
016567  243.538084  42.866086
016568  243.832924  42.866086
016569  244.127764  42.866086
016570  244.422604  42.866086
016571  244.717445  42.866086
016572  245.012285  42.866086
016573  245.307125  42.866086
016574  245.601966  42.866086
016575  245.896806  42.866086
016576  246.191646  42.866086
016577  246.486486  42.866086
016578  246.781327  42.866086
016579  247.076167  42.866086
016580  247.371007  42.866086
016581  247.665848  42.866086
016582  247.960688  42.866086
016583  248.255528  42.866086
016584  248.550369  42.866086
016585  248.845209  42.866086
016586  249.140049  42.866086
016587  249.434889  42.866086
016588  249.729730  42.866086
016589  250.024570  42.866086
016590  250.319410  42.866086
016591  250.614251  42.866086
016592  250.909091  42.866086
016593  251.203931  42.866086
016594  251.498771  42.866086
016595  251.793612  42.866086
016596  252.088452  42.866086
016597  252.383292  42.866086
016598  252.678133  42.866086
016599  252.972973  42.866086
016600  253.267813  42.866086
016601  253.562654  42.866086
016602  253.857494  42.866086
016603  254.152334  42.866086
016604  254.447174  42.866086
016605  254.742015  42.866086
016606  255.036855  42.866086
016607  255.331695  42.866086
016608  255.626536  42.866086
016609  255.921376  42.866086
016610  256.216216  42.866086
016611  256.511057  42.866086
016612  256.805897  42.866086
016613  257.100737  42.866086
016614  257.395577  42.866086
016615  257.690418  42.866086
016616  257.985258  42.866086
016617  258.280098  42.866086
016618  258.574939  42.866086
016619  258.869779  42.866086
016620  259.164619  42.866086
016621  259.459459  42.866086
016622  259.754300  42.866086
016623  260.049140  42.866086
016624  260.343980  42.866086
016625  260.638821  42.866086
016626  260.933661  42.866086
016627  261.228501  42.866086
016628  261.523342  42.866086
016629  261.818182  42.866086
016630  262.113022  42.866086
016631  262.407862  42.866086
016632  262.702703  42.866086
016633  262.997543  42.866086
016634  263.292383  42.866086
016635  263.587224  42.866086
016636  263.882064  42.866086
016637  264.176904  42.866086
016638  264.471744  42.866086
016639  264.766585  42.866086
016640  265.061425  42.866086
016641  265.356265  42.866086
016642  265.651106  42.866086
016643  265.945946  42.866086
016644  266.240786  42.866086
016645  266.535627  42.866086
016646  266.830467  42.866086
016647  267.125307  42.866086
016648  267.420147  42.866086
016649  267.714988  42.866086
016650  268.009828  42.866086
016651  268.304668  42.866086
016652  268.599509  42.866086
016653  268.894349  42.866086
016654  269.189189  42.866086
016655  269.484029  42.866086
016656  269.778870  42.866086
016657  270.073710  42.866086
016658  270.368550  42.866086
016659  270.663391  42.866086
016660  270.958231  42.866086
016661  271.253071  42.866086
016662  271.547912  42.866086
016663  271.842752  42.866086
016664  272.137592  42.866086
016665  272.432432  42.866086
016666  272.727273  42.866086
016667  273.022113  42.866086
016668  273.316953  42.866086
016669  273.611794  42.866086
016670  273.906634  42.866086
016671  274.201474  42.866086
016672  274.496314  42.866086
016673  274.791155  42.866086
016674  275.085995  42.866086
016675  275.380835  42.866086
016676  275.675676  42.866086
016677  275.970516  42.866086
016678  276.265356  42.866086
016679  276.560197  42.866086
016680  276.855037  42.866086
016681  277.149877  42.866086
016682  277.444717  42.866086
016683  277.739558  42.866086
016684  278.034398  42.866086
016685  278.329238  42.866086
016686  278.624079  42.866086
016687  278.918919  42.866086
016688  279.213759  42.866086
016689  279.508600  42.866086
016690  279.803440  42.866086
016691  280.098280  42.866086
016692  280.393120  42.866086
016693  280.687961  42.866086
016694  280.982801  42.866086
016695  281.277641  42.866086
016696  281.572482  42.866086
016697  281.867322  42.866086
016698  282.162162  42.866086
016699  282.457002  42.866086
016700  282.751843  42.866086
016701  283.046683  42.866086
016702  283.341523  42.866086
016703  283.636364  42.866086
016704  283.931204  42.866086
016705  284.226044  42.866086
016706  284.520885  42.866086
016707  284.815725  42.866086
016708  285.110565  42.866086
016709  285.405405  42.866086
016710  285.700246  42.866086
016711  285.995086  42.866086
016712  286.289926  42.866086
016713  286.584767  42.866086
016714  286.879607  42.866086
016715  287.174447  42.866086
016716  287.469287  42.866086
016717  287.764128  42.866086
016718  288.058968  42.866086
016719  288.353808  42.866086
016720  288.648649  42.866086
016721  288.943489  42.866086
016722  289.238329  42.866086
016723  235.464256  43.081923
016724  235.760066  43.081923
016725  236.055875  43.081923
016726  236.351684  43.081923
016727  236.647494  43.081923
016728  236.943303  43.081923
016729  237.239113  43.081923
016730  237.534922  43.081923
016731  237.830731  43.081923
016732  238.126541  43.081923
016733  238.422350  43.081923
016734  238.718159  43.081923
016735  239.013969  43.081923
016736  239.309778  43.081923
016737  239.605588  43.081923
016738  239.901397  43.081923
016739  240.197206  43.081923
016740  240.493016  43.081923
016741  240.788825  43.081923
016742  241.084634  43.081923
016743  241.380444  43.081923
016744  241.676253  43.081923
016745  241.972062  43.081923
016746  242.267872  43.081923
016747  242.563681  43.081923
016748  242.859491  43.081923
016749  243.155300  43.081923
016750  243.451109  43.081923
016751  243.746919  43.081923
016752  244.042728  43.081923
016753  244.338537  43.081923
016754  244.634347  43.081923
016755  244.930156  43.081923
016756  245.225965  43.081923
016757  245.521775  43.081923
016758  245.817584  43.081923
016759  246.113394  43.081923
016760  246.409203  43.081923
016761  246.705012  43.081923
016762  247.000822  43.081923
016763  247.296631  43.081923
016764  247.592440  43.081923
016765  247.888250  43.081923
016766  248.184059  43.081923
016767  248.479869  43.081923
016768  248.775678  43.081923
016769  249.071487  43.081923
016770  249.367297  43.081923
016771  249.663106  43.081923
016772  249.958915  43.081923
016773  250.254725  43.081923
016774  250.550534  43.081923
016775  250.846343  43.081923
016776  251.142153  43.081923
016777  251.437962  43.081923
016778  251.733772  43.081923
016779  252.029581  43.081923
016780  252.325390  43.081923
016781  252.621200  43.081923
016782  252.917009  43.081923
016783  253.212818  43.081923
016784  253.508628  43.081923
016785  253.804437  43.081923
016786  254.100247  43.081923
016787  254.396056  43.081923
016788  254.691865  43.081923
016789  254.987675  43.081923
016790  255.283484  43.081923
016791  255.579293  43.081923
016792  255.875103  43.081923
016793  256.170912  43.081923
016794  256.466721  43.081923
016795  256.762531  43.081923
016796  257.058340  43.081923
016797  257.354150  43.081923
016798  257.649959  43.081923
016799  257.945768  43.081923
016800  258.241578  43.081923
016801  258.537387  43.081923
016802  258.833196  43.081923
016803  259.129006  43.081923
016804  259.424815  43.081923
016805  259.720624  43.081923
016806  260.016434  43.081923
016807  260.312243  43.081923
016808  260.608053  43.081923
016809  260.903862  43.081923
016810  261.199671  43.081923
016811  261.495481  43.081923
016812  261.791290  43.081923
016813  262.087099  43.081923
016814  262.382909  43.081923
016815  262.678718  43.081923
016816  262.974528  43.081923
016817  263.270337  43.081923
016818  263.566146  43.081923
016819  263.861956  43.081923
016820  264.157765  43.081923
016821  264.453574  43.081923
016822  264.749384  43.081923
016823  265.045193  43.081923
016824  265.341002  43.081923
016825  265.636812  43.081923
016826  265.932621  43.081923
016827  266.228431  43.081923
016828  266.524240  43.081923
016829  266.820049  43.081923
016830  267.115859  43.081923
016831  267.411668  43.081923
016832  267.707477  43.081923
016833  268.003287  43.081923
016834  268.299096  43.081923
016835  268.594906  43.081923
016836  268.890715  43.081923
016837  269.186524  43.081923
016838  269.482334  43.081923
016839  269.778143  43.081923
016840  270.073952  43.081923
016841  270.369762  43.081923
016842  270.665571  43.081923
016843  270.961380  43.081923
016844  271.257190  43.081923
016845  271.552999  43.081923
016846  271.848809  43.081923
016847  272.144618  43.081923
016848  272.440427  43.081923
016849  272.736237  43.081923
016850  273.032046  43.081923
016851  273.327855  43.081923
016852  273.623665  43.081923
016853  273.919474  43.081923
016854  274.215283  43.081923
016855  274.511093  43.081923
016856  274.806902  43.081923
016857  275.102712  43.081923
016858  275.398521  43.081923
016859  275.694330  43.081923
016860  275.990140  43.081923
016861  276.285949  43.081923
016862  276.581758  43.081923
016863  276.877568  43.081923
016864  277.173377  43.081923
016865  277.469187  43.081923
016866  277.764996  43.081923
016867  278.060805  43.081923
016868  278.356615  43.081923
016869  278.652424  43.081923
016870  278.948233  43.081923
016871  279.244043  43.081923
016872  279.539852  43.081923
016873  279.835661  43.081923
016874  280.131471  43.081923
016875  280.427280  43.081923
016876  280.723090  43.081923
016877  281.018899  43.081923
016878  281.314708  43.081923
016879  281.610518  43.081923
016880  281.906327  43.081923
016881  282.202136  43.081923
016882  282.497946  43.081923
016883  282.793755  43.081923
016884  283.089565  43.081923
016885  283.385374  43.081923
016886  283.681183  43.081923
016887  283.976993  43.081923
016888  284.272802  43.081923
016889  284.568611  43.081923
016890  284.864421  43.081923
016891  285.160230  43.081923
016892  285.456039  43.081923
016893  285.751849  43.081923
016894  286.047658  43.081923
016895  286.343468  43.081923
016896  286.639277  43.081923
016897  286.935086  43.081923
016898  287.230896  43.081923
016899  287.526705  43.081923
016900  287.822514  43.081923
016901  288.118324  43.081923
016902  288.414133  43.081923
016903  288.709942  43.081923
016904  289.005752  43.081923
016905  289.301561  43.081923
016906  289.597371  43.081923
016907  235.544554  43.297761
016908  235.841584  43.297761
016909  236.138614  43.297761
016910  236.435644  43.297761
016911  236.732673  43.297761
016912  237.029703  43.297761
016913  237.326733  43.297761
016914  237.623762  43.297761
016915  237.920792  43.297761
016916  238.217822  43.297761
016917  238.514851  43.297761
016918  238.811881  43.297761
016919  239.108911  43.297761
016920  239.405941  43.297761
016921  239.702970  43.297761
016922  240.000000  43.297761
016923  240.297030  43.297761
016924  240.594059  43.297761
016925  240.891089  43.297761
016926  241.188119  43.297761
016927  241.485149  43.297761
016928  241.782178  43.297761
016929  242.079208  43.297761
016930  242.376238  43.297761
016931  242.673267  43.297761
016932  242.970297  43.297761
016933  243.267327  43.297761
016934  243.564356  43.297761
016935  243.861386  43.297761
016936  244.158416  43.297761
016937  244.455446  43.297761
016938  244.752475  43.297761
016939  245.049505  43.297761
016940  245.346535  43.297761
016941  245.643564  43.297761
016942  245.940594  43.297761
016943  246.237624  43.297761
016944  246.534653  43.297761
016945  246.831683  43.297761
016946  247.128713  43.297761
016947  247.425743  43.297761
016948  247.722772  43.297761
016949  248.019802  43.297761
016950  248.316832  43.297761
016951  248.613861  43.297761
016952  248.910891  43.297761
016953  249.207921  43.297761
016954  249.504950  43.297761
016955  249.801980  43.297761
016956  250.099010  43.297761
016957  250.396040  43.297761
016958  250.693069  43.297761
016959  250.990099  43.297761
016960  251.287129  43.297761
016961  251.584158  43.297761
016962  251.881188  43.297761
016963  252.178218  43.297761
016964  252.475248  43.297761
016965  252.772277  43.297761
016966  253.069307  43.297761
016967  253.366337  43.297761
016968  253.663366  43.297761
016969  253.960396  43.297761
016970  254.257426  43.297761
016971  254.554455  43.297761
016972  254.851485  43.297761
016973  255.148515  43.297761
016974  255.445545  43.297761
016975  255.742574  43.297761
016976  256.039604  43.297761
016977  256.336634  43.297761
016978  256.633663  43.297761
016979  256.930693  43.297761
016980  257.227723  43.297761
016981  257.524752  43.297761
016982  257.821782  43.297761
016983  258.118812  43.297761
016984  258.415842  43.297761
016985  258.712871  43.297761
016986  259.009901  43.297761
016987  259.306931  43.297761
016988  259.603960  43.297761
016989  259.900990  43.297761
016990  260.198020  43.297761
016991  260.495050  43.297761
016992  260.792079  43.297761
016993  261.089109  43.297761
016994  261.386139  43.297761
016995  261.683168  43.297761
016996  261.980198  43.297761
016997  262.277228  43.297761
016998  262.574257  43.297761
016999  262.871287  43.297761
017000  263.168317  43.297761
017001  263.465347  43.297761
017002  263.762376  43.297761
017003  264.059406  43.297761
017004  264.356436  43.297761
017005  264.653465  43.297761
017006  264.950495  43.297761
017007  265.247525  43.297761
017008  265.544554  43.297761
017009  265.841584  43.297761
017010  266.138614  43.297761
017011  266.435644  43.297761
017012  266.732673  43.297761
017013  267.029703  43.297761
017014  267.326733  43.297761
017015  267.623762  43.297761
017016  267.920792  43.297761
017017  268.217822  43.297761
017018  268.514851  43.297761
017019  268.811881  43.297761
017020  269.108911  43.297761
017021  269.405941  43.297761
017022  269.702970  43.297761
017023  270.000000  43.297761
017024  270.297030  43.297761
017025  270.594059  43.297761
017026  270.891089  43.297761
017027  271.188119  43.297761
017028  271.485149  43.297761
017029  271.782178  43.297761
017030  272.079208  43.297761
017031  272.376238  43.297761
017032  272.673267  43.297761
017033  272.970297  43.297761
017034  273.267327  43.297761
017035  273.564356  43.297761
017036  273.861386  43.297761
017037  274.158416  43.297761
017038  274.455446  43.297761
017039  274.752475  43.297761
017040  275.049505  43.297761
017041  275.346535  43.297761
017042  275.643564  43.297761
017043  275.940594  43.297761
017044  276.237624  43.297761
017045  276.534653  43.297761
017046  276.831683  43.297761
017047  277.128713  43.297761
017048  277.425743  43.297761
017049  277.722772  43.297761
017050  278.019802  43.297761
017051  278.316832  43.297761
017052  278.613861  43.297761
017053  278.910891  43.297761
017054  279.207921  43.297761
017055  279.504950  43.297761
017056  279.801980  43.297761
017057  280.099010  43.297761
017058  280.396040  43.297761
017059  280.693069  43.297761
017060  280.990099  43.297761
017061  281.287129  43.297761
017062  281.584158  43.297761
017063  281.881188  43.297761
017064  282.178218  43.297761
017065  282.475248  43.297761
017066  282.772277  43.297761
017067  283.069307  43.297761
017068  283.366337  43.297761
017069  283.663366  43.297761
017070  283.960396  43.297761
017071  284.257426  43.297761
017072  284.554455  43.297761
017073  284.851485  43.297761
017074  285.148515  43.297761
017075  285.445545  43.297761
017076  285.742574  43.297761
017077  286.039604  43.297761
017078  286.336634  43.297761
017079  286.633663  43.297761
017080  286.930693  43.297761
017081  287.227723  43.297761
017082  287.524752  43.297761
017083  287.821782  43.297761
017084  288.118812  43.297761
017085  288.415842  43.297761
017086  288.712871  43.297761
017087  289.009901  43.297761
017088  289.306931  43.297761
017089  289.603960  43.297761
017090  235.728477  43.513598
017091  236.026490  43.513598
017092  236.324503  43.513598
017093  236.622517  43.513598
017094  236.920530  43.513598
017095  237.218543  43.513598
017096  237.516556  43.513598
017097  237.814570  43.513598
017098  238.112583  43.513598
017099  238.410596  43.513598
017100  238.708609  43.513598
017101  239.006623  43.513598
017102  239.304636  43.513598
017103  239.602649  43.513598
017104  239.900662  43.513598
017105  240.198675  43.513598
017106  240.496689  43.513598
017107  240.794702  43.513598
017108  241.092715  43.513598
017109  241.390728  43.513598
017110  241.688742  43.513598
017111  241.986755  43.513598
017112  242.284768  43.513598
017113  242.582781  43.513598
017114  242.880795  43.513598
017115  243.178808  43.513598
017116  243.476821  43.513598
017117  243.774834  43.513598
017118  244.072848  43.513598
017119  244.370861  43.513598
017120  244.668874  43.513598
017121  244.966887  43.513598
017122  245.264901  43.513598
017123  245.562914  43.513598
017124  245.860927  43.513598
017125  246.158940  43.513598
017126  246.456954  43.513598
017127  246.754967  43.513598
017128  247.052980  43.513598
017129  247.350993  43.513598
017130  247.649007  43.513598
017131  247.947020  43.513598
017132  248.245033  43.513598
017133  248.543046  43.513598
017134  248.841060  43.513598
017135  249.139073  43.513598
017136  249.437086  43.513598
017137  249.735099  43.513598
017138  250.033113  43.513598
017139  250.331126  43.513598
017140  250.629139  43.513598
017141  250.927152  43.513598
017142  251.225166  43.513598
017143  251.523179  43.513598
017144  251.821192  43.513598
017145  252.119205  43.513598
017146  252.417219  43.513598
017147  252.715232  43.513598
017148  253.013245  43.513598
017149  253.311258  43.513598
017150  253.609272  43.513598
017151  253.907285  43.513598
017152  254.205298  43.513598
017153  254.503311  43.513598
017154  254.801325  43.513598
017155  255.099338  43.513598
017156  255.397351  43.513598
017157  255.695364  43.513598
017158  255.993377  43.513598
017159  256.291391  43.513598
017160  256.589404  43.513598
017161  256.887417  43.513598
017162  257.185430  43.513598
017163  257.483444  43.513598
017164  257.781457  43.513598
017165  258.079470  43.513598
017166  258.377483  43.513598
017167  258.675497  43.513598
017168  258.973510  43.513598
017169  259.271523  43.513598
017170  259.569536  43.513598
017171  259.867550  43.513598
017172  260.165563  43.513598
017173  260.463576  43.513598
017174  260.761589  43.513598
017175  261.059603  43.513598
017176  261.357616  43.513598
017177  261.655629  43.513598
017178  261.953642  43.513598
017179  262.251656  43.513598
017180  262.549669  43.513598
017181  262.847682  43.513598
017182  263.145695  43.513598
017183  263.443709  43.513598
017184  263.741722  43.513598
017185  264.039735  43.513598
017186  264.337748  43.513598
017187  264.635762  43.513598
017188  264.933775  43.513598
017189  265.231788  43.513598
017190  265.529801  43.513598
017191  265.827815  43.513598
017192  266.125828  43.513598
017193  266.423841  43.513598
017194  266.721854  43.513598
017195  267.019868  43.513598
017196  267.317881  43.513598
017197  267.615894  43.513598
017198  267.913907  43.513598
017199  268.211921  43.513598
017200  268.509934  43.513598
017201  268.807947  43.513598
017202  269.105960  43.513598
017203  269.403974  43.513598
017204  269.701987  43.513598
017205  270.000000  43.513598
017206  270.298013  43.513598
017207  270.596026  43.513598
017208  270.894040  43.513598
017209  271.192053  43.513598
017210  271.490066  43.513598
017211  271.788079  43.513598
017212  272.086093  43.513598
017213  272.384106  43.513598
017214  272.682119  43.513598
017215  272.980132  43.513598
017216  273.278146  43.513598
017217  273.576159  43.513598
017218  273.874172  43.513598
017219  274.172185  43.513598
017220  274.470199  43.513598
017221  274.768212  43.513598
017222  275.066225  43.513598
017223  275.364238  43.513598
017224  275.662252  43.513598
017225  275.960265  43.513598
017226  276.258278  43.513598
017227  276.556291  43.513598
017228  276.854305  43.513598
017229  277.152318  43.513598
017230  277.450331  43.513598
017231  277.748344  43.513598
017232  278.046358  43.513598
017233  278.344371  43.513598
017234  278.642384  43.513598
017235  278.940397  43.513598
017236  279.238411  43.513598
017237  279.536424  43.513598
017238  279.834437  43.513598
017239  280.132450  43.513598
017240  280.430464  43.513598
017241  280.728477  43.513598
017242  281.026490  43.513598
017243  281.324503  43.513598
017244  281.622517  43.513598
017245  281.920530  43.513598
017246  282.218543  43.513598
017247  282.516556  43.513598
017248  282.814570  43.513598
017249  283.112583  43.513598
017250  283.410596  43.513598
017251  283.708609  43.513598
017252  284.006623  43.513598
017253  284.304636  43.513598
017254  284.602649  43.513598
017255  284.900662  43.513598
017256  285.198675  43.513598
017257  285.496689  43.513598
017258  285.794702  43.513598
017259  286.092715  43.513598
017260  286.390728  43.513598
017261  286.688742  43.513598
017262  286.986755  43.513598
017263  287.284768  43.513598
017264  287.582781  43.513598
017265  287.880795  43.513598
017266  288.178808  43.513598
017267  288.476821  43.513598
017268  288.774834  43.513598
017269  289.072848  43.513598
017270  289.370861  43.513598
017271  289.668874  43.513598
017272  289.966887  43.513598
017273  294.139073  43.513598
017274  294.437086  43.513598
017275  294.735099  43.513598
017276  295.033113  43.513598
017277  235.614618  43.729435
017278  235.913621  43.729435
017279  236.212625  43.729435
017280  236.511628  43.729435
017281  236.810631  43.729435
017282  237.109635  43.729435
017283  237.408638  43.729435
017284  237.707641  43.729435
017285  238.006645  43.729435
017286  238.305648  43.729435
017287  238.604651  43.729435
017288  238.903654  43.729435
017289  239.202658  43.729435
017290  239.501661  43.729435
017291  239.800664  43.729435
017292  240.099668  43.729435
017293  240.398671  43.729435
017294  240.697674  43.729435
017295  240.996678  43.729435
017296  241.295681  43.729435
017297  241.594684  43.729435
017298  241.893688  43.729435
017299  242.192691  43.729435
017300  242.491694  43.729435
017301  242.790698  43.729435
017302  243.089701  43.729435
017303  243.388704  43.729435
017304  243.687708  43.729435
017305  243.986711  43.729435
017306  244.285714  43.729435
017307  244.584718  43.729435
017308  244.883721  43.729435
017309  245.182724  43.729435
017310  245.481728  43.729435
017311  245.780731  43.729435
017312  246.079734  43.729435
017313  246.378738  43.729435
017314  246.677741  43.729435
017315  246.976744  43.729435
017316  247.275748  43.729435
017317  247.574751  43.729435
017318  247.873754  43.729435
017319  248.172757  43.729435
017320  248.471761  43.729435
017321  248.770764  43.729435
017322  249.069767  43.729435
017323  249.368771  43.729435
017324  249.667774  43.729435
017325  249.966777  43.729435
017326  250.265781  43.729435
017327  250.564784  43.729435
017328  250.863787  43.729435
017329  251.162791  43.729435
017330  251.461794  43.729435
017331  251.760797  43.729435
017332  252.059801  43.729435
017333  252.358804  43.729435
017334  252.657807  43.729435
017335  252.956811  43.729435
017336  253.255814  43.729435
017337  253.554817  43.729435
017338  253.853821  43.729435
017339  254.152824  43.729435
017340  254.451827  43.729435
017341  254.750831  43.729435
017342  255.049834  43.729435
017343  255.348837  43.729435
017344  255.647841  43.729435
017345  255.946844  43.729435
017346  256.245847  43.729435
017347  256.544850  43.729435
017348  256.843854  43.729435
017349  257.142857  43.729435
017350  257.441860  43.729435
017351  257.740864  43.729435
017352  258.039867  43.729435
017353  258.338870  43.729435
017354  258.637874  43.729435
017355  258.936877  43.729435
017356  259.235880  43.729435
017357  259.534884  43.729435
017358  259.833887  43.729435
017359  260.132890  43.729435
017360  260.431894  43.729435
017361  260.730897  43.729435
017362  261.029900  43.729435
017363  261.328904  43.729435
017364  261.627907  43.729435
017365  261.926910  43.729435
017366  262.225914  43.729435
017367  262.524917  43.729435
017368  262.823920  43.729435
017369  263.122924  43.729435
017370  263.421927  43.729435
017371  263.720930  43.729435
017372  264.019934  43.729435
017373  264.318937  43.729435
017374  264.617940  43.729435
017375  264.916944  43.729435
017376  265.215947  43.729435
017377  265.514950  43.729435
017378  265.813953  43.729435
017379  266.112957  43.729435
017380  266.411960  43.729435
017381  266.710963  43.729435
017382  267.009967  43.729435
017383  267.308970  43.729435
017384  267.607973  43.729435
017385  267.906977  43.729435
017386  268.205980  43.729435
017387  268.504983  43.729435
017388  268.803987  43.729435
017389  269.102990  43.729435
017390  269.401993  43.729435
017391  269.700997  43.729435
017392  270.000000  43.729435
017393  270.299003  43.729435
017394  270.598007  43.729435
017395  270.897010  43.729435
017396  271.196013  43.729435
017397  271.495017  43.729435
017398  271.794020  43.729435
017399  272.093023  43.729435
017400  272.392027  43.729435
017401  272.691030  43.729435
017402  272.990033  43.729435
017403  273.289037  43.729435
017404  273.588040  43.729435
017405  273.887043  43.729435
017406  274.186047  43.729435
017407  274.485050  43.729435
017408  274.784053  43.729435
017409  275.083056  43.729435
017410  275.382060  43.729435
017411  275.681063  43.729435
017412  275.980066  43.729435
017413  276.279070  43.729435
017414  276.578073  43.729435
017415  276.877076  43.729435
017416  277.176080  43.729435
017417  277.475083  43.729435
017418  277.774086  43.729435
017419  278.073090  43.729435
017420  278.372093  43.729435
017421  278.671096  43.729435
017422  278.970100  43.729435
017423  279.269103  43.729435
017424  279.568106  43.729435
017425  279.867110  43.729435
017426  280.166113  43.729435
017427  280.465116  43.729435
017428  280.764120  43.729435
017429  281.063123  43.729435
017430  281.362126  43.729435
017431  281.661130  43.729435
017432  281.960133  43.729435
017433  282.259136  43.729435
017434  282.558140  43.729435
017435  282.857143  43.729435
017436  283.156146  43.729435
017437  283.455150  43.729435
017438  283.754153  43.729435
017439  284.053156  43.729435
017440  284.352159  43.729435
017441  284.651163  43.729435
017442  284.950166  43.729435
017443  285.249169  43.729435
017444  285.548173  43.729435
017445  285.847176  43.729435
017446  286.146179  43.729435
017447  286.445183  43.729435
017448  286.744186  43.729435
017449  287.043189  43.729435
017450  287.342193  43.729435
017451  287.641196  43.729435
017452  287.940199  43.729435
017453  288.239203  43.729435
017454  288.538206  43.729435
017455  288.837209  43.729435
017456  289.136213  43.729435
017457  289.435216  43.729435
017458  289.734219  43.729435
017459  290.033223  43.729435
017460  290.332226  43.729435
017461  290.631229  43.729435
017462  290.930233  43.729435
017463  293.920266  43.729435
017464  294.219269  43.729435
017465  294.518272  43.729435
017466  294.817276  43.729435
017467  295.116279  43.729435
017468  295.415282  43.729435
017469  235.696414  43.945272
017470  235.996664  43.945272
017471  236.296914  43.945272
017472  236.597164  43.945272
017473  236.897415  43.945272
017474  237.197665  43.945272
017475  237.497915  43.945272
017476  237.798165  43.945272
017477  238.098415  43.945272
017478  238.398666  43.945272
017479  238.698916  43.945272
017480  238.999166  43.945272
017481  239.299416  43.945272
017482  239.599666  43.945272
017483  239.899917  43.945272
017484  240.200167  43.945272
017485  240.500417  43.945272
017486  240.800667  43.945272
017487  241.100917  43.945272
017488  241.401168  43.945272
017489  241.701418  43.945272
017490  242.001668  43.945272
017491  242.301918  43.945272
017492  242.602168  43.945272
017493  242.902419  43.945272
017494  243.202669  43.945272
017495  243.502919  43.945272
017496  243.803169  43.945272
017497  244.103420  43.945272
017498  244.403670  43.945272
017499  244.703920  43.945272
017500  245.004170  43.945272
017501  245.304420  43.945272
017502  245.604671  43.945272
017503  245.904921  43.945272
017504  246.205171  43.945272
017505  246.505421  43.945272
017506  246.805671  43.945272
017507  247.105922  43.945272
017508  247.406172  43.945272
017509  247.706422  43.945272
017510  248.006672  43.945272
017511  248.306922  43.945272
017512  248.607173  43.945272
017513  248.907423  43.945272
017514  249.207673  43.945272
017515  249.507923  43.945272
017516  249.808173  43.945272
017517  250.108424  43.945272
017518  250.408674  43.945272
017519  250.708924  43.945272
017520  251.009174  43.945272
017521  251.309425  43.945272
017522  251.609675  43.945272
017523  251.909925  43.945272
017524  252.210175  43.945272
017525  252.510425  43.945272
017526  252.810676  43.945272
017527  253.110926  43.945272
017528  253.411176  43.945272
017529  253.711426  43.945272
017530  254.011676  43.945272
017531  254.311927  43.945272
017532  254.612177  43.945272
017533  254.912427  43.945272
017534  255.212677  43.945272
017535  255.512927  43.945272
017536  255.813178  43.945272
017537  256.113428  43.945272
017538  256.413678  43.945272
017539  256.713928  43.945272
017540  257.014178  43.945272
017541  257.314429  43.945272
017542  257.614679  43.945272
017543  257.914929  43.945272
017544  258.215179  43.945272
017545  258.515430  43.945272
017546  258.815680  43.945272
017547  259.115930  43.945272
017548  259.416180  43.945272
017549  259.716430  43.945272
017550  260.016681  43.945272
017551  260.316931  43.945272
017552  260.617181  43.945272
017553  260.917431  43.945272
017554  261.217681  43.945272
017555  261.517932  43.945272
017556  261.818182  43.945272
017557  262.118432  43.945272
017558  262.418682  43.945272
017559  262.718932  43.945272
017560  263.019183  43.945272
017561  263.319433  43.945272
017562  263.619683  43.945272
017563  263.919933  43.945272
017564  264.220183  43.945272
017565  264.520434  43.945272
017566  264.820684  43.945272
017567  265.120934  43.945272
017568  265.421184  43.945272
017569  265.721435  43.945272
017570  266.021685  43.945272
017571  266.321935  43.945272
017572  266.622185  43.945272
017573  266.922435  43.945272
017574  267.222686  43.945272
017575  267.522936  43.945272
017576  267.823186  43.945272
017577  268.123436  43.945272
017578  268.423686  43.945272
017579  268.723937  43.945272
017580  269.024187  43.945272
017581  269.324437  43.945272
017582  269.624687  43.945272
017583  269.924937  43.945272
017584  270.225188  43.945272
017585  270.525438  43.945272
017586  270.825688  43.945272
017587  271.125938  43.945272
017588  271.426188  43.945272
017589  271.726439  43.945272
017590  272.026689  43.945272
017591  272.326939  43.945272
017592  272.627189  43.945272
017593  272.927440  43.945272
017594  273.227690  43.945272
017595  273.527940  43.945272
017596  273.828190  43.945272
017597  274.128440  43.945272
017598  274.428691  43.945272
017599  274.728941  43.945272
017600  275.029191  43.945272
017601  275.329441  43.945272
017602  275.629691  43.945272
017603  275.929942  43.945272
017604  276.230192  43.945272
017605  276.530442  43.945272
017606  276.830692  43.945272
017607  277.130942  43.945272
017608  277.431193  43.945272
017609  277.731443  43.945272
017610  278.031693  43.945272
017611  278.331943  43.945272
017612  278.632193  43.945272
017613  278.932444  43.945272
017614  279.232694  43.945272
017615  279.532944  43.945272
017616  279.833194  43.945272
017617  280.133445  43.945272
017618  280.433695  43.945272
017619  280.733945  43.945272
017620  281.034195  43.945272
017621  281.334445  43.945272
017622  281.634696  43.945272
017623  281.934946  43.945272
017624  282.235196  43.945272
017625  282.535446  43.945272
017626  282.835696  43.945272
017627  283.135947  43.945272
017628  283.436197  43.945272
017629  283.736447  43.945272
017630  284.036697  43.945272
017631  284.336947  43.945272
017632  284.637198  43.945272
017633  284.937448  43.945272
017634  285.237698  43.945272
017635  285.537948  43.945272
017636  285.838198  43.945272
017637  286.138449  43.945272
017638  286.438699  43.945272
017639  286.738949  43.945272
017640  287.039199  43.945272
017641  287.339450  43.945272
017642  287.639700  43.945272
017643  287.939950  43.945272
017644  288.240200  43.945272
017645  288.540450  43.945272
017646  288.840701  43.945272
017647  289.140951  43.945272
017648  289.441201  43.945272
017649  289.741451  43.945272
017650  290.041701  43.945272
017651  290.341952  43.945272
017652  290.642202  43.945272
017653  290.942452  43.945272
017654  291.242702  43.945272
017655  291.542952  43.945272
017656  293.644704  43.945272
017657  293.944954  43.945272
017658  294.245204  43.945272
017659  294.545455  43.945272
017660  294.845705  43.945272
017661  295.145955  43.945272
017662  295.446205  43.945272
017663  235.581590  44.161109
017664  235.882845  44.161109
017665  236.184100  44.161109
017666  236.485356  44.161109
017667  236.786611  44.161109
017668  237.087866  44.161109
017669  237.389121  44.161109
017670  237.690377  44.161109
017671  237.991632  44.161109
017672  238.292887  44.161109
017673  238.594142  44.161109
017674  238.895397  44.161109
017675  239.196653  44.161109
017676  239.497908  44.161109
017677  239.799163  44.161109
017678  240.100418  44.161109
017679  240.401674  44.161109
017680  240.702929  44.161109
017681  241.004184  44.161109
017682  241.305439  44.161109
017683  241.606695  44.161109
017684  241.907950  44.161109
017685  242.209205  44.161109
017686  242.510460  44.161109
017687  242.811715  44.161109
017688  243.112971  44.161109
017689  243.414226  44.161109
017690  243.715481  44.161109
017691  244.016736  44.161109
017692  244.317992  44.161109
017693  244.619247  44.161109
017694  244.920502  44.161109
017695  245.221757  44.161109
017696  245.523013  44.161109
017697  245.824268  44.161109
017698  246.125523  44.161109
017699  246.426778  44.161109
017700  246.728033  44.161109
017701  247.029289  44.161109
017702  247.330544  44.161109
017703  247.631799  44.161109
017704  247.933054  44.161109
017705  248.234310  44.161109
017706  248.535565  44.161109
017707  248.836820  44.161109
017708  249.138075  44.161109
017709  249.439331  44.161109
017710  249.740586  44.161109
017711  250.041841  44.161109
017712  250.343096  44.161109
017713  250.644351  44.161109
017714  250.945607  44.161109
017715  251.246862  44.161109
017716  251.548117  44.161109
017717  251.849372  44.161109
017718  252.150628  44.161109
017719  252.451883  44.161109
017720  252.753138  44.161109
017721  253.054393  44.161109
017722  253.355649  44.161109
017723  253.656904  44.161109
017724  253.958159  44.161109
017725  254.259414  44.161109
017726  254.560669  44.161109
017727  254.861925  44.161109
017728  255.163180  44.161109
017729  255.464435  44.161109
017730  255.765690  44.161109
017731  256.066946  44.161109
017732  256.368201  44.161109
017733  256.669456  44.161109
017734  256.970711  44.161109
017735  257.271967  44.161109
017736  257.573222  44.161109
017737  257.874477  44.161109
017738  258.175732  44.161109
017739  258.476987  44.161109
017740  258.778243  44.161109
017741  259.079498  44.161109
017742  259.380753  44.161109
017743  259.682008  44.161109
017744  259.983264  44.161109
017745  260.284519  44.161109
017746  260.585774  44.161109
017747  260.887029  44.161109
017748  261.188285  44.161109
017749  261.489540  44.161109
017750  261.790795  44.161109
017751  262.092050  44.161109
017752  262.393305  44.161109
017753  262.694561  44.161109
017754  262.995816  44.161109
017755  263.297071  44.161109
017756  263.598326  44.161109
017757  263.899582  44.161109
017758  264.200837  44.161109
017759  264.502092  44.161109
017760  264.803347  44.161109
017761  265.104603  44.161109
017762  265.405858  44.161109
017763  265.707113  44.161109
017764  266.008368  44.161109
017765  266.309623  44.161109
017766  266.610879  44.161109
017767  266.912134  44.161109
017768  267.213389  44.161109
017769  267.514644  44.161109
017770  267.815900  44.161109
017771  268.117155  44.161109
017772  268.418410  44.161109
017773  268.719665  44.161109
017774  269.020921  44.161109
017775  269.322176  44.161109
017776  269.623431  44.161109
017777  269.924686  44.161109
017778  270.225941  44.161109
017779  270.527197  44.161109
017780  270.828452  44.161109
017781  271.129707  44.161109
017782  271.430962  44.161109
017783  271.732218  44.161109
017784  272.033473  44.161109
017785  272.334728  44.161109
017786  272.635983  44.161109
017787  272.937238  44.161109
017788  273.238494  44.161109
017789  273.539749  44.161109
017790  273.841004  44.161109
017791  274.142259  44.161109
017792  274.443515  44.161109
017793  274.744770  44.161109
017794  275.046025  44.161109
017795  275.347280  44.161109
017796  275.648536  44.161109
017797  275.949791  44.161109
017798  276.251046  44.161109
017799  276.552301  44.161109
017800  276.853556  44.161109
017801  277.154812  44.161109
017802  277.456067  44.161109
017803  277.757322  44.161109
017804  278.058577  44.161109
017805  278.359833  44.161109
017806  278.661088  44.161109
017807  278.962343  44.161109
017808  279.263598  44.161109
017809  279.564854  44.161109
017810  279.866109  44.161109
017811  280.167364  44.161109
017812  280.468619  44.161109
017813  280.769874  44.161109
017814  281.071130  44.161109
017815  281.372385  44.161109
017816  281.673640  44.161109
017817  281.974895  44.161109
017818  282.276151  44.161109
017819  282.577406  44.161109
017820  282.878661  44.161109
017821  283.179916  44.161109
017822  283.481172  44.161109
017823  283.782427  44.161109
017824  284.083682  44.161109
017825  284.384937  44.161109
017826  284.686192  44.161109
017827  284.987448  44.161109
017828  285.288703  44.161109
017829  285.589958  44.161109
017830  285.891213  44.161109
017831  286.192469  44.161109
017832  286.493724  44.161109
017833  286.794979  44.161109
017834  287.096234  44.161109
017835  287.397490  44.161109
017836  287.698745  44.161109
017837  288.000000  44.161109
017838  288.301255  44.161109
017839  288.602510  44.161109
017840  288.903766  44.161109
017841  289.205021  44.161109
017842  289.506276  44.161109
017843  289.807531  44.161109
017844  290.108787  44.161109
017845  290.410042  44.161109
017846  290.711297  44.161109
017847  291.012552  44.161109
017848  291.313808  44.161109
017849  291.615063  44.161109
017850  291.916318  44.161109
017851  293.723849  44.161109
017852  294.025105  44.161109
017853  294.326360  44.161109
017854  294.627615  44.161109
017855  294.928870  44.161109
017856  295.230126  44.161109
017857  295.531381  44.161109
017858  295.832636  44.161109
017859  235.768262  44.376947
017860  236.070529  44.376947
017861  236.372796  44.376947
017862  236.675063  44.376947
017863  236.977330  44.376947
017864  237.279597  44.376947
017865  237.581864  44.376947
017866  237.884131  44.376947
017867  238.186398  44.376947
017868  238.488665  44.376947
017869  238.790932  44.376947
017870  239.093199  44.376947
017871  239.395466  44.376947
017872  239.697733  44.376947
017873  240.000000  44.376947
017874  240.302267  44.376947
017875  240.604534  44.376947
017876  240.906801  44.376947
017877  241.209068  44.376947
017878  241.511335  44.376947
017879  241.813602  44.376947
017880  242.115869  44.376947
017881  242.418136  44.376947
017882  242.720403  44.376947
017883  243.022670  44.376947
017884  243.324937  44.376947
017885  243.627204  44.376947
017886  243.929471  44.376947
017887  244.231738  44.376947
017888  244.534005  44.376947
017889  244.836272  44.376947
017890  245.138539  44.376947
017891  245.440806  44.376947
017892  245.743073  44.376947
017893  246.045340  44.376947
017894  246.347607  44.376947
017895  246.649874  44.376947
017896  246.952141  44.376947
017897  247.254408  44.376947
017898  247.556675  44.376947
017899  247.858942  44.376947
017900  248.161209  44.376947
017901  248.463476  44.376947
017902  248.765743  44.376947
017903  249.068010  44.376947
017904  249.370277  44.376947
017905  249.672544  44.376947
017906  249.974811  44.376947
017907  250.277078  44.376947
017908  250.579345  44.376947
017909  250.881612  44.376947
017910  251.183879  44.376947
017911  251.486146  44.376947
017912  251.788413  44.376947
017913  252.090680  44.376947
017914  252.392947  44.376947
017915  252.695214  44.376947
017916  252.997481  44.376947
017917  253.299748  44.376947
017918  253.602015  44.376947
017919  253.904282  44.376947
017920  254.206549  44.376947
017921  254.508816  44.376947
017922  254.811083  44.376947
017923  255.113350  44.376947
017924  255.415617  44.376947
017925  255.717884  44.376947
017926  256.020151  44.376947
017927  256.322418  44.376947
017928  256.624685  44.376947
017929  256.926952  44.376947
017930  257.229219  44.376947
017931  257.531486  44.376947
017932  257.833753  44.376947
017933  258.136020  44.376947
017934  258.438287  44.376947
017935  258.740554  44.376947
017936  259.042821  44.376947
017937  259.345088  44.376947
017938  259.647355  44.376947
017939  259.949622  44.376947
017940  260.251889  44.376947
017941  260.554156  44.376947
017942  260.856423  44.376947
017943  261.158690  44.376947
017944  261.460957  44.376947
017945  261.763224  44.376947
017946  262.065491  44.376947
017947  262.367758  44.376947
017948  262.670025  44.376947
017949  262.972292  44.376947
017950  263.274559  44.376947
017951  263.576826  44.376947
017952  263.879093  44.376947
017953  264.181360  44.376947
017954  264.483627  44.376947
017955  264.785894  44.376947
017956  265.088161  44.376947
017957  265.390428  44.376947
017958  265.692695  44.376947
017959  265.994962  44.376947
017960  266.297229  44.376947
017961  266.599496  44.376947
017962  266.901763  44.376947
017963  267.204030  44.376947
017964  267.506297  44.376947
017965  267.808564  44.376947
017966  268.110831  44.376947
017967  268.413098  44.376947
017968  268.715365  44.376947
017969  269.017632  44.376947
017970  269.319899  44.376947
017971  269.622166  44.376947
017972  269.924433  44.376947
017973  270.226700  44.376947
017974  270.528967  44.376947
017975  270.831234  44.376947
017976  271.133501  44.376947
017977  271.435768  44.376947
017978  271.738035  44.376947
017979  272.040302  44.376947
017980  272.342569  44.376947
017981  272.644836  44.376947
017982  272.947103  44.376947
017983  273.249370  44.376947
017984  273.551637  44.376947
017985  273.853904  44.376947
017986  274.156171  44.376947
017987  274.458438  44.376947
017988  274.760705  44.376947
017989  275.062972  44.376947
017990  275.365239  44.376947
017991  275.667506  44.376947
017992  275.969773  44.376947
017993  276.272040  44.376947
017994  276.574307  44.376947
017995  276.876574  44.376947
017996  277.178841  44.376947
017997  277.481108  44.376947
017998  277.783375  44.376947
017999  278.085642  44.376947
018000  278.387909  44.376947
018001  278.690176  44.376947
018002  278.992443  44.376947
018003  279.294710  44.376947
018004  279.596977  44.376947
018005  279.899244  44.376947
018006  280.201511  44.376947
018007  280.503778  44.376947
018008  280.806045  44.376947
018009  281.108312  44.376947
018010  281.410579  44.376947
018011  281.712846  44.376947
018012  282.015113  44.376947
018013  282.317380  44.376947
018014  282.619647  44.376947
018015  282.921914  44.376947
018016  283.224181  44.376947
018017  283.526448  44.376947
018018  283.828715  44.376947
018019  284.130982  44.376947
018020  284.433249  44.376947
018021  284.735516  44.376947
018022  285.037783  44.376947
018023  285.340050  44.376947
018024  285.642317  44.376947
018025  285.944584  44.376947
018026  286.246851  44.376947
018027  286.549118  44.376947
018028  286.851385  44.376947
018029  287.153652  44.376947
018030  287.455919  44.376947
018031  287.758186  44.376947
018032  288.060453  44.376947
018033  288.362720  44.376947
018034  288.664987  44.376947
018035  288.967254  44.376947
018036  289.269521  44.376947
018037  289.571788  44.376947
018038  289.874055  44.376947
018039  290.176322  44.376947
018040  290.478589  44.376947
018041  290.780856  44.376947
018042  291.083123  44.376947
018043  291.385390  44.376947
018044  291.687657  44.376947
018045  291.989924  44.376947
018046  292.292191  44.376947
018047  292.594458  44.376947
018048  293.803526  44.376947
018049  294.105793  44.376947
018050  294.408060  44.376947
018051  294.710327  44.376947
018052  295.012594  44.376947
018053  295.314861  44.376947
018054  295.617128  44.376947
018055  295.919395  44.376947
018056  296.221662  44.376947
018057  296.523929  44.376947
018058  235.851602  44.592784
018059  236.155143  44.592784
018060  236.458685  44.592784
018061  236.762226  44.592784
018062  237.065767  44.592784
018063  237.369309  44.592784
018064  237.672850  44.592784
018065  237.976391  44.592784
018066  238.279933  44.592784
018067  238.583474  44.592784
018068  238.887015  44.592784
018069  239.190556  44.592784
018070  239.494098  44.592784
018071  239.797639  44.592784
018072  240.101180  44.592784
018073  240.404722  44.592784
018074  240.708263  44.592784
018075  241.011804  44.592784
018076  241.315346  44.592784
018077  241.618887  44.592784
018078  241.922428  44.592784
018079  242.225970  44.592784
018080  242.529511  44.592784
018081  242.833052  44.592784
018082  243.136594  44.592784
018083  243.440135  44.592784
018084  243.743676  44.592784
018085  244.047218  44.592784
018086  244.350759  44.592784
018087  244.654300  44.592784
018088  244.957841  44.592784
018089  245.261383  44.592784
018090  245.564924  44.592784
018091  245.868465  44.592784
018092  246.172007  44.592784
018093  246.475548  44.592784
018094  246.779089  44.592784
018095  247.082631  44.592784
018096  247.386172  44.592784
018097  247.689713  44.592784
018098  247.993255  44.592784
018099  248.296796  44.592784
018100  248.600337  44.592784
018101  248.903879  44.592784
018102  249.207420  44.592784
018103  249.510961  44.592784
018104  249.814503  44.592784
018105  250.118044  44.592784
018106  250.421585  44.592784
018107  250.725126  44.592784
018108  251.028668  44.592784
018109  251.332209  44.592784
018110  251.635750  44.592784
018111  251.939292  44.592784
018112  252.242833  44.592784
018113  252.546374  44.592784
018114  252.849916  44.592784
018115  253.153457  44.592784
018116  253.456998  44.592784
018117  253.760540  44.592784
018118  254.064081  44.592784
018119  254.367622  44.592784
018120  254.671164  44.592784
018121  254.974705  44.592784
018122  255.278246  44.592784
018123  255.581788  44.592784
018124  255.885329  44.592784
018125  256.188870  44.592784
018126  256.492411  44.592784
018127  256.795953  44.592784
018128  257.099494  44.592784
018129  257.403035  44.592784
018130  257.706577  44.592784
018131  258.010118  44.592784
018132  258.313659  44.592784
018133  258.617201  44.592784
018134  258.920742  44.592784
018135  259.224283  44.592784
018136  259.527825  44.592784
018137  259.831366  44.592784
018138  260.134907  44.592784
018139  260.438449  44.592784
018140  260.741990  44.592784
018141  261.045531  44.592784
018142  261.349073  44.592784
018143  261.652614  44.592784
018144  261.956155  44.592784
018145  262.259696  44.592784
018146  262.563238  44.592784
018147  262.866779  44.592784
018148  263.170320  44.592784
018149  263.473862  44.592784
018150  263.777403  44.592784
018151  264.080944  44.592784
018152  264.384486  44.592784
018153  264.688027  44.592784
018154  264.991568  44.592784
018155  265.295110  44.592784
018156  265.598651  44.592784
018157  265.902192  44.592784
018158  266.205734  44.592784
018159  266.509275  44.592784
018160  266.812816  44.592784
018161  267.116358  44.592784
018162  267.419899  44.592784
018163  267.723440  44.592784
018164  268.026981  44.592784
018165  268.330523  44.592784
018166  268.634064  44.592784
018167  268.937605  44.592784
018168  269.241147  44.592784
018169  269.544688  44.592784
018170  269.848229  44.592784
018171  270.151771  44.592784
018172  270.455312  44.592784
018173  270.758853  44.592784
018174  271.062395  44.592784
018175  271.365936  44.592784
018176  271.669477  44.592784
018177  271.973019  44.592784
018178  272.276560  44.592784
018179  272.580101  44.592784
018180  272.883642  44.592784
018181  273.187184  44.592784
018182  273.490725  44.592784
018183  273.794266  44.592784
018184  274.097808  44.592784
018185  274.401349  44.592784
018186  274.704890  44.592784
018187  275.008432  44.592784
018188  275.311973  44.592784
018189  275.615514  44.592784
018190  275.919056  44.592784
018191  276.222597  44.592784
018192  276.526138  44.592784
018193  276.829680  44.592784
018194  277.133221  44.592784
018195  277.436762  44.592784
018196  277.740304  44.592784
018197  278.043845  44.592784
018198  278.347386  44.592784
018199  278.650927  44.592784
018200  278.954469  44.592784
018201  279.258010  44.592784
018202  279.561551  44.592784
018203  279.865093  44.592784
018204  280.168634  44.592784
018205  280.472175  44.592784
018206  280.775717  44.592784
018207  281.079258  44.592784
018208  281.382799  44.592784
018209  281.686341  44.592784
018210  281.989882  44.592784
018211  282.293423  44.592784
018212  282.596965  44.592784
018213  282.900506  44.592784
018214  283.204047  44.592784
018215  283.507589  44.592784
018216  283.811130  44.592784
018217  284.114671  44.592784
018218  284.418212  44.592784
018219  284.721754  44.592784
018220  285.025295  44.592784
018221  285.328836  44.592784
018222  285.632378  44.592784
018223  285.935919  44.592784
018224  286.239460  44.592784
018225  286.543002  44.592784
018226  286.846543  44.592784
018227  287.150084  44.592784
018228  287.453626  44.592784
018229  287.757167  44.592784
018230  288.060708  44.592784
018231  288.364250  44.592784
018232  288.667791  44.592784
018233  288.971332  44.592784
018234  289.274874  44.592784
018235  289.578415  44.592784
018236  289.881956  44.592784
018237  290.185497  44.592784
018238  290.489039  44.592784
018239  290.792580  44.592784
018240  291.096121  44.592784
018241  291.399663  44.592784
018242  291.703204  44.592784
018243  292.006745  44.592784
018244  292.310287  44.592784
018245  292.613828  44.592784
018246  292.917369  44.592784
018247  293.220911  44.592784
018248  293.827993  44.592784
018249  294.131535  44.592784
018250  294.435076  44.592784
018251  294.738617  44.592784
018252  295.042159  44.592784
018253  295.345700  44.592784
018254  295.649241  44.592784
018255  295.952782  44.592784
018256  296.256324  44.592784
018257  296.559865  44.592784
018258  296.863406  44.592784
018259  297.166948  44.592784
018260  297.470489  44.592784
018261  235.736041  44.808621
018262  236.040609  44.808621
018263  236.345178  44.808621
018264  236.649746  44.808621
018265  236.954315  44.808621
018266  237.258883  44.808621
018267  237.563452  44.808621
018268  237.868020  44.808621
018269  238.172589  44.808621
018270  238.477157  44.808621
018271  238.781726  44.808621
018272  239.086294  44.808621
018273  239.390863  44.808621
018274  239.695431  44.808621
018275  240.000000  44.808621
018276  240.304569  44.808621
018277  240.609137  44.808621
018278  240.913706  44.808621
018279  241.218274  44.808621
018280  241.522843  44.808621
018281  241.827411  44.808621
018282  242.131980  44.808621
018283  242.436548  44.808621
018284  242.741117  44.808621
018285  243.045685  44.808621
018286  243.350254  44.808621
018287  243.654822  44.808621
018288  243.959391  44.808621
018289  244.263959  44.808621
018290  244.568528  44.808621
018291  244.873096  44.808621
018292  245.177665  44.808621
018293  245.482234  44.808621
018294  245.786802  44.808621
018295  246.091371  44.808621
018296  246.395939  44.808621
018297  246.700508  44.808621
018298  247.005076  44.808621
018299  247.309645  44.808621
018300  247.614213  44.808621
018301  247.918782  44.808621
018302  248.223350  44.808621
018303  248.527919  44.808621
018304  248.832487  44.808621
018305  249.137056  44.808621
018306  249.441624  44.808621
018307  249.746193  44.808621
018308  250.050761  44.808621
018309  250.355330  44.808621
018310  250.659898  44.808621
018311  250.964467  44.808621
018312  251.269036  44.808621
018313  251.573604  44.808621
018314  251.878173  44.808621
018315  252.182741  44.808621
018316  252.487310  44.808621
018317  252.791878  44.808621
018318  253.096447  44.808621
018319  253.401015  44.808621
018320  253.705584  44.808621
018321  254.010152  44.808621
018322  254.314721  44.808621
018323  254.619289  44.808621
018324  254.923858  44.808621
018325  255.228426  44.808621
018326  255.532995  44.808621
018327  255.837563  44.808621
018328  256.142132  44.808621
018329  256.446701  44.808621
018330  256.751269  44.808621
018331  257.055838  44.808621
018332  257.360406  44.808621
018333  257.664975  44.808621
018334  257.969543  44.808621
018335  258.274112  44.808621
018336  258.578680  44.808621
018337  258.883249  44.808621
018338  259.187817  44.808621
018339  259.492386  44.808621
018340  259.796954  44.808621
018341  260.101523  44.808621
018342  260.406091  44.808621
018343  260.710660  44.808621
018344  261.015228  44.808621
018345  261.319797  44.808621
018346  261.624365  44.808621
018347  261.928934  44.808621
018348  262.233503  44.808621
018349  262.538071  44.808621
018350  262.842640  44.808621
018351  263.147208  44.808621
018352  263.451777  44.808621
018353  263.756345  44.808621
018354  264.060914  44.808621
018355  264.365482  44.808621
018356  264.670051  44.808621
018357  264.974619  44.808621
018358  265.279188  44.808621
018359  265.583756  44.808621
018360  265.888325  44.808621
018361  266.192893  44.808621
018362  266.497462  44.808621
018363  266.802030  44.808621
018364  267.106599  44.808621
018365  267.411168  44.808621
018366  267.715736  44.808621
018367  268.020305  44.808621
018368  268.324873  44.808621
018369  268.629442  44.808621
018370  268.934010  44.808621
018371  269.238579  44.808621
018372  269.543147  44.808621
018373  269.847716  44.808621
018374  270.152284  44.808621
018375  270.456853  44.808621
018376  270.761421  44.808621
018377  271.065990  44.808621
018378  271.370558  44.808621
018379  271.675127  44.808621
018380  271.979695  44.808621
018381  272.284264  44.808621
018382  272.588832  44.808621
018383  272.893401  44.808621
018384  273.197970  44.808621
018385  273.502538  44.808621
018386  273.807107  44.808621
018387  274.111675  44.808621
018388  274.416244  44.808621
018389  274.720812  44.808621
018390  275.025381  44.808621
018391  275.329949  44.808621
018392  275.634518  44.808621
018393  275.939086  44.808621
018394  276.243655  44.808621
018395  276.548223  44.808621
018396  276.852792  44.808621
018397  277.157360  44.808621
018398  277.461929  44.808621
018399  277.766497  44.808621
018400  278.071066  44.808621
018401  278.375635  44.808621
018402  278.680203  44.808621
018403  278.984772  44.808621
018404  279.289340  44.808621
018405  279.593909  44.808621
018406  279.898477  44.808621
018407  280.203046  44.808621
018408  280.507614  44.808621
018409  280.812183  44.808621
018410  281.116751  44.808621
018411  281.421320  44.808621
018412  281.725888  44.808621
018413  282.030457  44.808621
018414  282.335025  44.808621
018415  282.639594  44.808621
018416  282.944162  44.808621
018417  283.248731  44.808621
018418  283.553299  44.808621
018419  283.857868  44.808621
018420  284.162437  44.808621
018421  284.467005  44.808621
018422  284.771574  44.808621
018423  285.076142  44.808621
018424  285.380711  44.808621
018425  285.685279  44.808621
018426  285.989848  44.808621
018427  286.294416  44.808621
018428  286.598985  44.808621
018429  286.903553  44.808621
018430  287.208122  44.808621
018431  287.512690  44.808621
018432  287.817259  44.808621
018433  288.121827  44.808621
018434  288.426396  44.808621
018435  288.730964  44.808621
018436  289.035533  44.808621
018437  289.340102  44.808621
018438  289.644670  44.808621
018439  289.949239  44.808621
018440  290.253807  44.808621
018441  290.558376  44.808621
018442  290.862944  44.808621
018443  291.167513  44.808621
018444  291.472081  44.808621
018445  291.776650  44.808621
018446  292.081218  44.808621
018447  292.385787  44.808621
018448  292.690355  44.808621
018449  292.994924  44.808621
018450  293.299492  44.808621
018451  293.908629  44.808621
018452  294.213198  44.808621
018453  294.517766  44.808621
018454  294.822335  44.808621
018455  295.126904  44.808621
018456  295.431472  44.808621
018457  295.736041  44.808621
018458  296.040609  44.808621
018459  296.345178  44.808621
018460  296.649746  44.808621
018461  296.954315  44.808621
018462  297.258883  44.808621
018463  297.563452  44.808621
018464  297.868020  44.808621
018465  298.172589  44.808621
018466  235.819881  45.024458
018467  236.125743  45.024458
018468  236.431606  45.024458
018469  236.737468  45.024458
018470  237.043331  45.024458
018471  237.349193  45.024458
018472  237.655055  45.024458
018473  237.960918  45.024458
018474  238.266780  45.024458
018475  238.572642  45.024458
018476  238.878505  45.024458
018477  239.184367  45.024458
018478  239.490229  45.024458
018479  239.796092  45.024458
018480  240.101954  45.024458
018481  240.407816  45.024458
018482  240.713679  45.024458
018483  241.019541  45.024458
018484  241.325404  45.024458
018485  241.631266  45.024458
018486  241.937128  45.024458
018487  242.242991  45.024458
018488  242.548853  45.024458
018489  242.854715  45.024458
018490  243.160578  45.024458
018491  243.466440  45.024458
018492  243.772302  45.024458
018493  244.078165  45.024458
018494  244.384027  45.024458
018495  244.689890  45.024458
018496  244.995752  45.024458
018497  245.301614  45.024458
018498  245.607477  45.024458
018499  245.913339  45.024458
018500  246.219201  45.024458
018501  246.525064  45.024458
018502  246.830926  45.024458
018503  247.136788  45.024458
018504  247.442651  45.024458
018505  247.748513  45.024458
018506  248.054376  45.024458
018507  248.360238  45.024458
018508  248.666100  45.024458
018509  248.971963  45.024458
018510  249.277825  45.024458
018511  249.583687  45.024458
018512  249.889550  45.024458
018513  250.195412  45.024458
018514  250.501274  45.024458
018515  250.807137  45.024458
018516  251.112999  45.024458
018517  251.418862  45.024458
018518  251.724724  45.024458
018519  252.030586  45.024458
018520  252.336449  45.024458
018521  252.642311  45.024458
018522  252.948173  45.024458
018523  253.254036  45.024458
018524  253.559898  45.024458
018525  253.865760  45.024458
018526  254.171623  45.024458
018527  254.477485  45.024458
018528  254.783347  45.024458
018529  255.089210  45.024458
018530  255.395072  45.024458
018531  255.700935  45.024458
018532  256.006797  45.024458
018533  256.312659  45.024458
018534  256.618522  45.024458
018535  256.924384  45.024458
018536  257.230246  45.024458
018537  257.536109  45.024458
018538  257.841971  45.024458
018539  258.147833  45.024458
018540  258.453696  45.024458
018541  258.759558  45.024458
018542  259.065421  45.024458
018543  259.371283  45.024458
018544  259.677145  45.024458
018545  259.983008  45.024458
018546  260.288870  45.024458
018547  260.594732  45.024458
018548  260.900595  45.024458
018549  261.206457  45.024458
018550  261.512319  45.024458
018551  261.818182  45.024458
018552  262.124044  45.024458
018553  262.429907  45.024458
018554  262.735769  45.024458
018555  263.041631  45.024458
018556  263.347494  45.024458
018557  263.653356  45.024458
018558  263.959218  45.024458
018559  264.265081  45.024458
018560  264.570943  45.024458
018561  264.876805  45.024458
018562  265.182668  45.024458
018563  265.488530  45.024458
018564  265.794393  45.024458
018565  266.100255  45.024458
018566  266.406117  45.024458
018567  266.711980  45.024458
018568  267.017842  45.024458
018569  267.323704  45.024458
018570  267.629567  45.024458
018571  267.935429  45.024458
018572  268.241291  45.024458
018573  268.547154  45.024458
018574  268.853016  45.024458
018575  269.158879  45.024458
018576  269.464741  45.024458
018577  269.770603  45.024458
018578  270.076466  45.024458
018579  270.382328  45.024458
018580  270.688190  45.024458
018581  270.994053  45.024458
018582  271.299915  45.024458
018583  271.605777  45.024458
018584  271.911640  45.024458
018585  272.217502  45.024458
018586  272.523364  45.024458
018587  272.829227  45.024458
018588  273.135089  45.024458
018589  273.440952  45.024458
018590  273.746814  45.024458
018591  274.052676  45.024458
018592  274.358539  45.024458
018593  274.664401  45.024458
018594  274.970263  45.024458
018595  275.276126  45.024458
018596  275.581988  45.024458
018597  275.887850  45.024458
018598  276.193713  45.024458
018599  276.499575  45.024458
018600  276.805438  45.024458
018601  277.111300  45.024458
018602  277.417162  45.024458
018603  277.723025  45.024458
018604  278.028887  45.024458
018605  278.334749  45.024458
018606  278.640612  45.024458
018607  278.946474  45.024458
018608  279.252336  45.024458
018609  279.558199  45.024458
018610  279.864061  45.024458
018611  280.169924  45.024458
018612  280.475786  45.024458
018613  280.781648  45.024458
018614  281.087511  45.024458
018615  281.393373  45.024458
018616  281.699235  45.024458
018617  282.005098  45.024458
018618  282.310960  45.024458
018619  282.616822  45.024458
018620  282.922685  45.024458
018621  283.228547  45.024458
018622  283.534410  45.024458
018623  283.840272  45.024458
018624  284.146134  45.024458
018625  284.451997  45.024458
018626  284.757859  45.024458
018627  285.063721  45.024458
018628  285.369584  45.024458
018629  285.675446  45.024458
018630  285.981308  45.024458
018631  286.287171  45.024458
018632  286.593033  45.024458
018633  286.898895  45.024458
018634  287.204758  45.024458
018635  287.510620  45.024458
018636  287.816483  45.024458
018637  288.122345  45.024458
018638  288.428207  45.024458
018639  288.734070  45.024458
018640  289.039932  45.024458
018641  289.345794  45.024458
018642  289.651657  45.024458
018643  289.957519  45.024458
018644  290.263381  45.024458
018645  290.569244  45.024458
018646  290.875106  45.024458
018647  291.180969  45.024458
018648  291.486831  45.024458
018649  291.792693  45.024458
018650  292.098556  45.024458
018651  292.404418  45.024458
018652  292.710280  45.024458
018653  293.016143  45.024458
018654  293.322005  45.024458
018655  293.627867  45.024458
018656  293.933730  45.024458
018657  294.239592  45.024458
018658  294.545455  45.024458
018659  294.851317  45.024458
018660  295.157179  45.024458
018661  295.463042  45.024458
018662  295.768904  45.024458
018663  296.074766  45.024458
018664  296.380629  45.024458
018665  296.686491  45.024458
018666  296.992353  45.024458
018667  297.298216  45.024458
018668  297.604078  45.024458
018669  297.909941  45.024458
018670  298.215803  45.024458
018671  298.521665  45.024458
018672  298.827528  45.024458
018673  299.133390  45.024458
018674  236.010230  45.240295
018675  236.317136  45.240295
018676  236.624041  45.240295
018677  236.930946  45.240295
018678  237.237852  45.240295
018679  237.544757  45.240295
018680  237.851662  45.240295
018681  238.158568  45.240295
018682  238.465473  45.240295
018683  238.772379  45.240295
018684  239.079284  45.240295
018685  239.386189  45.240295
018686  239.693095  45.240295
018687  240.000000  45.240295
018688  240.306905  45.240295
018689  240.613811  45.240295
018690  240.920716  45.240295
018691  241.227621  45.240295
018692  241.534527  45.240295
018693  241.841432  45.240295
018694  242.148338  45.240295
018695  242.455243  45.240295
018696  242.762148  45.240295
018697  243.069054  45.240295
018698  243.375959  45.240295
018699  243.682864  45.240295
018700  243.989770  45.240295
018701  244.296675  45.240295
018702  244.603581  45.240295
018703  244.910486  45.240295
018704  245.217391  45.240295
018705  245.524297  45.240295
018706  245.831202  45.240295
018707  246.138107  45.240295
018708  246.445013  45.240295
018709  246.751918  45.240295
018710  247.058824  45.240295
018711  247.365729  45.240295
018712  247.672634  45.240295
018713  247.979540  45.240295
018714  248.286445  45.240295
018715  248.593350  45.240295
018716  248.900256  45.240295
018717  249.207161  45.240295
018718  249.514066  45.240295
018719  249.820972  45.240295
018720  250.127877  45.240295
018721  250.434783  45.240295
018722  250.741688  45.240295
018723  251.048593  45.240295
018724  251.355499  45.240295
018725  251.662404  45.240295
018726  251.969309  45.240295
018727  252.276215  45.240295
018728  252.583120  45.240295
018729  252.890026  45.240295
018730  253.196931  45.240295
018731  253.503836  45.240295
018732  253.810742  45.240295
018733  254.117647  45.240295
018734  254.424552  45.240295
018735  254.731458  45.240295
018736  255.038363  45.240295
018737  255.345269  45.240295
018738  255.652174  45.240295
018739  255.959079  45.240295
018740  256.265985  45.240295
018741  256.572890  45.240295
018742  256.879795  45.240295
018743  257.186701  45.240295
018744  257.493606  45.240295
018745  257.800512  45.240295
018746  258.107417  45.240295
018747  258.414322  45.240295
018748  258.721228  45.240295
018749  259.028133  45.240295
018750  259.335038  45.240295
018751  259.641944  45.240295
018752  259.948849  45.240295
018753  260.255754  45.240295
018754  260.562660  45.240295
018755  260.869565  45.240295
018756  261.176471  45.240295
018757  261.483376  45.240295
018758  261.790281  45.240295
018759  262.097187  45.240295
018760  262.404092  45.240295
018761  262.710997  45.240295
018762  263.017903  45.240295
018763  263.324808  45.240295
018764  263.631714  45.240295
018765  263.938619  45.240295
018766  264.245524  45.240295
018767  264.552430  45.240295
018768  264.859335  45.240295
018769  265.166240  45.240295
018770  265.473146  45.240295
018771  265.780051  45.240295
018772  266.086957  45.240295
018773  266.393862  45.240295
018774  266.700767  45.240295
018775  267.007673  45.240295
018776  267.314578  45.240295
018777  267.621483  45.240295
018778  267.928389  45.240295
018779  268.235294  45.240295
018780  268.542199  45.240295
018781  268.849105  45.240295
018782  269.156010  45.240295
018783  269.462916  45.240295
018784  269.769821  45.240295
018785  270.076726  45.240295
018786  270.383632  45.240295
018787  270.690537  45.240295
018788  270.997442  45.240295
018789  271.304348  45.240295
018790  271.611253  45.240295
018791  271.918159  45.240295
018792  272.225064  45.240295
018793  272.531969  45.240295
018794  272.838875  45.240295
018795  273.145780  45.240295
018796  273.452685  45.240295
018797  273.759591  45.240295
018798  274.066496  45.240295
018799  274.373402  45.240295
018800  274.680307  45.240295
018801  274.987212  45.240295
018802  275.294118  45.240295
018803  275.601023  45.240295
018804  275.907928  45.240295
018805  276.214834  45.240295
018806  276.521739  45.240295
018807  276.828645  45.240295
018808  277.135550  45.240295
018809  277.442455  45.240295
018810  277.749361  45.240295
018811  278.056266  45.240295
018812  278.363171  45.240295
018813  278.670077  45.240295
018814  278.976982  45.240295
018815  279.283887  45.240295
018816  279.590793  45.240295
018817  279.897698  45.240295
018818  280.204604  45.240295
018819  280.511509  45.240295
018820  280.818414  45.240295
018821  281.125320  45.240295
018822  281.432225  45.240295
018823  281.739130  45.240295
018824  282.046036  45.240295
018825  282.352941  45.240295
018826  282.659847  45.240295
018827  282.966752  45.240295
018828  283.273657  45.240295
018829  283.580563  45.240295
018830  283.887468  45.240295
018831  284.194373  45.240295
018832  284.501279  45.240295
018833  284.808184  45.240295
018834  285.115090  45.240295
018835  285.421995  45.240295
018836  285.728900  45.240295
018837  286.035806  45.240295
018838  286.342711  45.240295
018839  286.649616  45.240295
018840  286.956522  45.240295
018841  287.263427  45.240295
018842  287.570332  45.240295
018843  287.877238  45.240295
018844  288.184143  45.240295
018845  288.491049  45.240295
018846  288.797954  45.240295
018847  289.104859  45.240295
018848  289.411765  45.240295
018849  289.718670  45.240295
018850  290.025575  45.240295
018851  290.332481  45.240295
018852  290.639386  45.240295
018853  290.946292  45.240295
018854  291.253197  45.240295
018855  291.560102  45.240295
018856  291.867008  45.240295
018857  292.173913  45.240295
018858  292.480818  45.240295
018859  292.787724  45.240295
018860  293.094629  45.240295
018861  293.401535  45.240295
018862  293.708440  45.240295
018863  294.015345  45.240295
018864  294.322251  45.240295
018865  294.629156  45.240295
018866  294.936061  45.240295
018867  295.242967  45.240295
018868  295.549872  45.240295
018869  295.856777  45.240295
018870  296.163683  45.240295
018871  296.470588  45.240295
018872  296.777494  45.240295
018873  297.084399  45.240295
018874  297.391304  45.240295
018875  297.698210  45.240295
018876  298.005115  45.240295
018877  298.312020  45.240295
018878  298.618926  45.240295
018879  298.925831  45.240295
018880  299.232737  45.240295
018881  235.787671  45.456133
018882  236.095890  45.456133
018883  236.404110  45.456133
018884  236.712329  45.456133
018885  237.020548  45.456133
018886  237.328767  45.456133
018887  237.636986  45.456133
018888  237.945205  45.456133
018889  238.253425  45.456133
018890  238.561644  45.456133
018891  238.869863  45.456133
018892  239.178082  45.456133
018893  239.486301  45.456133
018894  239.794521  45.456133
018895  240.102740  45.456133
018896  240.410959  45.456133
018897  240.719178  45.456133
018898  241.027397  45.456133
018899  241.335616  45.456133
018900  241.643836  45.456133
018901  241.952055  45.456133
018902  242.260274  45.456133
018903  242.568493  45.456133
018904  242.876712  45.456133
018905  243.184932  45.456133
018906  243.493151  45.456133
018907  243.801370  45.456133
018908  244.109589  45.456133
018909  244.417808  45.456133
018910  244.726027  45.456133
018911  245.034247  45.456133
018912  245.342466  45.456133
018913  245.650685  45.456133
018914  245.958904  45.456133
018915  246.267123  45.456133
018916  246.575342  45.456133
018917  246.883562  45.456133
018918  247.191781  45.456133
018919  247.500000  45.456133
018920  247.808219  45.456133
018921  248.116438  45.456133
018922  248.424658  45.456133
018923  248.732877  45.456133
018924  249.041096  45.456133
018925  249.349315  45.456133
018926  249.657534  45.456133
018927  249.965753  45.456133
018928  250.273973  45.456133
018929  250.582192  45.456133
018930  250.890411  45.456133
018931  251.198630  45.456133
018932  251.506849  45.456133
018933  251.815068  45.456133
018934  252.123288  45.456133
018935  252.431507  45.456133
018936  252.739726  45.456133
018937  253.047945  45.456133
018938  253.356164  45.456133
018939  253.664384  45.456133
018940  253.972603  45.456133
018941  254.280822  45.456133
018942  254.589041  45.456133
018943  254.897260  45.456133
018944  255.205479  45.456133
018945  255.513699  45.456133
018946  255.821918  45.456133
018947  256.130137  45.456133
018948  256.438356  45.456133
018949  256.746575  45.456133
018950  257.054795  45.456133
018951  257.363014  45.456133
018952  257.671233  45.456133
018953  257.979452  45.456133
018954  258.287671  45.456133
018955  258.595890  45.456133
018956  258.904110  45.456133
018957  259.212329  45.456133
018958  259.520548  45.456133
018959  259.828767  45.456133
018960  260.136986  45.456133
018961  260.445205  45.456133
018962  260.753425  45.456133
018963  261.061644  45.456133
018964  261.369863  45.456133
018965  261.678082  45.456133
018966  261.986301  45.456133
018967  262.294521  45.456133
018968  262.602740  45.456133
018969  262.910959  45.456133
018970  263.219178  45.456133
018971  263.527397  45.456133
018972  263.835616  45.456133
018973  264.143836  45.456133
018974  264.452055  45.456133
018975  264.760274  45.456133
018976  265.068493  45.456133
018977  265.376712  45.456133
018978  265.684932  45.456133
018979  265.993151  45.456133
018980  266.301370  45.456133
018981  266.609589  45.456133
018982  266.917808  45.456133
018983  267.226027  45.456133
018984  267.534247  45.456133
018985  267.842466  45.456133
018986  268.150685  45.456133
018987  268.458904  45.456133
018988  268.767123  45.456133
018989  269.075342  45.456133
018990  269.383562  45.456133
018991  269.691781  45.456133
018992  270.000000  45.456133
018993  270.308219  45.456133
018994  270.616438  45.456133
018995  270.924658  45.456133
018996  271.232877  45.456133
018997  271.541096  45.456133
018998  271.849315  45.456133
018999  272.157534  45.456133
019000  272.465753  45.456133
019001  272.773973  45.456133
019002  273.082192  45.456133
019003  273.390411  45.456133
019004  273.698630  45.456133
019005  274.006849  45.456133
019006  274.315068  45.456133
019007  274.623288  45.456133
019008  274.931507  45.456133
019009  275.239726  45.456133
019010  275.547945  45.456133
019011  275.856164  45.456133
019012  276.164384  45.456133
019013  276.472603  45.456133
019014  276.780822  45.456133
019015  277.089041  45.456133
019016  277.397260  45.456133
019017  277.705479  45.456133
019018  278.013699  45.456133
019019  278.321918  45.456133
019020  278.630137  45.456133
019021  278.938356  45.456133
019022  279.246575  45.456133
019023  279.554795  45.456133
019024  279.863014  45.456133
019025  280.171233  45.456133
019026  280.479452  45.456133
019027  280.787671  45.456133
019028  281.095890  45.456133
019029  281.404110  45.456133
019030  281.712329  45.456133
019031  282.020548  45.456133
019032  282.328767  45.456133
019033  282.636986  45.456133
019034  282.945205  45.456133
019035  283.253425  45.456133
019036  283.561644  45.456133
019037  283.869863  45.456133
019038  284.178082  45.456133
019039  284.486301  45.456133
019040  284.794521  45.456133
019041  285.102740  45.456133
019042  285.410959  45.456133
019043  285.719178  45.456133
019044  286.027397  45.456133
019045  286.335616  45.456133
019046  286.643836  45.456133
019047  286.952055  45.456133
019048  287.260274  45.456133
019049  287.568493  45.456133
019050  287.876712  45.456133
019051  288.184932  45.456133
019052  288.493151  45.456133
019053  288.801370  45.456133
019054  289.109589  45.456133
019055  289.417808  45.456133
019056  289.726027  45.456133
019057  290.034247  45.456133
019058  290.342466  45.456133
019059  290.650685  45.456133
019060  290.958904  45.456133
019061  291.267123  45.456133
019062  291.575342  45.456133
019063  291.883562  45.456133
019064  292.191781  45.456133
019065  292.500000  45.456133
019066  292.808219  45.456133
019067  293.116438  45.456133
019068  293.424658  45.456133
019069  293.732877  45.456133
019070  294.041096  45.456133
019071  294.349315  45.456133
019072  294.657534  45.456133
019073  294.965753  45.456133
019074  295.273973  45.456133
019075  295.582192  45.456133
019076  295.890411  45.456133
019077  296.198630  45.456133
019078  296.506849  45.456133
019079  296.815068  45.456133
019080  297.123288  45.456133
019081  297.431507  45.456133
019082  297.739726  45.456133
019083  298.047945  45.456133
019084  298.356164  45.456133
019085  298.664384  45.456133
019086  298.972603  45.456133
019087  299.280822  45.456133
019088  299.589041  45.456133
019089  235.979381  45.671970
019090  236.288660  45.671970
019091  236.597938  45.671970
019092  236.907216  45.671970
019093  237.216495  45.671970
019094  237.525773  45.671970
019095  237.835052  45.671970
019096  238.144330  45.671970
019097  238.453608  45.671970
019098  238.762887  45.671970
019099  239.072165  45.671970
019100  239.381443  45.671970
019101  239.690722  45.671970
019102  240.000000  45.671970
019103  240.309278  45.671970
019104  240.618557  45.671970
019105  240.927835  45.671970
019106  241.237113  45.671970
019107  241.546392  45.671970
019108  241.855670  45.671970
019109  242.164948  45.671970
019110  242.474227  45.671970
019111  242.783505  45.671970
019112  243.092784  45.671970
019113  243.402062  45.671970
019114  243.711340  45.671970
019115  244.020619  45.671970
019116  244.329897  45.671970
019117  244.639175  45.671970
019118  244.948454  45.671970
019119  245.257732  45.671970
019120  245.567010  45.671970
019121  245.876289  45.671970
019122  246.185567  45.671970
019123  246.494845  45.671970
019124  246.804124  45.671970
019125  247.113402  45.671970
019126  247.422680  45.671970
019127  247.731959  45.671970
019128  248.041237  45.671970
019129  248.350515  45.671970
019130  248.659794  45.671970
019131  248.969072  45.671970
019132  249.278351  45.671970
019133  249.587629  45.671970
019134  249.896907  45.671970
019135  250.206186  45.671970
019136  250.515464  45.671970
019137  250.824742  45.671970
019138  251.134021  45.671970
019139  251.443299  45.671970
019140  251.752577  45.671970
019141  252.061856  45.671970
019142  252.371134  45.671970
019143  252.680412  45.671970
019144  252.989691  45.671970
019145  253.298969  45.671970
019146  253.608247  45.671970
019147  253.917526  45.671970
019148  254.226804  45.671970
019149  254.536082  45.671970
019150  254.845361  45.671970
019151  255.154639  45.671970
019152  255.463918  45.671970
019153  255.773196  45.671970
019154  256.082474  45.671970
019155  256.391753  45.671970
019156  256.701031  45.671970
019157  257.010309  45.671970
019158  257.319588  45.671970
019159  257.628866  45.671970
019160  257.938144  45.671970
019161  258.247423  45.671970
019162  258.556701  45.671970
019163  258.865979  45.671970
019164  259.175258  45.671970
019165  259.484536  45.671970
019166  259.793814  45.671970
019167  260.103093  45.671970
019168  260.412371  45.671970
019169  260.721649  45.671970
019170  261.030928  45.671970
019171  261.340206  45.671970
019172  261.649485  45.671970
019173  261.958763  45.671970
019174  262.268041  45.671970
019175  262.577320  45.671970
019176  262.886598  45.671970
019177  263.195876  45.671970
019178  263.505155  45.671970
019179  263.814433  45.671970
019180  264.123711  45.671970
019181  264.432990  45.671970
019182  264.742268  45.671970
019183  265.051546  45.671970
019184  265.360825  45.671970
019185  265.670103  45.671970
019186  265.979381  45.671970
019187  266.288660  45.671970
019188  266.597938  45.671970
019189  266.907216  45.671970
019190  267.216495  45.671970
019191  267.525773  45.671970
019192  267.835052  45.671970
019193  268.144330  45.671970
019194  268.453608  45.671970
019195  268.762887  45.671970
019196  269.072165  45.671970
019197  269.381443  45.671970
019198  269.690722  45.671970
019199  270.000000  45.671970
019200  270.309278  45.671970
019201  270.618557  45.671970
019202  270.927835  45.671970
019203  271.237113  45.671970
019204  271.546392  45.671970
019205  271.855670  45.671970
019206  272.164948  45.671970
019207  272.474227  45.671970
019208  272.783505  45.671970
019209  273.092784  45.671970
019210  273.402062  45.671970
019211  273.711340  45.671970
019212  274.020619  45.671970
019213  274.329897  45.671970
019214  274.639175  45.671970
019215  274.948454  45.671970
019216  275.257732  45.671970
019217  275.567010  45.671970
019218  275.876289  45.671970
019219  276.185567  45.671970
019220  276.494845  45.671970
019221  276.804124  45.671970
019222  277.113402  45.671970
019223  277.422680  45.671970
019224  277.731959  45.671970
019225  278.041237  45.671970
019226  278.350515  45.671970
019227  278.659794  45.671970
019228  278.969072  45.671970
019229  279.278351  45.671970
019230  279.587629  45.671970
019231  279.896907  45.671970
019232  280.206186  45.671970
019233  280.515464  45.671970
019234  280.824742  45.671970
019235  281.134021  45.671970
019236  281.443299  45.671970
019237  281.752577  45.671970
019238  282.061856  45.671970
019239  282.371134  45.671970
019240  282.680412  45.671970
019241  282.989691  45.671970
019242  283.298969  45.671970
019243  283.608247  45.671970
019244  283.917526  45.671970
019245  284.226804  45.671970
019246  284.536082  45.671970
019247  284.845361  45.671970
019248  285.154639  45.671970
019249  285.463918  45.671970
019250  285.773196  45.671970
019251  286.082474  45.671970
019252  286.391753  45.671970
019253  286.701031  45.671970
019254  287.010309  45.671970
019255  287.319588  45.671970
019256  287.628866  45.671970
019257  287.938144  45.671970
019258  288.247423  45.671970
019259  288.556701  45.671970
019260  288.865979  45.671970
019261  289.175258  45.671970
019262  289.484536  45.671970
019263  289.793814  45.671970
019264  290.103093  45.671970
019265  290.412371  45.671970
019266  290.721649  45.671970
019267  291.030928  45.671970
019268  291.340206  45.671970
019269  291.649485  45.671970
019270  291.958763  45.671970
019271  292.268041  45.671970
019272  292.577320  45.671970
019273  292.886598  45.671970
019274  293.195876  45.671970
019275  293.505155  45.671970
019276  293.814433  45.671970
019277  294.123711  45.671970
019278  294.432990  45.671970
019279  294.742268  45.671970
019280  295.051546  45.671970
019281  295.360825  45.671970
019282  295.670103  45.671970
019283  295.979381  45.671970
019284  296.288660  45.671970
019285  296.597938  45.671970
019286  296.907216  45.671970
019287  297.216495  45.671970
019288  297.525773  45.671970
019289  297.835052  45.671970
019290  298.144330  45.671970
019291  298.453608  45.671970
019292  298.762887  45.671970
019293  299.072165  45.671970
019294  299.381443  45.671970
019295  299.690722  45.671970
019296  300.000000  45.671970
019297  235.754961  45.887807
019298  236.065574  45.887807
019299  236.376186  45.887807
019300  236.686799  45.887807
019301  236.997412  45.887807
019302  237.308024  45.887807
019303  237.618637  45.887807
019304  237.929249  45.887807
019305  238.239862  45.887807
019306  238.550475  45.887807
019307  238.861087  45.887807
019308  239.171700  45.887807
019309  239.482312  45.887807
019310  239.792925  45.887807
019311  240.103538  45.887807
019312  240.414150  45.887807
019313  240.724763  45.887807
019314  241.035375  45.887807
019315  241.345988  45.887807
019316  241.656601  45.887807
019317  241.967213  45.887807
019318  242.277826  45.887807
019319  242.588438  45.887807
019320  242.899051  45.887807
019321  243.209664  45.887807
019322  243.520276  45.887807
019323  243.830889  45.887807
019324  244.141501  45.887807
019325  244.452114  45.887807
019326  244.762726  45.887807
019327  245.073339  45.887807
019328  245.383952  45.887807
019329  245.694564  45.887807
019330  246.005177  45.887807
019331  246.315789  45.887807
019332  246.626402  45.887807
019333  246.937015  45.887807
019334  247.247627  45.887807
019335  247.558240  45.887807
019336  247.868852  45.887807
019337  248.179465  45.887807
019338  248.490078  45.887807
019339  248.800690  45.887807
019340  249.111303  45.887807
019341  249.421915  45.887807
019342  249.732528  45.887807
019343  250.043141  45.887807
019344  250.353753  45.887807
019345  250.664366  45.887807
019346  250.974978  45.887807
019347  251.285591  45.887807
019348  251.596204  45.887807
019349  251.906816  45.887807
019350  252.217429  45.887807
019351  252.528041  45.887807
019352  252.838654  45.887807
019353  253.149267  45.887807
019354  253.459879  45.887807
019355  253.770492  45.887807
019356  254.081104  45.887807
019357  254.391717  45.887807
019358  254.702330  45.887807
019359  255.012942  45.887807
019360  255.323555  45.887807
019361  255.634167  45.887807
019362  255.944780  45.887807
019363  256.255393  45.887807
019364  256.566005  45.887807
019365  256.876618  45.887807
019366  257.187230  45.887807
019367  257.497843  45.887807
019368  257.808456  45.887807
019369  258.119068  45.887807
019370  258.429681  45.887807
019371  258.740293  45.887807
019372  259.050906  45.887807
019373  259.361519  45.887807
019374  259.672131  45.887807
019375  259.982744  45.887807
019376  260.293356  45.887807
019377  260.603969  45.887807
019378  260.914582  45.887807
019379  261.225194  45.887807
019380  261.535807  45.887807
019381  261.846419  45.887807
019382  262.157032  45.887807
019383  262.467645  45.887807
019384  262.778257  45.887807
019385  263.088870  45.887807
019386  263.399482  45.887807
019387  263.710095  45.887807
019388  264.020708  45.887807
019389  264.331320  45.887807
019390  264.641933  45.887807
019391  264.952545  45.887807
019392  265.263158  45.887807
019393  265.573770  45.887807
019394  265.884383  45.887807
019395  266.194996  45.887807
019396  266.505608  45.887807
019397  266.816221  45.887807
019398  267.126833  45.887807
019399  267.437446  45.887807
019400  267.748059  45.887807
019401  268.058671  45.887807
019402  268.369284  45.887807
019403  268.679896  45.887807
019404  268.990509  45.887807
019405  269.301122  45.887807
019406  269.611734  45.887807
019407  269.922347  45.887807
019408  270.232959  45.887807
019409  270.543572  45.887807
019410  270.854185  45.887807
019411  271.164797  45.887807
019412  271.475410  45.887807
019413  271.786022  45.887807
019414  272.096635  45.887807
019415  272.407248  45.887807
019416  272.717860  45.887807
019417  273.028473  45.887807
019418  273.339085  45.887807
019419  273.649698  45.887807
019420  273.960311  45.887807
019421  274.270923  45.887807
019422  274.581536  45.887807
019423  274.892148  45.887807
019424  275.202761  45.887807
019425  275.513374  45.887807
019426  275.823986  45.887807
019427  276.134599  45.887807
019428  276.445211  45.887807
019429  276.755824  45.887807
019430  277.066437  45.887807
019431  277.377049  45.887807
019432  277.687662  45.887807
019433  277.998274  45.887807
019434  278.308887  45.887807
019435  278.619500  45.887807
019436  278.930112  45.887807
019437  279.240725  45.887807
019438  279.551337  45.887807
019439  279.861950  45.887807
019440  280.172563  45.887807
019441  280.483175  45.887807
019442  280.793788  45.887807
019443  281.104400  45.887807
019444  281.415013  45.887807
019445  281.725626  45.887807
019446  282.036238  45.887807
019447  282.346851  45.887807
019448  282.657463  45.887807
019449  282.968076  45.887807
019450  283.278689  45.887807
019451  283.589301  45.887807
019452  283.899914  45.887807
019453  284.210526  45.887807
019454  284.521139  45.887807
019455  284.831752  45.887807
019456  285.142364  45.887807
019457  285.452977  45.887807
019458  285.763589  45.887807
019459  286.074202  45.887807
019460  286.384814  45.887807
019461  286.695427  45.887807
019462  287.006040  45.887807
019463  287.316652  45.887807
019464  287.627265  45.887807
019465  287.937877  45.887807
019466  288.248490  45.887807
019467  288.559103  45.887807
019468  288.869715  45.887807
019469  289.180328  45.887807
019470  289.490940  45.887807
019471  289.801553  45.887807
019472  290.112166  45.887807
019473  290.422778  45.887807
019474  290.733391  45.887807
019475  291.044003  45.887807
019476  291.354616  45.887807
019477  291.665229  45.887807
019478  291.975841  45.887807
019479  292.286454  45.887807
019480  292.597066  45.887807
019481  292.907679  45.887807
019482  293.218292  45.887807
019483  293.528904  45.887807
019484  293.839517  45.887807
019485  294.150129  45.887807
019486  294.460742  45.887807
019487  294.771355  45.887807
019488  295.081967  45.887807
019489  295.392580  45.887807
019490  295.703192  45.887807
019491  296.013805  45.887807
019492  296.324418  45.887807
019493  296.635030  45.887807
019494  296.945643  45.887807
019495  297.256255  45.887807
019496  297.566868  45.887807
019497  297.877481  45.887807
019498  298.188093  45.887807
019499  298.498706  45.887807
019500  298.809318  45.887807
019501  299.119931  45.887807
019502  299.430544  45.887807
019503  299.741156  45.887807
019504  300.051769  45.887807
019505  300.362381  45.887807
019506  235.948052  46.103644
019507  236.259740  46.103644
019508  236.571429  46.103644
019509  236.883117  46.103644
019510  237.194805  46.103644
019511  237.506494  46.103644
019512  237.818182  46.103644
019513  238.129870  46.103644
019514  238.441558  46.103644
019515  238.753247  46.103644
019516  239.064935  46.103644
019517  239.376623  46.103644
019518  239.688312  46.103644
019519  240.000000  46.103644
019520  240.311688  46.103644
019521  240.623377  46.103644
019522  240.935065  46.103644
019523  241.246753  46.103644
019524  241.558442  46.103644
019525  241.870130  46.103644
019526  242.181818  46.103644
019527  242.493506  46.103644
019528  242.805195  46.103644
019529  243.116883  46.103644
019530  243.428571  46.103644
019531  243.740260  46.103644
019532  244.051948  46.103644
019533  244.363636  46.103644
019534  244.675325  46.103644
019535  244.987013  46.103644
019536  245.298701  46.103644
019537  245.610390  46.103644
019538  245.922078  46.103644
019539  246.233766  46.103644
019540  246.545455  46.103644
019541  246.857143  46.103644
019542  247.168831  46.103644
019543  247.480519  46.103644
019544  247.792208  46.103644
019545  248.103896  46.103644
019546  248.415584  46.103644
019547  248.727273  46.103644
019548  249.038961  46.103644
019549  249.350649  46.103644
019550  249.662338  46.103644
019551  249.974026  46.103644
019552  250.285714  46.103644
019553  250.597403  46.103644
019554  250.909091  46.103644
019555  251.220779  46.103644
019556  251.532468  46.103644
019557  251.844156  46.103644
019558  252.155844  46.103644
019559  252.467532  46.103644
019560  252.779221  46.103644
019561  253.090909  46.103644
019562  253.402597  46.103644
019563  253.714286  46.103644
019564  254.025974  46.103644
019565  254.337662  46.103644
019566  254.649351  46.103644
019567  254.961039  46.103644
019568  255.272727  46.103644
019569  255.584416  46.103644
019570  255.896104  46.103644
019571  256.207792  46.103644
019572  256.519481  46.103644
019573  256.831169  46.103644
019574  257.142857  46.103644
019575  257.454545  46.103644
019576  257.766234  46.103644
019577  258.077922  46.103644
019578  258.389610  46.103644
019579  258.701299  46.103644
019580  259.012987  46.103644
019581  259.324675  46.103644
019582  259.636364  46.103644
019583  259.948052  46.103644
019584  260.259740  46.103644
019585  260.571429  46.103644
019586  260.883117  46.103644
019587  261.194805  46.103644
019588  261.506494  46.103644
019589  261.818182  46.103644
019590  262.129870  46.103644
019591  262.441558  46.103644
019592  262.753247  46.103644
019593  263.064935  46.103644
019594  263.376623  46.103644
019595  263.688312  46.103644
019596  264.000000  46.103644
019597  264.311688  46.103644
019598  264.623377  46.103644
019599  264.935065  46.103644
019600  265.246753  46.103644
019601  265.558442  46.103644
019602  265.870130  46.103644
019603  266.181818  46.103644
019604  266.493506  46.103644
019605  266.805195  46.103644
019606  267.116883  46.103644
019607  267.428571  46.103644
019608  267.740260  46.103644
019609  268.051948  46.103644
019610  268.363636  46.103644
019611  268.675325  46.103644
019612  268.987013  46.103644
019613  269.298701  46.103644
019614  269.610390  46.103644
019615  269.922078  46.103644
019616  270.233766  46.103644
019617  270.545455  46.103644
019618  270.857143  46.103644
019619  271.168831  46.103644
019620  271.480519  46.103644
019621  271.792208  46.103644
019622  272.103896  46.103644
019623  272.415584  46.103644
019624  272.727273  46.103644
019625  273.038961  46.103644
019626  273.350649  46.103644
019627  273.662338  46.103644
019628  273.974026  46.103644
019629  274.285714  46.103644
019630  274.597403  46.103644
019631  274.909091  46.103644
019632  275.220779  46.103644
019633  275.532468  46.103644
019634  275.844156  46.103644
019635  276.155844  46.103644
019636  276.467532  46.103644
019637  276.779221  46.103644
019638  277.090909  46.103644
019639  277.402597  46.103644
019640  277.714286  46.103644
019641  278.025974  46.103644
019642  278.337662  46.103644
019643  278.649351  46.103644
019644  278.961039  46.103644
019645  279.272727  46.103644
019646  279.584416  46.103644
019647  279.896104  46.103644
019648  280.207792  46.103644
019649  280.519481  46.103644
019650  280.831169  46.103644
019651  281.142857  46.103644
019652  281.454545  46.103644
019653  281.766234  46.103644
019654  282.077922  46.103644
019655  282.389610  46.103644
019656  282.701299  46.103644
019657  283.012987  46.103644
019658  283.324675  46.103644
019659  283.636364  46.103644
019660  283.948052  46.103644
019661  284.259740  46.103644
019662  284.571429  46.103644
019663  284.883117  46.103644
019664  285.194805  46.103644
019665  285.506494  46.103644
019666  285.818182  46.103644
019667  286.129870  46.103644
019668  286.441558  46.103644
019669  286.753247  46.103644
019670  287.064935  46.103644
019671  287.376623  46.103644
019672  287.688312  46.103644
019673  288.000000  46.103644
019674  288.311688  46.103644
019675  288.623377  46.103644
019676  288.935065  46.103644
019677  289.246753  46.103644
019678  289.558442  46.103644
019679  289.870130  46.103644
019680  290.181818  46.103644
019681  290.493506  46.103644
019682  290.805195  46.103644
019683  291.116883  46.103644
019684  291.428571  46.103644
019685  291.740260  46.103644
019686  292.051948  46.103644
019687  292.363636  46.103644
019688  292.675325  46.103644
019689  292.987013  46.103644
019690  293.298701  46.103644
019691  293.610390  46.103644
019692  293.922078  46.103644
019693  294.233766  46.103644
019694  294.545455  46.103644
019695  294.857143  46.103644
019696  295.168831  46.103644
019697  295.480519  46.103644
019698  295.792208  46.103644
019699  296.103896  46.103644
019700  296.415584  46.103644
019701  296.727273  46.103644
019702  297.038961  46.103644
019703  297.350649  46.103644
019704  297.662338  46.103644
019705  298.285714  46.103644
019706  298.597403  46.103644
019707  298.909091  46.103644
019708  299.220779  46.103644
019709  299.532468  46.103644
019710  299.844156  46.103644
019711  300.155844  46.103644
019712  300.467532  46.103644
019713  235.721739  46.319481
019714  236.034783  46.319481
019715  236.347826  46.319481
019716  236.660870  46.319481
019717  236.973913  46.319481
019718  237.286957  46.319481
019719  237.600000  46.319481
019720  237.913043  46.319481
019721  238.226087  46.319481
019722  238.539130  46.319481
019723  238.852174  46.319481
019724  239.165217  46.319481
019725  239.478261  46.319481
019726  239.791304  46.319481
019727  240.104348  46.319481
019728  240.417391  46.319481
019729  240.730435  46.319481
019730  241.043478  46.319481
019731  241.356522  46.319481
019732  241.669565  46.319481
019733  241.982609  46.319481
019734  242.295652  46.319481
019735  242.608696  46.319481
019736  242.921739  46.319481
019737  243.234783  46.319481
019738  243.547826  46.319481
019739  243.860870  46.319481
019740  244.173913  46.319481
019741  244.486957  46.319481
019742  244.800000  46.319481
019743  245.113043  46.319481
019744  245.426087  46.319481
019745  245.739130  46.319481
019746  246.052174  46.319481
019747  246.365217  46.319481
019748  246.678261  46.319481
019749  246.991304  46.319481
019750  247.304348  46.319481
019751  247.617391  46.319481
019752  247.930435  46.319481
019753  248.243478  46.319481
019754  248.556522  46.319481
019755  248.869565  46.319481
019756  249.182609  46.319481
019757  249.495652  46.319481
019758  249.808696  46.319481
019759  250.121739  46.319481
019760  250.434783  46.319481
019761  250.747826  46.319481
019762  251.060870  46.319481
019763  251.373913  46.319481
019764  251.686957  46.319481
019765  252.000000  46.319481
019766  252.313043  46.319481
019767  252.626087  46.319481
019768  252.939130  46.319481
019769  253.252174  46.319481
019770  253.565217  46.319481
019771  253.878261  46.319481
019772  254.191304  46.319481
019773  254.504348  46.319481
019774  254.817391  46.319481
019775  255.130435  46.319481
019776  255.443478  46.319481
019777  255.756522  46.319481
019778  256.069565  46.319481
019779  256.382609  46.319481
019780  256.695652  46.319481
019781  257.008696  46.319481
019782  257.321739  46.319481
019783  257.634783  46.319481
019784  257.947826  46.319481
019785  258.260870  46.319481
019786  258.573913  46.319481
019787  258.886957  46.319481
019788  259.200000  46.319481
019789  259.513043  46.319481
019790  259.826087  46.319481
019791  260.139130  46.319481
019792  260.452174  46.319481
019793  260.765217  46.319481
019794  261.078261  46.319481
019795  261.391304  46.319481
019796  261.704348  46.319481
019797  262.017391  46.319481
019798  262.330435  46.319481
019799  262.643478  46.319481
019800  262.956522  46.319481
019801  263.269565  46.319481
019802  263.582609  46.319481
019803  263.895652  46.319481
019804  264.208696  46.319481
019805  264.521739  46.319481
019806  264.834783  46.319481
019807  265.147826  46.319481
019808  265.460870  46.319481
019809  265.773913  46.319481
019810  266.086957  46.319481
019811  266.400000  46.319481
019812  266.713043  46.319481
019813  267.026087  46.319481
019814  267.339130  46.319481
019815  267.652174  46.319481
019816  267.965217  46.319481
019817  268.278261  46.319481
019818  268.591304  46.319481
019819  268.904348  46.319481
019820  269.217391  46.319481
019821  269.530435  46.319481
019822  269.843478  46.319481
019823  270.156522  46.319481
019824  270.469565  46.319481
019825  270.782609  46.319481
019826  271.095652  46.319481
019827  271.408696  46.319481
019828  271.721739  46.319481
019829  272.034783  46.319481
019830  272.347826  46.319481
019831  272.660870  46.319481
019832  272.973913  46.319481
019833  273.286957  46.319481
019834  273.600000  46.319481
019835  273.913043  46.319481
019836  274.226087  46.319481
019837  274.539130  46.319481
019838  274.852174  46.319481
019839  275.165217  46.319481
019840  275.478261  46.319481
019841  275.791304  46.319481
019842  276.104348  46.319481
019843  276.417391  46.319481
019844  276.730435  46.319481
019845  277.043478  46.319481
019846  277.356522  46.319481
019847  277.669565  46.319481
019848  277.982609  46.319481
019849  278.295652  46.319481
019850  278.608696  46.319481
019851  278.921739  46.319481
019852  279.234783  46.319481
019853  279.547826  46.319481
019854  279.860870  46.319481
019855  280.173913  46.319481
019856  280.486957  46.319481
019857  280.800000  46.319481
019858  281.113043  46.319481
019859  281.426087  46.319481
019860  281.739130  46.319481
019861  282.052174  46.319481
019862  282.365217  46.319481
019863  282.678261  46.319481
019864  282.991304  46.319481
019865  283.304348  46.319481
019866  283.617391  46.319481
019867  283.930435  46.319481
019868  284.243478  46.319481
019869  284.556522  46.319481
019870  284.869565  46.319481
019871  285.182609  46.319481
019872  285.495652  46.319481
019873  285.808696  46.319481
019874  286.121739  46.319481
019875  286.434783  46.319481
019876  286.747826  46.319481
019877  287.060870  46.319481
019878  287.373913  46.319481
019879  287.686957  46.319481
019880  288.000000  46.319481
019881  288.313043  46.319481
019882  288.626087  46.319481
019883  288.939130  46.319481
019884  289.252174  46.319481
019885  289.565217  46.319481
019886  289.878261  46.319481
019887  290.191304  46.319481
019888  290.504348  46.319481
019889  290.817391  46.319481
019890  291.130435  46.319481
019891  291.443478  46.319481
019892  291.756522  46.319481
019893  292.069565  46.319481
019894  292.382609  46.319481
019895  292.695652  46.319481
019896  293.008696  46.319481
019897  293.321739  46.319481
019898  293.634783  46.319481
019899  293.947826  46.319481
019900  294.260870  46.319481
019901  294.573913  46.319481
019902  294.886957  46.319481
019903  295.200000  46.319481
019904  295.513043  46.319481
019905  295.826087  46.319481
019906  296.139130  46.319481
019907  296.452174  46.319481
019908  296.765217  46.319481
019909  297.078261  46.319481
019910  297.391304  46.319481
019911  297.704348  46.319481
019912  298.330435  46.319481
019913  298.643478  46.319481
019914  298.956522  46.319481
019915  299.269565  46.319481
019916  299.582609  46.319481
019917  299.895652  46.319481
019918  300.208696  46.319481
019919  235.916230  46.535318
019920  236.230366  46.535318
019921  236.544503  46.535318
019922  236.858639  46.535318
019923  237.172775  46.535318
019924  237.486911  46.535318
019925  237.801047  46.535318
019926  238.115183  46.535318
019927  238.429319  46.535318
019928  238.743455  46.535318
019929  239.057592  46.535318
019930  239.371728  46.535318
019931  239.685864  46.535318
019932  240.000000  46.535318
019933  240.314136  46.535318
019934  240.628272  46.535318
019935  240.942408  46.535318
019936  241.256545  46.535318
019937  241.570681  46.535318
019938  241.884817  46.535318
019939  242.198953  46.535318
019940  242.513089  46.535318
019941  242.827225  46.535318
019942  243.141361  46.535318
019943  243.455497  46.535318
019944  243.769634  46.535318
019945  244.083770  46.535318
019946  244.397906  46.535318
019947  244.712042  46.535318
019948  245.026178  46.535318
019949  245.340314  46.535318
019950  245.654450  46.535318
019951  245.968586  46.535318
019952  246.282723  46.535318
019953  246.596859  46.535318
019954  246.910995  46.535318
019955  247.225131  46.535318
019956  247.539267  46.535318
019957  247.853403  46.535318
019958  248.167539  46.535318
019959  248.481675  46.535318
019960  248.795812  46.535318
019961  249.109948  46.535318
019962  249.424084  46.535318
019963  249.738220  46.535318
019964  250.052356  46.535318
019965  250.366492  46.535318
019966  250.680628  46.535318
019967  250.994764  46.535318
019968  251.308901  46.535318
019969  251.623037  46.535318
019970  251.937173  46.535318
019971  252.251309  46.535318
019972  252.565445  46.535318
019973  252.879581  46.535318
019974  253.193717  46.535318
019975  253.507853  46.535318
019976  253.821990  46.535318
019977  254.136126  46.535318
019978  254.450262  46.535318
019979  254.764398  46.535318
019980  255.078534  46.535318
019981  255.392670  46.535318
019982  255.706806  46.535318
019983  256.020942  46.535318
019984  256.335079  46.535318
019985  256.649215  46.535318
019986  256.963351  46.535318
019987  257.277487  46.535318
019988  257.591623  46.535318
019989  257.905759  46.535318
019990  258.219895  46.535318
019991  258.534031  46.535318
019992  258.848168  46.535318
019993  259.162304  46.535318
019994  259.476440  46.535318
019995  259.790576  46.535318
019996  260.104712  46.535318
019997  260.418848  46.535318
019998  260.732984  46.535318
019999  261.047120  46.535318
020000  261.361257  46.535318
020001  261.675393  46.535318
020002  261.989529  46.535318
020003  262.303665  46.535318
020004  262.617801  46.535318
020005  262.931937  46.535318
020006  263.246073  46.535318
020007  263.560209  46.535318
020008  263.874346  46.535318
020009  264.188482  46.535318
020010  264.502618  46.535318
020011  264.816754  46.535318
020012  265.130890  46.535318
020013  265.445026  46.535318
020014  265.759162  46.535318
020015  266.073298  46.535318
020016  266.387435  46.535318
020017  266.701571  46.535318
020018  267.015707  46.535318
020019  267.329843  46.535318
020020  267.643979  46.535318
020021  267.958115  46.535318
020022  268.272251  46.535318
020023  268.586387  46.535318
020024  268.900524  46.535318
020025  269.214660  46.535318
020026  269.528796  46.535318
020027  269.842932  46.535318
020028  270.157068  46.535318
020029  270.471204  46.535318
020030  270.785340  46.535318
020031  271.099476  46.535318
020032  271.413613  46.535318
020033  271.727749  46.535318
020034  272.041885  46.535318
020035  272.356021  46.535318
020036  272.670157  46.535318
020037  272.984293  46.535318
020038  273.298429  46.535318
020039  273.612565  46.535318
020040  273.926702  46.535318
020041  274.240838  46.535318
020042  274.554974  46.535318
020043  274.869110  46.535318
020044  275.183246  46.535318
020045  275.497382  46.535318
020046  275.811518  46.535318
020047  276.125654  46.535318
020048  276.439791  46.535318
020049  276.753927  46.535318
020050  277.068063  46.535318
020051  277.382199  46.535318
020052  277.696335  46.535318
020053  278.010471  46.535318
020054  278.324607  46.535318
020055  278.638743  46.535318
020056  278.952880  46.535318
020057  279.267016  46.535318
020058  279.581152  46.535318
020059  279.895288  46.535318
020060  280.209424  46.535318
020061  280.523560  46.535318
020062  280.837696  46.535318
020063  281.151832  46.535318
020064  281.465969  46.535318
020065  281.780105  46.535318
020066  282.094241  46.535318
020067  282.408377  46.535318
020068  282.722513  46.535318
020069  283.036649  46.535318
020070  283.350785  46.535318
020071  283.664921  46.535318
020072  283.979058  46.535318
020073  284.293194  46.535318
020074  284.607330  46.535318
020075  284.921466  46.535318
020076  285.235602  46.535318
020077  285.549738  46.535318
020078  285.863874  46.535318
020079  286.178010  46.535318
020080  286.492147  46.535318
020081  286.806283  46.535318
020082  287.120419  46.535318
020083  287.434555  46.535318
020084  287.748691  46.535318
020085  288.062827  46.535318
020086  288.376963  46.535318
020087  288.691099  46.535318
020088  289.005236  46.535318
020089  289.319372  46.535318
020090  289.633508  46.535318
020091  289.947644  46.535318
020092  290.261780  46.535318
020093  290.575916  46.535318
020094  290.890052  46.535318
020095  291.204188  46.535318
020096  291.518325  46.535318
020097  291.832461  46.535318
020098  292.146597  46.535318
020099  292.460733  46.535318
020100  292.774869  46.535318
020101  293.089005  46.535318
020102  293.403141  46.535318
020103  293.717277  46.535318
020104  294.031414  46.535318
020105  294.345550  46.535318
020106  294.659686  46.535318
020107  294.973822  46.535318
020108  295.287958  46.535318
020109  295.602094  46.535318
020110  295.916230  46.535318
020111  296.230366  46.535318
020112  296.544503  46.535318
020113  296.858639  46.535318
020114  297.172775  46.535318
020115  297.486911  46.535318
020116  298.743455  46.535318
020117  299.057592  46.535318
020118  299.371728  46.535318
020119  299.685864  46.535318
020120  235.687993  46.751156
020121  236.003506  46.751156
020122  236.319018  46.751156
020123  236.634531  46.751156
020124  236.950044  46.751156
020125  237.265557  46.751156
020126  237.581069  46.751156
020127  237.896582  46.751156
020128  238.212095  46.751156
020129  238.527607  46.751156
020130  238.843120  46.751156
020131  239.158633  46.751156
020132  239.474145  46.751156
020133  239.789658  46.751156
020134  240.105171  46.751156
020135  240.420684  46.751156
020136  240.736196  46.751156
020137  241.051709  46.751156
020138  241.367222  46.751156
020139  241.682734  46.751156
020140  241.998247  46.751156
020141  242.313760  46.751156
020142  242.629273  46.751156
020143  242.944785  46.751156
020144  243.260298  46.751156
020145  243.575811  46.751156
020146  243.891323  46.751156
020147  244.206836  46.751156
020148  244.522349  46.751156
020149  244.837862  46.751156
020150  245.153374  46.751156
020151  245.468887  46.751156
020152  245.784400  46.751156
020153  246.099912  46.751156
020154  246.415425  46.751156
020155  246.730938  46.751156
020156  247.046450  46.751156
020157  247.361963  46.751156
020158  247.677476  46.751156
020159  247.992989  46.751156
020160  248.308501  46.751156
020161  248.624014  46.751156
020162  248.939527  46.751156
020163  249.255039  46.751156
020164  249.570552  46.751156
020165  249.886065  46.751156
020166  250.201578  46.751156
020167  250.517090  46.751156
020168  250.832603  46.751156
020169  251.148116  46.751156
020170  251.463628  46.751156
020171  251.779141  46.751156
020172  252.094654  46.751156
020173  252.410167  46.751156
020174  252.725679  46.751156
020175  253.041192  46.751156
020176  253.356705  46.751156
020177  253.672217  46.751156
020178  253.987730  46.751156
020179  254.303243  46.751156
020180  254.618755  46.751156
020181  254.934268  46.751156
020182  255.249781  46.751156
020183  255.565294  46.751156
020184  255.880806  46.751156
020185  256.196319  46.751156
020186  256.511832  46.751156
020187  256.827344  46.751156
020188  257.142857  46.751156
020189  257.458370  46.751156
020190  257.773883  46.751156
020191  258.089395  46.751156
020192  258.404908  46.751156
020193  258.720421  46.751156
020194  259.035933  46.751156
020195  259.351446  46.751156
020196  259.666959  46.751156
020197  259.982472  46.751156
020198  260.297984  46.751156
020199  260.613497  46.751156
020200  260.929010  46.751156
020201  261.244522  46.751156
020202  261.560035  46.751156
020203  261.875548  46.751156
020204  262.191060  46.751156
020205  262.506573  46.751156
020206  262.822086  46.751156
020207  263.137599  46.751156
020208  263.453111  46.751156
020209  263.768624  46.751156
020210  264.084137  46.751156
020211  264.399649  46.751156
020212  264.715162  46.751156
020213  265.030675  46.751156
020214  265.346188  46.751156
020215  265.661700  46.751156
020216  265.977213  46.751156
020217  266.292726  46.751156
020218  266.608238  46.751156
020219  266.923751  46.751156
020220  267.239264  46.751156
020221  267.554777  46.751156
020222  267.870289  46.751156
020223  268.185802  46.751156
020224  268.501315  46.751156
020225  268.816827  46.751156
020226  269.132340  46.751156
020227  269.447853  46.751156
020228  269.763365  46.751156
020229  270.078878  46.751156
020230  270.394391  46.751156
020231  270.709904  46.751156
020232  271.025416  46.751156
020233  271.340929  46.751156
020234  271.656442  46.751156
020235  271.971954  46.751156
020236  272.287467  46.751156
020237  272.602980  46.751156
020238  272.918493  46.751156
020239  273.234005  46.751156
020240  273.549518  46.751156
020241  273.865031  46.751156
020242  274.180543  46.751156
020243  274.496056  46.751156
020244  274.811569  46.751156
020245  275.127082  46.751156
020246  275.442594  46.751156
020247  275.758107  46.751156
020248  276.073620  46.751156
020249  276.389132  46.751156
020250  276.704645  46.751156
020251  277.020158  46.751156
020252  277.335670  46.751156
020253  277.651183  46.751156
020254  277.966696  46.751156
020255  278.282209  46.751156
020256  278.597721  46.751156
020257  278.913234  46.751156
020258  279.228747  46.751156
020259  279.544259  46.751156
020260  279.859772  46.751156
020261  280.175285  46.751156
020262  280.490798  46.751156
020263  280.806310  46.751156
020264  281.121823  46.751156
020265  281.437336  46.751156
020266  281.752848  46.751156
020267  282.068361  46.751156
020268  282.383874  46.751156
020269  282.699387  46.751156
020270  283.014899  46.751156
020271  283.330412  46.751156
020272  283.645925  46.751156
020273  283.961437  46.751156
020274  284.276950  46.751156
020275  284.592463  46.751156
020276  284.907975  46.751156
020277  285.223488  46.751156
020278  285.539001  46.751156
020279  285.854514  46.751156
020280  286.170026  46.751156
020281  286.485539  46.751156
020282  286.801052  46.751156
020283  287.116564  46.751156
020284  287.432077  46.751156
020285  287.747590  46.751156
020286  288.063103  46.751156
020287  288.378615  46.751156
020288  288.694128  46.751156
020289  289.009641  46.751156
020290  289.325153  46.751156
020291  289.640666  46.751156
020292  289.956179  46.751156
020293  290.271691  46.751156
020294  290.587204  46.751156
020295  290.902717  46.751156
020296  291.218230  46.751156
020297  291.533742  46.751156
020298  291.849255  46.751156
020299  292.164768  46.751156
020300  292.480280  46.751156
020301  292.795793  46.751156
020302  293.111306  46.751156
020303  293.426819  46.751156
020304  293.742331  46.751156
020305  294.057844  46.751156
020306  294.373357  46.751156
020307  294.688869  46.751156
020308  295.004382  46.751156
020309  295.319895  46.751156
020310  295.635408  46.751156
020311  295.950920  46.751156
020312  298.790535  46.751156
020313  299.106047  46.751156
020314  299.421560  46.751156
020315  299.737073  46.751156
020316  235.883905  46.966993
020317  236.200528  46.966993
020318  236.517150  46.966993
020319  236.833773  46.966993
020320  237.150396  46.966993
020321  237.467018  46.966993
020322  237.783641  46.966993
020323  238.100264  46.966993
020324  238.416887  46.966993
020325  238.733509  46.966993
020326  239.050132  46.966993
020327  239.366755  46.966993
020328  239.683377  46.966993
020329  240.000000  46.966993
020330  240.316623  46.966993
020331  240.633245  46.966993
020332  240.949868  46.966993
020333  241.266491  46.966993
020334  241.583113  46.966993
020335  241.899736  46.966993
020336  242.216359  46.966993
020337  242.532982  46.966993
020338  242.849604  46.966993
020339  243.166227  46.966993
020340  243.482850  46.966993
020341  243.799472  46.966993
020342  244.116095  46.966993
020343  244.432718  46.966993
020344  244.749340  46.966993
020345  245.065963  46.966993
020346  245.382586  46.966993
020347  245.699208  46.966993
020348  246.015831  46.966993
020349  246.332454  46.966993
020350  246.649077  46.966993
020351  246.965699  46.966993
020352  247.282322  46.966993
020353  247.598945  46.966993
020354  247.915567  46.966993
020355  248.232190  46.966993
020356  248.548813  46.966993
020357  248.865435  46.966993
020358  249.182058  46.966993
020359  249.498681  46.966993
020360  249.815303  46.966993
020361  250.131926  46.966993
020362  250.448549  46.966993
020363  250.765172  46.966993
020364  251.081794  46.966993
020365  251.398417  46.966993
020366  251.715040  46.966993
020367  252.031662  46.966993
020368  252.348285  46.966993
020369  252.664908  46.966993
020370  252.981530  46.966993
020371  253.298153  46.966993
020372  253.614776  46.966993
020373  253.931398  46.966993
020374  254.248021  46.966993
020375  254.564644  46.966993
020376  254.881266  46.966993
020377  255.197889  46.966993
020378  255.514512  46.966993
020379  255.831135  46.966993
020380  256.147757  46.966993
020381  256.464380  46.966993
020382  256.781003  46.966993
020383  257.097625  46.966993
020384  257.414248  46.966993
020385  257.730871  46.966993
020386  258.047493  46.966993
020387  258.364116  46.966993
020388  258.680739  46.966993
020389  258.997361  46.966993
020390  259.313984  46.966993
020391  259.630607  46.966993
020392  259.947230  46.966993
020393  260.263852  46.966993
020394  260.580475  46.966993
020395  260.897098  46.966993
020396  261.213720  46.966993
020397  261.530343  46.966993
020398  261.846966  46.966993
020399  262.163588  46.966993
020400  262.480211  46.966993
020401  262.796834  46.966993
020402  263.113456  46.966993
020403  263.430079  46.966993
020404  263.746702  46.966993
020405  264.063325  46.966993
020406  264.379947  46.966993
020407  264.696570  46.966993
020408  265.013193  46.966993
020409  265.329815  46.966993
020410  265.646438  46.966993
020411  265.963061  46.966993
020412  266.279683  46.966993
020413  266.596306  46.966993
020414  266.912929  46.966993
020415  267.229551  46.966993
020416  267.546174  46.966993
020417  267.862797  46.966993
020418  268.179420  46.966993
020419  268.496042  46.966993
020420  268.812665  46.966993
020421  269.129288  46.966993
020422  269.445910  46.966993
020423  269.762533  46.966993
020424  270.079156  46.966993
020425  270.395778  46.966993
020426  270.712401  46.966993
020427  271.029024  46.966993
020428  271.345646  46.966993
020429  271.662269  46.966993
020430  271.978892  46.966993
020431  272.295515  46.966993
020432  272.612137  46.966993
020433  272.928760  46.966993
020434  273.245383  46.966993
020435  273.562005  46.966993
020436  273.878628  46.966993
020437  274.195251  46.966993
020438  274.511873  46.966993
020439  274.828496  46.966993
020440  275.145119  46.966993
020441  275.461741  46.966993
020442  275.778364  46.966993
020443  276.094987  46.966993
020444  276.411609  46.966993
020445  276.728232  46.966993
020446  277.044855  46.966993
020447  277.361478  46.966993
020448  277.678100  46.966993
020449  277.994723  46.966993
020450  278.311346  46.966993
020451  278.627968  46.966993
020452  278.944591  46.966993
020453  279.261214  46.966993
020454  279.577836  46.966993
020455  279.894459  46.966993
020456  280.211082  46.966993
020457  280.527704  46.966993
020458  280.844327  46.966993
020459  281.160950  46.966993
020460  281.477573  46.966993
020461  281.794195  46.966993
020462  282.110818  46.966993
020463  282.427441  46.966993
020464  282.744063  46.966993
020465  283.060686  46.966993
020466  283.377309  46.966993
020467  283.693931  46.966993
020468  284.010554  46.966993
020469  284.327177  46.966993
020470  284.643799  46.966993
020471  284.960422  46.966993
020472  285.277045  46.966993
020473  285.593668  46.966993
020474  285.910290  46.966993
020475  286.226913  46.966993
020476  286.543536  46.966993
020477  286.860158  46.966993
020478  287.176781  46.966993
020479  287.493404  46.966993
020480  287.810026  46.966993
020481  288.126649  46.966993
020482  288.443272  46.966993
020483  288.759894  46.966993
020484  289.076517  46.966993
020485  289.393140  46.966993
020486  289.709763  46.966993
020487  290.026385  46.966993
020488  290.343008  46.966993
020489  290.659631  46.966993
020490  290.976253  46.966993
020491  291.292876  46.966993
020492  291.609499  46.966993
020493  291.926121  46.966993
020494  292.242744  46.966993
020495  292.559367  46.966993
020496  292.875989  46.966993
020497  293.192612  46.966993
020498  293.509235  46.966993
020499  293.825858  46.966993
020500  294.142480  46.966993
020501  294.459103  46.966993
020502  294.775726  46.966993
020503  295.092348  46.966993
020504  295.408971  46.966993
020505  295.725594  46.966993
020506  298.891821  46.966993
020507  299.208443  46.966993
020508  299.525066  46.966993
020509  299.841689  46.966993
020510  235.653710  47.182830
020511  235.971731  47.182830
020512  236.289753  47.182830
020513  236.607774  47.182830
020514  236.925795  47.182830
020515  237.243816  47.182830
020516  237.561837  47.182830
020517  237.879859  47.182830
020518  238.197880  47.182830
020519  238.515901  47.182830
020520  238.833922  47.182830
020521  239.151943  47.182830
020522  239.469965  47.182830
020523  239.787986  47.182830
020524  240.106007  47.182830
020525  240.424028  47.182830
020526  240.742049  47.182830
020527  241.060071  47.182830
020528  241.378092  47.182830
020529  241.696113  47.182830
020530  242.014134  47.182830
020531  242.332155  47.182830
020532  242.650177  47.182830
020533  242.968198  47.182830
020534  243.286219  47.182830
020535  243.604240  47.182830
020536  243.922261  47.182830
020537  244.240283  47.182830
020538  244.558304  47.182830
020539  244.876325  47.182830
020540  245.194346  47.182830
020541  245.512367  47.182830
020542  245.830389  47.182830
020543  246.148410  47.182830
020544  246.466431  47.182830
020545  246.784452  47.182830
020546  247.102473  47.182830
020547  247.420495  47.182830
020548  247.738516  47.182830
020549  248.056537  47.182830
020550  248.374558  47.182830
020551  248.692580  47.182830
020552  249.010601  47.182830
020553  249.328622  47.182830
020554  249.646643  47.182830
020555  249.964664  47.182830
020556  250.282686  47.182830
020557  250.600707  47.182830
020558  250.918728  47.182830
020559  251.236749  47.182830
020560  251.554770  47.182830
020561  251.872792  47.182830
020562  252.190813  47.182830
020563  252.508834  47.182830
020564  252.826855  47.182830
020565  253.144876  47.182830
020566  253.462898  47.182830
020567  253.780919  47.182830
020568  254.098940  47.182830
020569  254.416961  47.182830
020570  254.734982  47.182830
020571  255.053004  47.182830
020572  255.371025  47.182830
020573  255.689046  47.182830
020574  256.007067  47.182830
020575  256.325088  47.182830
020576  256.643110  47.182830
020577  256.961131  47.182830
020578  257.279152  47.182830
020579  257.597173  47.182830
020580  257.915194  47.182830
020581  258.233216  47.182830
020582  258.551237  47.182830
020583  258.869258  47.182830
020584  259.187279  47.182830
020585  259.505300  47.182830
020586  259.823322  47.182830
020587  260.141343  47.182830
020588  260.459364  47.182830
020589  260.777385  47.182830
020590  261.095406  47.182830
020591  261.413428  47.182830
020592  261.731449  47.182830
020593  262.049470  47.182830
020594  262.367491  47.182830
020595  262.685512  47.182830
020596  263.003534  47.182830
020597  263.321555  47.182830
020598  263.639576  47.182830
020599  263.957597  47.182830
020600  264.275618  47.182830
020601  264.593640  47.182830
020602  264.911661  47.182830
020603  265.229682  47.182830
020604  265.547703  47.182830
020605  265.865724  47.182830
020606  266.183746  47.182830
020607  266.501767  47.182830
020608  266.819788  47.182830
020609  267.137809  47.182830
020610  267.455830  47.182830
020611  267.773852  47.182830
020612  268.091873  47.182830
020613  268.409894  47.182830
020614  268.727915  47.182830
020615  269.045936  47.182830
020616  269.363958  47.182830
020617  269.681979  47.182830
020618  270.000000  47.182830
020619  270.318021  47.182830
020620  270.636042  47.182830
020621  270.954064  47.182830
020622  271.272085  47.182830
020623  271.590106  47.182830
020624  271.908127  47.182830
020625  272.226148  47.182830
020626  272.544170  47.182830
020627  272.862191  47.182830
020628  273.180212  47.182830
020629  273.498233  47.182830
020630  273.816254  47.182830
020631  274.134276  47.182830
020632  274.452297  47.182830
020633  274.770318  47.182830
020634  275.088339  47.182830
020635  275.406360  47.182830
020636  275.724382  47.182830
020637  276.042403  47.182830
020638  276.360424  47.182830
020639  276.678445  47.182830
020640  276.996466  47.182830
020641  277.314488  47.182830
020642  277.632509  47.182830
020643  277.950530  47.182830
020644  278.268551  47.182830
020645  278.586572  47.182830
020646  278.904594  47.182830
020647  279.222615  47.182830
020648  279.540636  47.182830
020649  279.858657  47.182830
020650  280.176678  47.182830
020651  280.494700  47.182830
020652  280.812721  47.182830
020653  281.130742  47.182830
020654  281.448763  47.182830
020655  281.766784  47.182830
020656  282.084806  47.182830
020657  282.402827  47.182830
020658  282.720848  47.182830
020659  283.038869  47.182830
020660  283.356890  47.182830
020661  283.674912  47.182830
020662  283.992933  47.182830
020663  284.310954  47.182830
020664  284.628975  47.182830
020665  284.946996  47.182830
020666  285.265018  47.182830
020667  285.583039  47.182830
020668  285.901060  47.182830
020669  286.219081  47.182830
020670  286.537102  47.182830
020671  286.855124  47.182830
020672  287.173145  47.182830
020673  287.491166  47.182830
020674  287.809187  47.182830
020675  288.127208  47.182830
020676  288.445230  47.182830
020677  288.763251  47.182830
020678  289.081272  47.182830
020679  289.399293  47.182830
020680  289.717314  47.182830
020681  290.035336  47.182830
020682  290.353357  47.182830
020683  290.671378  47.182830
020684  290.989399  47.182830
020685  291.307420  47.182830
020686  291.625442  47.182830
020687  291.943463  47.182830
020688  292.261484  47.182830
020689  292.579505  47.182830
020690  292.897527  47.182830
020691  293.215548  47.182830
020692  293.533569  47.182830
020693  293.851590  47.182830
020694  294.169611  47.182830
020695  294.487633  47.182830
020696  294.805654  47.182830
020697  295.123675  47.182830
020698  297.985866  47.182830
020699  298.303887  47.182830
020700  299.257951  47.182830
020701  299.575972  47.182830
020702  235.531915  47.398667
020703  235.851064  47.398667
020704  236.170213  47.398667
020705  236.489362  47.398667
020706  236.808511  47.398667
020707  237.127660  47.398667
020708  237.446809  47.398667
020709  237.765957  47.398667
020710  238.085106  47.398667
020711  238.404255  47.398667
020712  238.723404  47.398667
020713  239.042553  47.398667
020714  239.361702  47.398667
020715  239.680851  47.398667
020716  240.000000  47.398667
020717  240.319149  47.398667
020718  240.638298  47.398667
020719  240.957447  47.398667
020720  241.276596  47.398667
020721  241.595745  47.398667
020722  241.914894  47.398667
020723  242.234043  47.398667
020724  242.553191  47.398667
020725  242.872340  47.398667
020726  243.191489  47.398667
020727  243.510638  47.398667
020728  243.829787  47.398667
020729  244.148936  47.398667
020730  244.468085  47.398667
020731  244.787234  47.398667
020732  245.106383  47.398667
020733  245.425532  47.398667
020734  245.744681  47.398667
020735  246.063830  47.398667
020736  246.382979  47.398667
020737  246.702128  47.398667
020738  247.021277  47.398667
020739  247.340426  47.398667
020740  247.659574  47.398667
020741  247.978723  47.398667
020742  248.297872  47.398667
020743  248.617021  47.398667
020744  248.936170  47.398667
020745  249.255319  47.398667
020746  249.574468  47.398667
020747  249.893617  47.398667
020748  250.212766  47.398667
020749  250.531915  47.398667
020750  250.851064  47.398667
020751  251.170213  47.398667
020752  251.489362  47.398667
020753  251.808511  47.398667
020754  252.127660  47.398667
020755  252.446809  47.398667
020756  252.765957  47.398667
020757  253.085106  47.398667
020758  253.404255  47.398667
020759  253.723404  47.398667
020760  254.042553  47.398667
020761  254.361702  47.398667
020762  254.680851  47.398667
020763  255.000000  47.398667
020764  255.319149  47.398667
020765  255.638298  47.398667
020766  255.957447  47.398667
020767  256.276596  47.398667
020768  256.595745  47.398667
020769  256.914894  47.398667
020770  257.234043  47.398667
020771  257.553191  47.398667
020772  257.872340  47.398667
020773  258.191489  47.398667
020774  258.510638  47.398667
020775  258.829787  47.398667
020776  259.148936  47.398667
020777  259.468085  47.398667
020778  259.787234  47.398667
020779  260.106383  47.398667
020780  260.425532  47.398667
020781  260.744681  47.398667
020782  261.063830  47.398667
020783  261.382979  47.398667
020784  261.702128  47.398667
020785  262.021277  47.398667
020786  262.340426  47.398667
020787  262.659574  47.398667
020788  262.978723  47.398667
020789  263.297872  47.398667
020790  263.617021  47.398667
020791  263.936170  47.398667
020792  264.255319  47.398667
020793  264.574468  47.398667
020794  264.893617  47.398667
020795  265.212766  47.398667
020796  265.531915  47.398667
020797  265.851064  47.398667
020798  266.170213  47.398667
020799  266.489362  47.398667
020800  266.808511  47.398667
020801  267.127660  47.398667
020802  267.446809  47.398667
020803  267.765957  47.398667
020804  268.085106  47.398667
020805  268.404255  47.398667
020806  268.723404  47.398667
020807  269.042553  47.398667
020808  269.361702  47.398667
020809  269.680851  47.398667
020810  270.000000  47.398667
020811  270.319149  47.398667
020812  270.638298  47.398667
020813  270.957447  47.398667
020814  271.276596  47.398667
020815  271.595745  47.398667
020816  271.914894  47.398667
020817  272.234043  47.398667
020818  272.553191  47.398667
020819  272.872340  47.398667
020820  273.191489  47.398667
020821  273.510638  47.398667
020822  273.829787  47.398667
020823  274.148936  47.398667
020824  274.468085  47.398667
020825  274.787234  47.398667
020826  275.106383  47.398667
020827  275.425532  47.398667
020828  275.744681  47.398667
020829  276.063830  47.398667
020830  276.382979  47.398667
020831  276.702128  47.398667
020832  277.021277  47.398667
020833  277.340426  47.398667
020834  277.659574  47.398667
020835  277.978723  47.398667
020836  278.297872  47.398667
020837  278.617021  47.398667
020838  278.936170  47.398667
020839  279.255319  47.398667
020840  279.574468  47.398667
020841  279.893617  47.398667
020842  280.212766  47.398667
020843  280.531915  47.398667
020844  280.851064  47.398667
020845  281.170213  47.398667
020846  281.489362  47.398667
020847  281.808511  47.398667
020848  282.127660  47.398667
020849  282.446809  47.398667
020850  282.765957  47.398667
020851  283.085106  47.398667
020852  283.404255  47.398667
020853  283.723404  47.398667
020854  284.042553  47.398667
020855  284.361702  47.398667
020856  284.680851  47.398667
020857  285.000000  47.398667
020858  285.319149  47.398667
020859  285.638298  47.398667
020860  285.957447  47.398667
020861  286.276596  47.398667
020862  286.595745  47.398667
020863  286.914894  47.398667
020864  287.234043  47.398667
020865  287.553191  47.398667
020866  287.872340  47.398667
020867  288.191489  47.398667
020868  288.510638  47.398667
020869  288.829787  47.398667
020870  289.148936  47.398667
020871  289.468085  47.398667
020872  289.787234  47.398667
020873  290.106383  47.398667
020874  290.425532  47.398667
020875  290.744681  47.398667
020876  291.063830  47.398667
020877  291.382979  47.398667
020878  291.702128  47.398667
020879  292.021277  47.398667
020880  292.340426  47.398667
020881  292.659574  47.398667
020882  292.978723  47.398667
020883  293.297872  47.398667
020884  293.617021  47.398667
020885  293.936170  47.398667
020886  294.255319  47.398667
020887  294.574468  47.398667
020888  294.893617  47.398667
020889  295.212766  47.398667
020890  297.765957  47.398667
020891  298.085106  47.398667
020892  298.404255  47.398667
020893  300.957447  47.398667
020894  301.276596  47.398667
020895  302.553191  47.398667
020896  302.872340  47.398667
020897  303.191489  47.398667
020898  303.510638  47.398667
020899  303.829787  47.398667
020900  235.618878  47.614504
020901  235.939448  47.614504
020902  236.260018  47.614504
020903  236.580588  47.614504
020904  236.901158  47.614504
020905  237.221728  47.614504
020906  237.542297  47.614504
020907  237.862867  47.614504
020908  238.183437  47.614504
020909  238.504007  47.614504
020910  238.824577  47.614504
020911  239.145147  47.614504
020912  239.465717  47.614504
020913  239.786287  47.614504
020914  240.106857  47.614504
020915  240.427427  47.614504
020916  240.747996  47.614504
020917  241.068566  47.614504
020918  241.389136  47.614504
020919  241.709706  47.614504
020920  242.030276  47.614504
020921  242.350846  47.614504
020922  242.671416  47.614504
020923  242.991986  47.614504
020924  243.312556  47.614504
020925  243.633126  47.614504
020926  243.953695  47.614504
020927  244.274265  47.614504
020928  244.594835  47.614504
020929  244.915405  47.614504
020930  245.235975  47.614504
020931  245.556545  47.614504
020932  245.877115  47.614504
020933  246.197685  47.614504
020934  246.518255  47.614504
020935  246.838825  47.614504
020936  247.159394  47.614504
020937  247.479964  47.614504
020938  247.800534  47.614504
020939  248.121104  47.614504
020940  248.441674  47.614504
020941  248.762244  47.614504
020942  249.082814  47.614504
020943  249.403384  47.614504
020944  249.723954  47.614504
020945  250.044524  47.614504
020946  250.365093  47.614504
020947  250.685663  47.614504
020948  251.006233  47.614504
020949  251.326803  47.614504
020950  251.647373  47.614504
020951  251.967943  47.614504
020952  252.288513  47.614504
020953  252.609083  47.614504
020954  252.929653  47.614504
020955  253.250223  47.614504
020956  253.570793  47.614504
020957  253.891362  47.614504
020958  254.211932  47.614504
020959  254.532502  47.614504
020960  254.853072  47.614504
020961  255.173642  47.614504
020962  255.494212  47.614504
020963  255.814782  47.614504
020964  256.135352  47.614504
020965  256.455922  47.614504
020966  256.776492  47.614504
020967  257.097061  47.614504
020968  257.417631  47.614504
020969  257.738201  47.614504
020970  258.058771  47.614504
020971  258.379341  47.614504
020972  258.699911  47.614504
020973  259.020481  47.614504
020974  259.341051  47.614504
020975  259.661621  47.614504
020976  259.982191  47.614504
020977  260.302760  47.614504
020978  260.623330  47.614504
020979  260.943900  47.614504
020980  261.264470  47.614504
020981  261.585040  47.614504
020982  261.905610  47.614504
020983  262.226180  47.614504
020984  262.546750  47.614504
020985  262.867320  47.614504
020986  263.187890  47.614504
020987  263.508459  47.614504
020988  263.829029  47.614504
020989  264.149599  47.614504
020990  264.470169  47.614504
020991  264.790739  47.614504
020992  265.111309  47.614504
020993  265.431879  47.614504
020994  265.752449  47.614504
020995  266.073019  47.614504
020996  266.393589  47.614504
020997  266.714159  47.614504
020998  267.034728  47.614504
020999  267.355298  47.614504
021000  267.675868  47.614504
021001  267.996438  47.614504
021002  268.317008  47.614504
021003  268.637578  47.614504
021004  268.958148  47.614504
021005  269.278718  47.614504
021006  269.599288  47.614504
021007  269.919858  47.614504
021008  270.240427  47.614504
021009  270.560997  47.614504
021010  270.881567  47.614504
021011  271.202137  47.614504
021012  271.522707  47.614504
021013  271.843277  47.614504
021014  272.163847  47.614504
021015  272.484417  47.614504
021016  272.804987  47.614504
021017  273.125557  47.614504
021018  273.446126  47.614504
021019  273.766696  47.614504
021020  274.087266  47.614504
021021  274.407836  47.614504
021022  274.728406  47.614504
021023  275.048976  47.614504
021024  275.369546  47.614504
021025  275.690116  47.614504
021026  276.010686  47.614504
021027  276.331256  47.614504
021028  276.651825  47.614504
021029  276.972395  47.614504
021030  277.292965  47.614504
021031  277.613535  47.614504
021032  277.934105  47.614504
021033  278.254675  47.614504
021034  278.575245  47.614504
021035  278.895815  47.614504
021036  279.216385  47.614504
021037  279.536955  47.614504
021038  279.857524  47.614504
021039  280.178094  47.614504
021040  280.498664  47.614504
021041  280.819234  47.614504
021042  281.139804  47.614504
021043  281.460374  47.614504
021044  281.780944  47.614504
021045  282.101514  47.614504
021046  282.422084  47.614504
021047  282.742654  47.614504
021048  283.063224  47.614504
021049  283.383793  47.614504
021050  283.704363  47.614504
021051  284.024933  47.614504
021052  284.345503  47.614504
021053  284.666073  47.614504
021054  284.986643  47.614504
021055  285.307213  47.614504
021056  285.627783  47.614504
021057  285.948353  47.614504
021058  286.268923  47.614504
021059  286.589492  47.614504
021060  286.910062  47.614504
021061  287.230632  47.614504
021062  287.551202  47.614504
021063  287.871772  47.614504
021064  288.192342  47.614504
021065  288.512912  47.614504
021066  288.833482  47.614504
021067  289.154052  47.614504
021068  289.474622  47.614504
021069  289.795191  47.614504
021070  290.115761  47.614504
021071  290.436331  47.614504
021072  290.756901  47.614504
021073  291.077471  47.614504
021074  291.398041  47.614504
021075  291.718611  47.614504
021076  292.039181  47.614504
021077  292.359751  47.614504
021078  292.680321  47.614504
021079  293.000890  47.614504
021080  293.321460  47.614504
021081  293.642030  47.614504
021082  293.962600  47.614504
021083  294.283170  47.614504
021084  294.603740  47.614504
021085  294.924310  47.614504
021086  295.244880  47.614504
021087  297.809439  47.614504
021088  298.130009  47.614504
021089  300.694568  47.614504
021090  301.015138  47.614504
021091  301.335708  47.614504
021092  301.656278  47.614504
021093  301.976848  47.614504
021094  302.297418  47.614504
021095  302.617988  47.614504
021096  302.938557  47.614504
021097  303.259127  47.614504
021098  303.579697  47.614504
021099  303.900267  47.614504
021100  235.384615  47.830342
021101  235.706619  47.830342
021102  236.028623  47.830342
021103  236.350626  47.830342
021104  236.672630  47.830342
021105  236.994633  47.830342
021106  237.316637  47.830342
021107  237.638640  47.830342
021108  237.960644  47.830342
021109  238.282648  47.830342
021110  238.604651  47.830342
021111  238.926655  47.830342
021112  239.248658  47.830342
021113  239.570662  47.830342
021114  239.892665  47.830342
021115  240.214669  47.830342
021116  240.536673  47.830342
021117  240.858676  47.830342
021118  241.180680  47.830342
021119  241.502683  47.830342
021120  241.824687  47.830342
021121  242.146691  47.830342
021122  242.468694  47.830342
021123  242.790698  47.830342
021124  243.112701  47.830342
021125  243.434705  47.830342
021126  243.756708  47.830342
021127  244.078712  47.830342
021128  244.400716  47.830342
021129  244.722719  47.830342
021130  245.044723  47.830342
021131  245.366726  47.830342
021132  245.688730  47.830342
021133  246.010733  47.830342
021134  246.332737  47.830342
021135  246.654741  47.830342
021136  246.976744  47.830342
021137  247.298748  47.830342
021138  247.620751  47.830342
021139  247.942755  47.830342
021140  248.264758  47.830342
021141  248.586762  47.830342
021142  248.908766  47.830342
021143  249.230769  47.830342
021144  249.552773  47.830342
021145  249.874776  47.830342
021146  250.196780  47.830342
021147  250.518784  47.830342
021148  250.840787  47.830342
021149  251.162791  47.830342
021150  251.484794  47.830342
021151  251.806798  47.830342
021152  252.128801  47.830342
021153  252.450805  47.830342
021154  252.772809  47.830342
021155  253.094812  47.830342
021156  253.416816  47.830342
021157  253.738819  47.830342
021158  254.060823  47.830342
021159  254.382826  47.830342
021160  254.704830  47.830342
021161  255.026834  47.830342
021162  255.348837  47.830342
021163  255.670841  47.830342
021164  255.992844  47.830342
021165  256.314848  47.830342
021166  256.636852  47.830342
021167  256.958855  47.830342
021168  257.280859  47.830342
021169  257.602862  47.830342
021170  257.924866  47.830342
021171  258.246869  47.830342
021172  258.568873  47.830342
021173  258.890877  47.830342
021174  259.212880  47.830342
021175  259.534884  47.830342
021176  259.856887  47.830342
021177  260.178891  47.830342
021178  260.500894  47.830342
021179  260.822898  47.830342
021180  261.144902  47.830342
021181  261.466905  47.830342
021182  261.788909  47.830342
021183  262.110912  47.830342
021184  262.432916  47.830342
021185  262.754919  47.830342
021186  263.076923  47.830342
021187  263.398927  47.830342
021188  263.720930  47.830342
021189  264.042934  47.830342
021190  264.364937  47.830342
021191  264.686941  47.830342
021192  265.008945  47.830342
021193  265.330948  47.830342
021194  265.652952  47.830342
021195  265.974955  47.830342
021196  266.296959  47.830342
021197  266.618962  47.830342
021198  266.940966  47.830342
021199  267.262970  47.830342
021200  267.584973  47.830342
021201  267.906977  47.830342
021202  268.228980  47.830342
021203  268.550984  47.830342
021204  268.872987  47.830342
021205  269.194991  47.830342
021206  269.516995  47.830342
021207  269.838998  47.830342
021208  270.161002  47.830342
021209  270.483005  47.830342
021210  270.805009  47.830342
021211  271.127013  47.830342
021212  271.449016  47.830342
021213  271.771020  47.830342
021214  272.093023  47.830342
021215  272.415027  47.830342
021216  272.737030  47.830342
021217  273.059034  47.830342
021218  273.381038  47.830342
021219  273.703041  47.830342
021220  274.025045  47.830342
021221  274.347048  47.830342
021222  274.669052  47.830342
021223  274.991055  47.830342
021224  275.313059  47.830342
021225  275.635063  47.830342
021226  275.957066  47.830342
021227  276.279070  47.830342
021228  276.601073  47.830342
021229  276.923077  47.830342
021230  277.245081  47.830342
021231  277.567084  47.830342
021232  277.889088  47.830342
021233  278.211091  47.830342
021234  278.533095  47.830342
021235  278.855098  47.830342
021236  279.177102  47.830342
021237  279.499106  47.830342
021238  279.821109  47.830342
021239  280.143113  47.830342
021240  280.465116  47.830342
021241  280.787120  47.830342
021242  281.109123  47.830342
021243  281.431127  47.830342
021244  281.753131  47.830342
021245  282.075134  47.830342
021246  282.397138  47.830342
021247  282.719141  47.830342
021248  283.041145  47.830342
021249  283.363148  47.830342
021250  283.685152  47.830342
021251  284.007156  47.830342
021252  284.329159  47.830342
021253  284.651163  47.830342
021254  284.973166  47.830342
021255  285.295170  47.830342
021256  285.617174  47.830342
021257  285.939177  47.830342
021258  286.261181  47.830342
021259  286.583184  47.830342
021260  286.905188  47.830342
021261  287.227191  47.830342
021262  287.549195  47.830342
021263  287.871199  47.830342
021264  288.193202  47.830342
021265  288.515206  47.830342
021266  288.837209  47.830342
021267  289.159213  47.830342
021268  289.481216  47.830342
021269  289.803220  47.830342
021270  290.125224  47.830342
021271  290.447227  47.830342
021272  290.769231  47.830342
021273  291.091234  47.830342
021274  291.413238  47.830342
021275  291.735242  47.830342
021276  292.057245  47.830342
021277  292.379249  47.830342
021278  292.701252  47.830342
021279  293.023256  47.830342
021280  293.345259  47.830342
021281  293.667263  47.830342
021282  293.989267  47.830342
021283  294.311270  47.830342
021284  294.633274  47.830342
021285  294.955277  47.830342
021286  295.277281  47.830342
021287  300.429338  47.830342
021288  300.751342  47.830342
021289  301.073345  47.830342
021290  301.395349  47.830342
021291  301.717352  47.830342
021292  302.039356  47.830342
021293  302.361360  47.830342
021294  302.683363  47.830342
021295  303.005367  47.830342
021296  303.327370  47.830342
021297  303.649374  47.830342
021298  303.971377  47.830342
021299  235.260323  48.046179
021300  235.583483  48.046179
021301  235.906643  48.046179
021302  236.229803  48.046179
021303  236.552962  48.046179
021304  236.876122  48.046179
021305  237.199282  48.046179
021306  237.522442  48.046179
021307  237.845601  48.046179
021308  238.168761  48.046179
021309  238.491921  48.046179
021310  238.815081  48.046179
021311  239.138241  48.046179
021312  239.461400  48.046179
021313  239.784560  48.046179
021314  240.107720  48.046179
021315  240.430880  48.046179
021316  240.754039  48.046179
021317  241.077199  48.046179
021318  241.400359  48.046179
021319  241.723519  48.046179
021320  242.046679  48.046179
021321  242.369838  48.046179
021322  242.692998  48.046179
021323  243.016158  48.046179
021324  243.339318  48.046179
021325  243.662478  48.046179
021326  243.985637  48.046179
021327  244.308797  48.046179
021328  244.631957  48.046179
021329  244.955117  48.046179
021330  245.278276  48.046179
021331  245.601436  48.046179
021332  245.924596  48.046179
021333  246.247756  48.046179
021334  246.570916  48.046179
021335  246.894075  48.046179
021336  247.217235  48.046179
021337  247.540395  48.046179
021338  247.863555  48.046179
021339  248.186715  48.046179
021340  248.509874  48.046179
021341  248.833034  48.046179
021342  249.156194  48.046179
021343  249.479354  48.046179
021344  249.802513  48.046179
021345  250.125673  48.046179
021346  250.448833  48.046179
021347  250.771993  48.046179
021348  251.095153  48.046179
021349  251.418312  48.046179
021350  251.741472  48.046179
021351  252.064632  48.046179
021352  252.387792  48.046179
021353  252.710952  48.046179
021354  253.034111  48.046179
021355  253.357271  48.046179
021356  253.680431  48.046179
021357  254.003591  48.046179
021358  254.326750  48.046179
021359  254.649910  48.046179
021360  254.973070  48.046179
021361  255.296230  48.046179
021362  255.619390  48.046179
021363  255.942549  48.046179
021364  256.265709  48.046179
021365  256.588869  48.046179
021366  256.912029  48.046179
021367  257.235189  48.046179
021368  257.558348  48.046179
021369  257.881508  48.046179
021370  258.204668  48.046179
021371  258.527828  48.046179
021372  258.850987  48.046179
021373  259.174147  48.046179
021374  259.497307  48.046179
021375  259.820467  48.046179
021376  260.143627  48.046179
021377  260.466786  48.046179
021378  260.789946  48.046179
021379  261.113106  48.046179
021380  261.436266  48.046179
021381  261.759425  48.046179
021382  262.082585  48.046179
021383  262.405745  48.046179
021384  262.728905  48.046179
021385  263.052065  48.046179
021386  263.375224  48.046179
021387  263.698384  48.046179
021388  264.021544  48.046179
021389  264.344704  48.046179
021390  264.667864  48.046179
021391  264.991023  48.046179
021392  265.314183  48.046179
021393  265.637343  48.046179
021394  265.960503  48.046179
021395  266.283662  48.046179
021396  266.606822  48.046179
021397  266.929982  48.046179
021398  267.253142  48.046179
021399  267.576302  48.046179
021400  267.899461  48.046179
021401  268.222621  48.046179
021402  268.545781  48.046179
021403  268.868941  48.046179
021404  269.192101  48.046179
021405  269.515260  48.046179
021406  269.838420  48.046179
021407  270.161580  48.046179
021408  270.484740  48.046179
021409  270.807899  48.046179
021410  271.131059  48.046179
021411  271.454219  48.046179
021412  271.777379  48.046179
021413  272.100539  48.046179
021414  272.423698  48.046179
021415  272.746858  48.046179
021416  273.070018  48.046179
021417  273.393178  48.046179
021418  273.716338  48.046179
021419  274.039497  48.046179
021420  274.362657  48.046179
021421  274.685817  48.046179
021422  275.008977  48.046179
021423  275.332136  48.046179
021424  275.655296  48.046179
021425  275.978456  48.046179
021426  276.301616  48.046179
021427  276.624776  48.046179
021428  276.947935  48.046179
021429  277.271095  48.046179
021430  277.594255  48.046179
021431  277.917415  48.046179
021432  278.240575  48.046179
021433  278.563734  48.046179
021434  278.886894  48.046179
021435  279.210054  48.046179
021436  279.533214  48.046179
021437  279.856373  48.046179
021438  280.179533  48.046179
021439  280.502693  48.046179
021440  280.825853  48.046179
021441  281.149013  48.046179
021442  281.472172  48.046179
021443  281.795332  48.046179
021444  282.118492  48.046179
021445  282.441652  48.046179
021446  282.764811  48.046179
021447  283.087971  48.046179
021448  283.411131  48.046179
021449  283.734291  48.046179
021450  284.057451  48.046179
021451  284.380610  48.046179
021452  284.703770  48.046179
021453  285.026930  48.046179
021454  285.350090  48.046179
021455  285.673250  48.046179
021456  285.996409  48.046179
021457  286.319569  48.046179
021458  286.642729  48.046179
021459  286.965889  48.046179
021460  287.289048  48.046179
021461  287.612208  48.046179
021462  287.935368  48.046179
021463  288.258528  48.046179
021464  288.581688  48.046179
021465  288.904847  48.046179
021466  289.228007  48.046179
021467  289.551167  48.046179
021468  289.874327  48.046179
021469  290.197487  48.046179
021470  290.520646  48.046179
021471  290.843806  48.046179
021472  291.166966  48.046179
021473  291.490126  48.046179
021474  291.813285  48.046179
021475  292.136445  48.046179
021476  292.459605  48.046179
021477  292.782765  48.046179
021478  293.105925  48.046179
021479  293.429084  48.046179
021480  293.752244  48.046179
021481  294.075404  48.046179
021482  294.398564  48.046179
021483  294.721724  48.046179
021484  295.044883  48.046179
021485  295.368043  48.046179
021486  300.538600  48.046179
021487  300.861759  48.046179
021488  301.184919  48.046179
021489  301.508079  48.046179
021490  301.831239  48.046179
021491  302.154399  48.046179
021492  302.477558  48.046179
021493  302.800718  48.046179
021494  303.123878  48.046179
021495  303.447038  48.046179
021496  303.770197  48.046179
021497  235.022543  48.262016
021498  235.347160  48.262016
021499  235.671776  48.262016
021500  235.996393  48.262016
021501  236.321010  48.262016
021502  236.645627  48.262016
021503  236.970243  48.262016
021504  237.294860  48.262016
021505  237.619477  48.262016
021506  237.944094  48.262016
021507  238.268711  48.262016
021508  238.593327  48.262016
021509  238.917944  48.262016
021510  239.242561  48.262016
021511  239.567178  48.262016
021512  239.891794  48.262016
021513  240.216411  48.262016
021514  240.541028  48.262016
021515  240.865645  48.262016
021516  241.190261  48.262016
021517  241.514878  48.262016
021518  241.839495  48.262016
021519  242.164112  48.262016
021520  242.488729  48.262016
021521  242.813345  48.262016
021522  243.137962  48.262016
021523  243.462579  48.262016
021524  243.787196  48.262016
021525  244.111812  48.262016
021526  244.436429  48.262016
021527  244.761046  48.262016
021528  245.085663  48.262016
021529  245.410280  48.262016
021530  245.734896  48.262016
021531  246.059513  48.262016
021532  246.384130  48.262016
021533  246.708747  48.262016
021534  247.033363  48.262016
021535  247.357980  48.262016
021536  247.682597  48.262016
021537  248.007214  48.262016
021538  248.331830  48.262016
021539  248.656447  48.262016
021540  248.981064  48.262016
021541  249.305681  48.262016
021542  249.630298  48.262016
021543  249.954914  48.262016
021544  250.279531  48.262016
021545  250.604148  48.262016
021546  250.928765  48.262016
021547  251.253381  48.262016
021548  251.577998  48.262016
021549  251.902615  48.262016
021550  252.227232  48.262016
021551  252.551849  48.262016
021552  252.876465  48.262016
021553  253.201082  48.262016
021554  253.525699  48.262016
021555  253.850316  48.262016
021556  254.174932  48.262016
021557  254.499549  48.262016
021558  254.824166  48.262016
021559  255.148783  48.262016
021560  255.473399  48.262016
021561  255.798016  48.262016
021562  256.122633  48.262016
021563  256.447250  48.262016
021564  256.771867  48.262016
021565  257.096483  48.262016
021566  257.421100  48.262016
021567  257.745717  48.262016
021568  258.070334  48.262016
021569  258.394950  48.262016
021570  258.719567  48.262016
021571  259.044184  48.262016
021572  259.368801  48.262016
021573  259.693417  48.262016
021574  260.018034  48.262016
021575  260.342651  48.262016
021576  260.667268  48.262016
021577  260.991885  48.262016
021578  261.316501  48.262016
021579  261.641118  48.262016
021580  261.965735  48.262016
021581  262.290352  48.262016
021582  262.614968  48.262016
021583  262.939585  48.262016
021584  263.264202  48.262016
021585  263.588819  48.262016
021586  263.913436  48.262016
021587  264.238052  48.262016
021588  264.562669  48.262016
021589  264.887286  48.262016
021590  265.211903  48.262016
021591  265.536519  48.262016
021592  265.861136  48.262016
021593  266.185753  48.262016
021594  266.510370  48.262016
021595  266.834986  48.262016
021596  267.159603  48.262016
021597  267.484220  48.262016
021598  267.808837  48.262016
021599  268.133454  48.262016
021600  268.458070  48.262016
021601  268.782687  48.262016
021602  269.107304  48.262016
021603  269.431921  48.262016
021604  269.756537  48.262016
021605  270.081154  48.262016
021606  270.405771  48.262016
021607  270.730388  48.262016
021608  271.055005  48.262016
021609  271.379621  48.262016
021610  271.704238  48.262016
021611  272.028855  48.262016
021612  272.353472  48.262016
021613  272.678088  48.262016
021614  273.002705  48.262016
021615  273.327322  48.262016
021616  273.651939  48.262016
021617  273.976555  48.262016
021618  274.301172  48.262016
021619  274.625789  48.262016
021620  274.950406  48.262016
021621  275.275023  48.262016
021622  275.599639  48.262016
021623  275.924256  48.262016
021624  276.248873  48.262016
021625  276.573490  48.262016
021626  276.898106  48.262016
021627  277.222723  48.262016
021628  277.547340  48.262016
021629  277.871957  48.262016
021630  278.196573  48.262016
021631  278.521190  48.262016
021632  278.845807  48.262016
021633  279.170424  48.262016
021634  279.495041  48.262016
021635  279.819657  48.262016
021636  280.144274  48.262016
021637  280.468891  48.262016
021638  280.793508  48.262016
021639  281.118124  48.262016
021640  281.442741  48.262016
021641  281.767358  48.262016
021642  282.091975  48.262016
021643  282.416592  48.262016
021644  282.741208  48.262016
021645  283.065825  48.262016
021646  283.390442  48.262016
021647  283.715059  48.262016
021648  284.039675  48.262016
021649  284.364292  48.262016
021650  284.688909  48.262016
021651  285.013526  48.262016
021652  285.338142  48.262016
021653  285.662759  48.262016
021654  285.987376  48.262016
021655  286.311993  48.262016
021656  286.636610  48.262016
021657  286.961226  48.262016
021658  287.285843  48.262016
021659  287.610460  48.262016
021660  287.935077  48.262016
021661  288.259693  48.262016
021662  288.584310  48.262016
021663  288.908927  48.262016
021664  289.233544  48.262016
021665  289.558161  48.262016
021666  289.882777  48.262016
021667  290.207394  48.262016
021668  290.532011  48.262016
021669  290.856628  48.262016
021670  291.181244  48.262016
021671  291.505861  48.262016
021672  291.830478  48.262016
021673  292.155095  48.262016
021674  292.479711  48.262016
021675  292.804328  48.262016
021676  293.128945  48.262016
021677  293.453562  48.262016
021678  293.778179  48.262016
021679  294.102795  48.262016
021680  294.427412  48.262016
021681  294.752029  48.262016
021682  295.076646  48.262016
021683  295.401262  48.262016
021684  295.725879  48.262016
021685  300.595131  48.262016
021686  300.919748  48.262016
021687  301.244364  48.262016
021688  301.568981  48.262016
021689  301.893598  48.262016
021690  302.218215  48.262016
021691  302.542831  48.262016
021692  302.867448  48.262016
021693  303.192065  48.262016
021694  303.516682  48.262016
021695  303.841298  48.262016
021696  235.108696  48.477853
021697  235.434783  48.477853
021698  235.760870  48.477853
021699  236.086957  48.477853
021700  236.413043  48.477853
021701  236.739130  48.477853
021702  237.065217  48.477853
021703  237.391304  48.477853
021704  237.717391  48.477853
021705  238.043478  48.477853
021706  238.369565  48.477853
021707  238.695652  48.477853
021708  239.021739  48.477853
021709  239.347826  48.477853
021710  239.673913  48.477853
021711  240.000000  48.477853
021712  240.326087  48.477853
021713  240.652174  48.477853
021714  240.978261  48.477853
021715  241.304348  48.477853
021716  241.630435  48.477853
021717  241.956522  48.477853
021718  242.282609  48.477853
021719  242.608696  48.477853
021720  242.934783  48.477853
021721  243.260870  48.477853
021722  243.586957  48.477853
021723  243.913043  48.477853
021724  244.239130  48.477853
021725  244.565217  48.477853
021726  244.891304  48.477853
021727  245.217391  48.477853
021728  245.543478  48.477853
021729  245.869565  48.477853
021730  246.195652  48.477853
021731  246.521739  48.477853
021732  246.847826  48.477853
021733  247.173913  48.477853
021734  247.500000  48.477853
021735  247.826087  48.477853
021736  248.152174  48.477853
021737  248.478261  48.477853
021738  248.804348  48.477853
021739  249.130435  48.477853
021740  249.456522  48.477853
021741  249.782609  48.477853
021742  250.108696  48.477853
021743  250.434783  48.477853
021744  250.760870  48.477853
021745  251.086957  48.477853
021746  251.413043  48.477853
021747  251.739130  48.477853
021748  252.065217  48.477853
021749  252.391304  48.477853
021750  252.717391  48.477853
021751  253.043478  48.477853
021752  253.369565  48.477853
021753  253.695652  48.477853
021754  254.021739  48.477853
021755  254.347826  48.477853
021756  254.673913  48.477853
021757  255.000000  48.477853
021758  255.326087  48.477853
021759  255.652174  48.477853
021760  255.978261  48.477853
021761  256.304348  48.477853
021762  256.630435  48.477853
021763  256.956522  48.477853
021764  257.282609  48.477853
021765  257.608696  48.477853
021766  257.934783  48.477853
021767  258.260870  48.477853
021768  258.586957  48.477853
021769  258.913043  48.477853
021770  259.239130  48.477853
021771  259.565217  48.477853
021772  259.891304  48.477853
021773  260.217391  48.477853
021774  260.543478  48.477853
021775  260.869565  48.477853
021776  261.195652  48.477853
021777  261.521739  48.477853
021778  261.847826  48.477853
021779  262.173913  48.477853
021780  262.500000  48.477853
021781  262.826087  48.477853
021782  263.152174  48.477853
021783  263.478261  48.477853
021784  263.804348  48.477853
021785  264.130435  48.477853
021786  264.456522  48.477853
021787  264.782609  48.477853
021788  265.108696  48.477853
021789  265.434783  48.477853
021790  265.760870  48.477853
021791  266.086957  48.477853
021792  266.413043  48.477853
021793  266.739130  48.477853
021794  267.065217  48.477853
021795  267.391304  48.477853
021796  267.717391  48.477853
021797  268.043478  48.477853
021798  268.369565  48.477853
021799  268.695652  48.477853
021800  269.021739  48.477853
021801  269.347826  48.477853
021802  269.673913  48.477853
021803  270.000000  48.477853
021804  270.326087  48.477853
021805  270.652174  48.477853
021806  270.978261  48.477853
021807  271.304348  48.477853
021808  271.630435  48.477853
021809  271.956522  48.477853
021810  272.282609  48.477853
021811  272.608696  48.477853
021812  272.934783  48.477853
021813  273.260870  48.477853
021814  273.586957  48.477853
021815  273.913043  48.477853
021816  274.239130  48.477853
021817  274.565217  48.477853
021818  274.891304  48.477853
021819  275.217391  48.477853
021820  275.543478  48.477853
021821  275.869565  48.477853
021822  276.195652  48.477853
021823  276.521739  48.477853
021824  276.847826  48.477853
021825  277.173913  48.477853
021826  277.500000  48.477853
021827  277.826087  48.477853
021828  278.152174  48.477853
021829  278.478261  48.477853
021830  278.804348  48.477853
021831  279.130435  48.477853
021832  279.456522  48.477853
021833  279.782609  48.477853
021834  280.108696  48.477853
021835  280.434783  48.477853
021836  280.760870  48.477853
021837  281.086957  48.477853
021838  281.413043  48.477853
021839  281.739130  48.477853
021840  282.065217  48.477853
021841  282.391304  48.477853
021842  282.717391  48.477853
021843  283.043478  48.477853
021844  283.369565  48.477853
021845  283.695652  48.477853
021846  284.021739  48.477853
021847  284.347826  48.477853
021848  284.673913  48.477853
021849  285.000000  48.477853
021850  285.326087  48.477853
021851  285.652174  48.477853
021852  285.978261  48.477853
021853  286.304348  48.477853
021854  286.630435  48.477853
021855  286.956522  48.477853
021856  287.282609  48.477853
021857  287.608696  48.477853
021858  287.934783  48.477853
021859  288.260870  48.477853
021860  288.586957  48.477853
021861  288.913043  48.477853
021862  289.239130  48.477853
021863  289.565217  48.477853
021864  289.891304  48.477853
021865  290.217391  48.477853
021866  290.543478  48.477853
021867  290.869565  48.477853
021868  291.195652  48.477853
021869  291.521739  48.477853
021870  291.847826  48.477853
021871  292.173913  48.477853
021872  292.500000  48.477853
021873  292.826087  48.477853
021874  293.152174  48.477853
021875  293.478261  48.477853
021876  293.804348  48.477853
021877  294.130435  48.477853
021878  294.456522  48.477853
021879  294.782609  48.477853
021880  295.108696  48.477853
021881  295.434783  48.477853
021882  295.760870  48.477853
021883  300.978261  48.477853
021884  301.304348  48.477853
021885  301.630435  48.477853
021886  301.956522  48.477853
021887  302.282609  48.477853
021888  302.608696  48.477853
021889  302.934783  48.477853
021890  303.260870  48.477853
021891  303.586957  48.477853
021892  303.913043  48.477853
021893  234.540491  48.693690
021894  234.868062  48.693690
021895  235.195632  48.693690
021896  235.523203  48.693690
021897  235.850773  48.693690
021898  236.178344  48.693690
021899  236.505914  48.693690
021900  236.833485  48.693690
021901  237.161056  48.693690
021902  237.488626  48.693690
021903  237.816197  48.693690
021904  238.143767  48.693690
021905  238.471338  48.693690
021906  238.798908  48.693690
021907  239.126479  48.693690
021908  239.454049  48.693690
021909  239.781620  48.693690
021910  240.109190  48.693690
021911  240.436761  48.693690
021912  240.764331  48.693690
021913  241.091902  48.693690
021914  241.419472  48.693690
021915  241.747043  48.693690
021916  242.074613  48.693690
021917  242.402184  48.693690
021918  242.729754  48.693690
021919  243.057325  48.693690
021920  243.384895  48.693690
021921  243.712466  48.693690
021922  244.040036  48.693690
021923  244.367607  48.693690
021924  244.695177  48.693690
021925  245.022748  48.693690
021926  245.350318  48.693690
021927  245.677889  48.693690
021928  246.005460  48.693690
021929  246.333030  48.693690
021930  246.660601  48.693690
021931  246.988171  48.693690
021932  247.315742  48.693690
021933  247.643312  48.693690
021934  247.970883  48.693690
021935  248.298453  48.693690
021936  248.626024  48.693690
021937  248.953594  48.693690
021938  249.281165  48.693690
021939  249.608735  48.693690
021940  249.936306  48.693690
021941  250.263876  48.693690
021942  250.591447  48.693690
021943  250.919017  48.693690
021944  251.246588  48.693690
021945  251.574158  48.693690
021946  251.901729  48.693690
021947  252.229299  48.693690
021948  252.556870  48.693690
021949  252.884440  48.693690
021950  253.212011  48.693690
021951  253.539581  48.693690
021952  253.867152  48.693690
021953  254.194722  48.693690
021954  254.522293  48.693690
021955  254.849864  48.693690
021956  255.177434  48.693690
021957  255.505005  48.693690
021958  255.832575  48.693690
021959  256.160146  48.693690
021960  256.487716  48.693690
021961  256.815287  48.693690
021962  257.142857  48.693690
021963  257.470428  48.693690
021964  257.797998  48.693690
021965  258.125569  48.693690
021966  258.453139  48.693690
021967  258.780710  48.693690
021968  259.108280  48.693690
021969  259.435851  48.693690
021970  259.763421  48.693690
021971  260.090992  48.693690
021972  260.418562  48.693690
021973  260.746133  48.693690
021974  261.073703  48.693690
021975  261.401274  48.693690
021976  261.728844  48.693690
021977  262.056415  48.693690
021978  262.383985  48.693690
021979  262.711556  48.693690
021980  263.039126  48.693690
021981  263.366697  48.693690
021982  263.694268  48.693690
021983  264.021838  48.693690
021984  264.349409  48.693690
021985  264.676979  48.693690
021986  265.004550  48.693690
021987  265.332120  48.693690
021988  265.659691  48.693690
021989  265.987261  48.693690
021990  266.314832  48.693690
021991  266.642402  48.693690
021992  266.969973  48.693690
021993  267.297543  48.693690
021994  267.625114  48.693690
021995  267.952684  48.693690
021996  268.280255  48.693690
021997  268.607825  48.693690
021998  268.935396  48.693690
021999  269.262966  48.693690
022000  269.590537  48.693690
022001  269.918107  48.693690
022002  270.245678  48.693690
022003  270.573248  48.693690
022004  270.900819  48.693690
022005  271.228389  48.693690
022006  271.555960  48.693690
022007  271.883530  48.693690
022008  272.211101  48.693690
022009  272.538672  48.693690
022010  272.866242  48.693690
022011  273.193813  48.693690
022012  273.521383  48.693690
022013  273.848954  48.693690
022014  274.176524  48.693690
022015  274.504095  48.693690
022016  274.831665  48.693690
022017  275.159236  48.693690
022018  275.486806  48.693690
022019  275.814377  48.693690
022020  276.141947  48.693690
022021  276.469518  48.693690
022022  276.797088  48.693690
022023  277.124659  48.693690
022024  277.452229  48.693690
022025  277.779800  48.693690
022026  278.107370  48.693690
022027  278.434941  48.693690
022028  278.762511  48.693690
022029  279.090082  48.693690
022030  279.417652  48.693690
022031  279.745223  48.693690
022032  280.072793  48.693690
022033  280.400364  48.693690
022034  280.727934  48.693690
022035  281.055505  48.693690
022036  281.383076  48.693690
022037  281.710646  48.693690
022038  282.038217  48.693690
022039  282.365787  48.693690
022040  282.693358  48.693690
022041  283.020928  48.693690
022042  283.348499  48.693690
022043  283.676069  48.693690
022044  284.003640  48.693690
022045  284.331210  48.693690
022046  284.658781  48.693690
022047  284.986351  48.693690
022048  285.313922  48.693690
022049  285.641492  48.693690
022050  285.969063  48.693690
022051  286.296633  48.693690
022052  286.624204  48.693690
022053  286.951774  48.693690
022054  287.279345  48.693690
022055  287.606915  48.693690
022056  287.934486  48.693690
022057  288.262056  48.693690
022058  288.589627  48.693690
022059  288.917197  48.693690
022060  289.244768  48.693690
022061  289.572338  48.693690
022062  289.899909  48.693690
022063  290.227480  48.693690
022064  290.555050  48.693690
022065  290.882621  48.693690
022066  291.210191  48.693690
022067  291.537762  48.693690
022068  291.865332  48.693690
022069  292.192903  48.693690
022070  292.520473  48.693690
022071  292.848044  48.693690
022072  293.175614  48.693690
022073  293.503185  48.693690
022074  293.830755  48.693690
022075  294.158326  48.693690
022076  294.485896  48.693690
022077  294.813467  48.693690
022078  295.141037  48.693690
022079  295.468608  48.693690
022080  295.796178  48.693690
022081  301.037307  48.693690
022082  301.364877  48.693690
022083  301.692448  48.693690
022084  302.020018  48.693690
022085  302.347589  48.693690
022086  302.675159  48.693690
022087  303.002730  48.693690
022088  303.330300  48.693690
022089  303.657871  48.693690
022090  303.985441  48.693690
022091  234.410959  48.909527
022092  234.739726  48.909527
022093  235.068493  48.909527
022094  235.397260  48.909527
022095  235.726027  48.909527
022096  236.054795  48.909527
022097  236.383562  48.909527
022098  237.041096  48.909527
022099  237.369863  48.909527
022100  237.698630  48.909527
022101  238.027397  48.909527
022102  238.356164  48.909527
022103  238.684932  48.909527
022104  239.013699  48.909527
022105  239.342466  48.909527
022106  239.671233  48.909527
022107  240.000000  48.909527
022108  240.328767  48.909527
022109  240.657534  48.909527
022110  240.986301  48.909527
022111  241.315068  48.909527
022112  241.643836  48.909527
022113  241.972603  48.909527
022114  242.301370  48.909527
022115  242.630137  48.909527
022116  242.958904  48.909527
022117  243.287671  48.909527
022118  243.616438  48.909527
022119  243.945205  48.909527
022120  244.273973  48.909527
022121  244.602740  48.909527
022122  244.931507  48.909527
022123  245.260274  48.909527
022124  245.589041  48.909527
022125  245.917808  48.909527
022126  246.246575  48.909527
022127  246.575342  48.909527
022128  246.904110  48.909527
022129  247.232877  48.909527
022130  247.561644  48.909527
022131  247.890411  48.909527
022132  248.219178  48.909527
022133  248.547945  48.909527
022134  248.876712  48.909527
022135  249.205479  48.909527
022136  249.534247  48.909527
022137  249.863014  48.909527
022138  250.191781  48.909527
022139  250.520548  48.909527
022140  250.849315  48.909527
022141  251.178082  48.909527
022142  251.506849  48.909527
022143  251.835616  48.909527
022144  252.164384  48.909527
022145  252.493151  48.909527
022146  252.821918  48.909527
022147  253.150685  48.909527
022148  253.479452  48.909527
022149  253.808219  48.909527
022150  254.136986  48.909527
022151  254.465753  48.909527
022152  254.794521  48.909527
022153  255.123288  48.909527
022154  255.452055  48.909527
022155  255.780822  48.909527
022156  256.109589  48.909527
022157  256.438356  48.909527
022158  256.767123  48.909527
022159  257.095890  48.909527
022160  257.424658  48.909527
022161  257.753425  48.909527
022162  258.082192  48.909527
022163  258.410959  48.909527
022164  258.739726  48.909527
022165  259.068493  48.909527
022166  259.397260  48.909527
022167  259.726027  48.909527
022168  260.054795  48.909527
022169  260.383562  48.909527
022170  260.712329  48.909527
022171  261.041096  48.909527
022172  261.369863  48.909527
022173  261.698630  48.909527
022174  262.027397  48.909527
022175  262.356164  48.909527
022176  262.684932  48.909527
022177  263.013699  48.909527
022178  263.342466  48.909527
022179  263.671233  48.909527
022180  264.000000  48.909527
022181  264.328767  48.909527
022182  264.657534  48.909527
022183  264.986301  48.909527
022184  265.315068  48.909527
022185  265.643836  48.909527
022186  265.972603  48.909527
022187  266.301370  48.909527
022188  266.630137  48.909527
022189  266.958904  48.909527
022190  267.287671  48.909527
022191  267.616438  48.909527
022192  267.945205  48.909527
022193  268.273973  48.909527
022194  268.602740  48.909527
022195  268.931507  48.909527
022196  269.260274  48.909527
022197  269.589041  48.909527
022198  269.917808  48.909527
022199  270.246575  48.909527
022200  270.575342  48.909527
022201  270.904110  48.909527
022202  271.232877  48.909527
022203  271.561644  48.909527
022204  271.890411  48.909527
022205  272.219178  48.909527
022206  272.547945  48.909527
022207  272.876712  48.909527
022208  273.205479  48.909527
022209  273.534247  48.909527
022210  273.863014  48.909527
022211  274.191781  48.909527
022212  274.520548  48.909527
022213  274.849315  48.909527
022214  275.178082  48.909527
022215  275.506849  48.909527
022216  275.835616  48.909527
022217  276.164384  48.909527
022218  276.493151  48.909527
022219  276.821918  48.909527
022220  277.150685  48.909527
022221  277.479452  48.909527
022222  277.808219  48.909527
022223  278.136986  48.909527
022224  278.465753  48.909527
022225  278.794521  48.909527
022226  279.123288  48.909527
022227  279.452055  48.909527
022228  279.780822  48.909527
022229  280.109589  48.909527
022230  280.438356  48.909527
022231  280.767123  48.909527
022232  281.095890  48.909527
022233  281.424658  48.909527
022234  281.753425  48.909527
022235  282.082192  48.909527
022236  282.410959  48.909527
022237  282.739726  48.909527
022238  283.068493  48.909527
022239  283.397260  48.909527
022240  283.726027  48.909527
022241  284.054795  48.909527
022242  284.383562  48.909527
022243  284.712329  48.909527
022244  285.041096  48.909527
022245  285.369863  48.909527
022246  285.698630  48.909527
022247  286.027397  48.909527
022248  286.356164  48.909527
022249  286.684932  48.909527
022250  287.013699  48.909527
022251  287.342466  48.909527
022252  287.671233  48.909527
022253  288.000000  48.909527
022254  288.328767  48.909527
022255  288.657534  48.909527
022256  288.986301  48.909527
022257  289.315068  48.909527
022258  289.643836  48.909527
022259  289.972603  48.909527
022260  290.301370  48.909527
022261  290.630137  48.909527
022262  290.958904  48.909527
022263  291.287671  48.909527
022264  291.616438  48.909527
022265  291.945205  48.909527
022266  292.273973  48.909527
022267  292.602740  48.909527
022268  292.931507  48.909527
022269  293.260274  48.909527
022270  293.589041  48.909527
022271  293.917808  48.909527
022272  294.246575  48.909527
022273  294.575342  48.909527
022274  294.904110  48.909527
022275  295.232877  48.909527
022276  295.561644  48.909527
022277  295.890411  48.909527
022278  297.534247  48.909527
022279  297.863014  48.909527
022280  298.191781  48.909527
022281  298.520548  48.909527
022282  301.150685  48.909527
022283  301.479452  48.909527
022284  301.808219  48.909527
022285  302.136986  48.909527
022286  302.465753  48.909527
022287  302.794521  48.909527
022288  303.123288  48.909527
022289  303.452055  48.909527
022290  303.780822  48.909527
022291  233.834862  49.125365
022292  234.165138  49.125365
022293  234.495413  49.125365
022294  234.825688  49.125365
022295  235.155963  49.125365
022296  235.486239  49.125365
022297  235.816514  49.125365
022298  236.146789  49.125365
022299  236.477064  49.125365
022300  236.807339  49.125365
022301  237.137615  49.125365
022302  237.467890  49.125365
022303  237.798165  49.125365
022304  238.128440  49.125365
022305  238.458716  49.125365
022306  238.788991  49.125365
022307  239.119266  49.125365
022308  239.449541  49.125365
022309  239.779817  49.125365
022310  240.110092  49.125365
022311  240.440367  49.125365
022312  240.770642  49.125365
022313  241.100917  49.125365
022314  241.431193  49.125365
022315  241.761468  49.125365
022316  242.091743  49.125365
022317  242.422018  49.125365
022318  242.752294  49.125365
022319  243.082569  49.125365
022320  243.412844  49.125365
022321  243.743119  49.125365
022322  244.073394  49.125365
022323  244.403670  49.125365
022324  244.733945  49.125365
022325  245.064220  49.125365
022326  245.394495  49.125365
022327  245.724771  49.125365
022328  246.055046  49.125365
022329  246.385321  49.125365
022330  246.715596  49.125365
022331  247.045872  49.125365
022332  247.376147  49.125365
022333  247.706422  49.125365
022334  248.036697  49.125365
022335  248.366972  49.125365
022336  248.697248  49.125365
022337  249.027523  49.125365
022338  249.357798  49.125365
022339  249.688073  49.125365
022340  250.018349  49.125365
022341  250.348624  49.125365
022342  250.678899  49.125365
022343  251.009174  49.125365
022344  251.339450  49.125365
022345  251.669725  49.125365
022346  252.000000  49.125365
022347  252.330275  49.125365
022348  252.660550  49.125365
022349  252.990826  49.125365
022350  253.321101  49.125365
022351  253.651376  49.125365
022352  253.981651  49.125365
022353  254.311927  49.125365
022354  254.642202  49.125365
022355  254.972477  49.125365
022356  255.302752  49.125365
022357  255.633028  49.125365
022358  255.963303  49.125365
022359  256.293578  49.125365
022360  256.623853  49.125365
022361  256.954128  49.125365
022362  257.284404  49.125365
022363  257.614679  49.125365
022364  257.944954  49.125365
022365  258.275229  49.125365
022366  258.605505  49.125365
022367  258.935780  49.125365
022368  259.266055  49.125365
022369  259.596330  49.125365
022370  259.926606  49.125365
022371  260.256881  49.125365
022372  260.587156  49.125365
022373  260.917431  49.125365
022374  261.247706  49.125365
022375  261.577982  49.125365
022376  261.908257  49.125365
022377  262.238532  49.125365
022378  262.568807  49.125365
022379  262.899083  49.125365
022380  263.229358  49.125365
022381  263.559633  49.125365
022382  263.889908  49.125365
022383  264.220183  49.125365
022384  264.550459  49.125365
022385  264.880734  49.125365
022386  265.211009  49.125365
022387  265.541284  49.125365
022388  265.871560  49.125365
022389  266.201835  49.125365
022390  266.532110  49.125365
022391  266.862385  49.125365
022392  267.192661  49.125365
022393  267.522936  49.125365
022394  267.853211  49.125365
022395  268.183486  49.125365
022396  268.513761  49.125365
022397  268.844037  49.125365
022398  269.174312  49.125365
022399  269.504587  49.125365
022400  269.834862  49.125365
022401  270.165138  49.125365
022402  270.495413  49.125365
022403  270.825688  49.125365
022404  271.155963  49.125365
022405  271.486239  49.125365
022406  271.816514  49.125365
022407  272.146789  49.125365
022408  272.477064  49.125365
022409  272.807339  49.125365
022410  273.137615  49.125365
022411  273.467890  49.125365
022412  273.798165  49.125365
022413  274.128440  49.125365
022414  274.458716  49.125365
022415  274.788991  49.125365
022416  275.119266  49.125365
022417  275.449541  49.125365
022418  275.779817  49.125365
022419  276.110092  49.125365
022420  276.440367  49.125365
022421  276.770642  49.125365
022422  277.100917  49.125365
022423  277.431193  49.125365
022424  277.761468  49.125365
022425  278.091743  49.125365
022426  278.422018  49.125365
022427  278.752294  49.125365
022428  279.082569  49.125365
022429  279.412844  49.125365
022430  279.743119  49.125365
022431  280.073394  49.125365
022432  280.403670  49.125365
022433  280.733945  49.125365
022434  281.064220  49.125365
022435  281.394495  49.125365
022436  281.724771  49.125365
022437  282.055046  49.125365
022438  282.385321  49.125365
022439  282.715596  49.125365
022440  283.045872  49.125365
022441  283.376147  49.125365
022442  283.706422  49.125365
022443  284.036697  49.125365
022444  284.366972  49.125365
022445  284.697248  49.125365
022446  285.027523  49.125365
022447  285.357798  49.125365
022448  285.688073  49.125365
022449  286.018349  49.125365
022450  286.348624  49.125365
022451  286.678899  49.125365
022452  287.009174  49.125365
022453  287.339450  49.125365
022454  287.669725  49.125365
022455  288.000000  49.125365
022456  288.330275  49.125365
022457  288.660550  49.125365
022458  288.990826  49.125365
022459  289.321101  49.125365
022460  289.651376  49.125365
022461  289.981651  49.125365
022462  290.311927  49.125365
022463  290.642202  49.125365
022464  290.972477  49.125365
022465  291.302752  49.125365
022466  291.633028  49.125365
022467  291.963303  49.125365
022468  292.293578  49.125365
022469  292.623853  49.125365
022470  292.954128  49.125365
022471  293.284404  49.125365
022472  293.614679  49.125365
022473  293.944954  49.125365
022474  294.275229  49.125365
022475  294.605505  49.125365
022476  294.935780  49.125365
022477  295.266055  49.125365
022478  295.596330  49.125365
022479  296.587156  49.125365
022480  296.917431  49.125365
022481  297.247706  49.125365
022482  297.577982  49.125365
022483  297.908257  49.125365
022484  298.238532  49.125365
022485  298.568807  49.125365
022486  301.211009  49.125365
022487  301.541284  49.125365
022488  301.871560  49.125365
022489  302.201835  49.125365
022490  302.532110  49.125365
022491  302.862385  49.125365
022492  303.192661  49.125365
022493  303.522936  49.125365
022494  303.853211  49.125365
022495  233.585253  49.341202
022496  233.917051  49.341202
022497  234.248848  49.341202
022498  234.580645  49.341202
022499  234.912442  49.341202
022500  235.244240  49.341202
022501  235.576037  49.341202
022502  235.907834  49.341202
022503  236.239631  49.341202
022504  236.571429  49.341202
022505  236.903226  49.341202
022506  237.235023  49.341202
022507  237.566820  49.341202
022508  237.898618  49.341202
022509  238.230415  49.341202
022510  238.562212  49.341202
022511  238.894009  49.341202
022512  239.225806  49.341202
022513  239.557604  49.341202
022514  239.889401  49.341202
022515  240.221198  49.341202
022516  240.552995  49.341202
022517  240.884793  49.341202
022518  241.216590  49.341202
022519  241.548387  49.341202
022520  241.880184  49.341202
022521  242.211982  49.341202
022522  242.543779  49.341202
022523  242.875576  49.341202
022524  243.207373  49.341202
022525  243.539171  49.341202
022526  243.870968  49.341202
022527  244.202765  49.341202
022528  244.534562  49.341202
022529  244.866359  49.341202
022530  245.198157  49.341202
022531  245.529954  49.341202
022532  245.861751  49.341202
022533  246.193548  49.341202
022534  246.525346  49.341202
022535  246.857143  49.341202
022536  247.188940  49.341202
022537  247.520737  49.341202
022538  247.852535  49.341202
022539  248.184332  49.341202
022540  248.516129  49.341202
022541  248.847926  49.341202
022542  249.179724  49.341202
022543  249.511521  49.341202
022544  249.843318  49.341202
022545  250.175115  49.341202
022546  250.506912  49.341202
022547  250.838710  49.341202
022548  251.170507  49.341202
022549  251.502304  49.341202
022550  251.834101  49.341202
022551  252.165899  49.341202
022552  252.497696  49.341202
022553  252.829493  49.341202
022554  253.161290  49.341202
022555  253.493088  49.341202
022556  253.824885  49.341202
022557  254.156682  49.341202
022558  254.488479  49.341202
022559  254.820276  49.341202
022560  255.152074  49.341202
022561  255.483871  49.341202
022562  255.815668  49.341202
022563  256.147465  49.341202
022564  256.479263  49.341202
022565  256.811060  49.341202
022566  257.142857  49.341202
022567  257.474654  49.341202
022568  257.806452  49.341202
022569  258.138249  49.341202
022570  258.470046  49.341202
022571  258.801843  49.341202
022572  259.133641  49.341202
022573  259.465438  49.341202
022574  259.797235  49.341202
022575  260.129032  49.341202
022576  260.460829  49.341202
022577  260.792627  49.341202
022578  261.124424  49.341202
022579  261.456221  49.341202
022580  261.788018  49.341202
022581  262.119816  49.341202
022582  262.451613  49.341202
022583  262.783410  49.341202
022584  263.115207  49.341202
022585  263.447005  49.341202
022586  263.778802  49.341202
022587  264.110599  49.341202
022588  264.442396  49.341202
022589  264.774194  49.341202
022590  265.105991  49.341202
022591  265.437788  49.341202
022592  265.769585  49.341202
022593  266.101382  49.341202
022594  266.433180  49.341202
022595  266.764977  49.341202
022596  267.096774  49.341202
022597  267.428571  49.341202
022598  267.760369  49.341202
022599  268.092166  49.341202
022600  268.423963  49.341202
022601  268.755760  49.341202
022602  269.087558  49.341202
022603  269.419355  49.341202
022604  269.751152  49.341202
022605  270.082949  49.341202
022606  270.414747  49.341202
022607  270.746544  49.341202
022608  271.078341  49.341202
022609  271.410138  49.341202
022610  271.741935  49.341202
022611  272.073733  49.341202
022612  272.405530  49.341202
022613  272.737327  49.341202
022614  273.069124  49.341202
022615  273.400922  49.341202
022616  273.732719  49.341202
022617  274.064516  49.341202
022618  274.396313  49.341202
022619  274.728111  49.341202
022620  275.059908  49.341202
022621  275.391705  49.341202
022622  275.723502  49.341202
022623  276.055300  49.341202
022624  276.387097  49.341202
022625  276.718894  49.341202
022626  277.050691  49.341202
022627  277.382488  49.341202
022628  277.714286  49.341202
022629  278.046083  49.341202
022630  278.377880  49.341202
022631  278.709677  49.341202
022632  279.041475  49.341202
022633  279.373272  49.341202
022634  279.705069  49.341202
022635  280.036866  49.341202
022636  280.368664  49.341202
022637  280.700461  49.341202
022638  281.032258  49.341202
022639  281.364055  49.341202
022640  281.695853  49.341202
022641  282.027650  49.341202
022642  282.359447  49.341202
022643  282.691244  49.341202
022644  283.023041  49.341202
022645  283.354839  49.341202
022646  283.686636  49.341202
022647  284.018433  49.341202
022648  284.350230  49.341202
022649  284.682028  49.341202
022650  285.013825  49.341202
022651  285.345622  49.341202
022652  285.677419  49.341202
022653  286.009217  49.341202
022654  286.341014  49.341202
022655  286.672811  49.341202
022656  287.004608  49.341202
022657  287.336406  49.341202
022658  287.668203  49.341202
022659  288.000000  49.341202
022660  288.331797  49.341202
022661  288.663594  49.341202
022662  288.995392  49.341202
022663  289.327189  49.341202
022664  289.658986  49.341202
022665  289.990783  49.341202
022666  290.322581  49.341202
022667  290.654378  49.341202
022668  290.986175  49.341202
022669  291.317972  49.341202
022670  291.649770  49.341202
022671  291.981567  49.341202
022672  292.313364  49.341202
022673  292.645161  49.341202
022674  292.976959  49.341202
022675  293.308756  49.341202
022676  293.640553  49.341202
022677  293.972350  49.341202
022678  294.304147  49.341202
022679  294.635945  49.341202
022680  294.967742  49.341202
022681  295.299539  49.341202
022682  296.294931  49.341202
022683  296.626728  49.341202
022684  296.958525  49.341202
022685  297.290323  49.341202
022686  297.622120  49.341202
022687  297.953917  49.341202
022688  298.285714  49.341202
022689  301.603687  49.341202
022690  301.935484  49.341202
022691  302.267281  49.341202
022692  302.599078  49.341202
022693  302.930876  49.341202
022694  303.262673  49.341202
022695  303.594470  49.341202
022696  303.926267  49.341202
022697  233.000000  49.557039
022698  233.333333  49.557039
022699  233.666667  49.557039
022700  234.000000  49.557039
022701  234.333333  49.557039
022702  234.666667  49.557039
022703  235.000000  49.557039
022704  235.333333  49.557039
022705  235.666667  49.557039
022706  236.000000  49.557039
022707  236.333333  49.557039
022708  236.666667  49.557039
022709  237.000000  49.557039
022710  237.333333  49.557039
022711  237.666667  49.557039
022712  238.000000  49.557039
022713  238.333333  49.557039
022714  238.666667  49.557039
022715  239.000000  49.557039
022716  239.333333  49.557039
022717  239.666667  49.557039
022718  240.000000  49.557039
022719  240.333333  49.557039
022720  240.666667  49.557039
022721  241.000000  49.557039
022722  241.333333  49.557039
022723  241.666667  49.557039
022724  242.000000  49.557039
022725  242.333333  49.557039
022726  242.666667  49.557039
022727  243.000000  49.557039
022728  243.333333  49.557039
022729  243.666667  49.557039
022730  244.000000  49.557039
022731  244.333333  49.557039
022732  244.666667  49.557039
022733  245.000000  49.557039
022734  245.333333  49.557039
022735  245.666667  49.557039
022736  246.000000  49.557039
022737  246.333333  49.557039
022738  246.666667  49.557039
022739  247.000000  49.557039
022740  247.333333  49.557039
022741  247.666667  49.557039
022742  248.000000  49.557039
022743  248.333333  49.557039
022744  248.666667  49.557039
022745  249.000000  49.557039
022746  249.333333  49.557039
022747  249.666667  49.557039
022748  250.000000  49.557039
022749  250.333333  49.557039
022750  250.666667  49.557039
022751  251.000000  49.557039
022752  251.333333  49.557039
022753  251.666667  49.557039
022754  252.000000  49.557039
022755  252.333333  49.557039
022756  252.666667  49.557039
022757  253.000000  49.557039
022758  253.333333  49.557039
022759  253.666667  49.557039
022760  254.000000  49.557039
022761  254.333333  49.557039
022762  254.666667  49.557039
022763  255.000000  49.557039
022764  255.333333  49.557039
022765  255.666667  49.557039
022766  256.000000  49.557039
022767  256.333333  49.557039
022768  256.666667  49.557039
022769  257.000000  49.557039
022770  257.333333  49.557039
022771  257.666667  49.557039
022772  258.000000  49.557039
022773  258.333333  49.557039
022774  258.666667  49.557039
022775  259.000000  49.557039
022776  259.333333  49.557039
022777  259.666667  49.557039
022778  260.000000  49.557039
022779  260.333333  49.557039
022780  260.666667  49.557039
022781  261.000000  49.557039
022782  261.333333  49.557039
022783  261.666667  49.557039
022784  262.000000  49.557039
022785  262.333333  49.557039
022786  262.666667  49.557039
022787  263.000000  49.557039
022788  263.333333  49.557039
022789  263.666667  49.557039
022790  264.000000  49.557039
022791  264.333333  49.557039
022792  264.666667  49.557039
022793  265.000000  49.557039
022794  265.333333  49.557039
022795  265.666667  49.557039
022796  266.000000  49.557039
022797  266.333333  49.557039
022798  266.666667  49.557039
022799  267.000000  49.557039
022800  267.333333  49.557039
022801  267.666667  49.557039
022802  268.000000  49.557039
022803  268.333333  49.557039
022804  268.666667  49.557039
022805  269.000000  49.557039
022806  269.333333  49.557039
022807  269.666667  49.557039
022808  270.000000  49.557039
022809  270.333333  49.557039
022810  270.666667  49.557039
022811  271.000000  49.557039
022812  271.333333  49.557039
022813  271.666667  49.557039
022814  272.000000  49.557039
022815  272.333333  49.557039
022816  272.666667  49.557039
022817  273.000000  49.557039
022818  273.333333  49.557039
022819  273.666667  49.557039
022820  274.000000  49.557039
022821  274.333333  49.557039
022822  274.666667  49.557039
022823  275.000000  49.557039
022824  275.333333  49.557039
022825  275.666667  49.557039
022826  276.000000  49.557039
022827  276.333333  49.557039
022828  276.666667  49.557039
022829  277.000000  49.557039
022830  277.333333  49.557039
022831  277.666667  49.557039
022832  278.000000  49.557039
022833  278.333333  49.557039
022834  278.666667  49.557039
022835  279.000000  49.557039
022836  279.333333  49.557039
022837  279.666667  49.557039
022838  280.000000  49.557039
022839  280.333333  49.557039
022840  280.666667  49.557039
022841  281.000000  49.557039
022842  281.333333  49.557039
022843  281.666667  49.557039
022844  282.000000  49.557039
022845  282.333333  49.557039
022846  282.666667  49.557039
022847  283.000000  49.557039
022848  283.333333  49.557039
022849  283.666667  49.557039
022850  284.000000  49.557039
022851  284.333333  49.557039
022852  284.666667  49.557039
022853  285.000000  49.557039
022854  285.333333  49.557039
022855  285.666667  49.557039
022856  286.000000  49.557039
022857  286.333333  49.557039
022858  286.666667  49.557039
022859  287.000000  49.557039
022860  287.333333  49.557039
022861  287.666667  49.557039
022862  288.000000  49.557039
022863  288.333333  49.557039
022864  288.666667  49.557039
022865  289.000000  49.557039
022866  289.333333  49.557039
022867  289.666667  49.557039
022868  290.000000  49.557039
022869  290.333333  49.557039
022870  290.666667  49.557039
022871  291.000000  49.557039
022872  291.333333  49.557039
022873  291.666667  49.557039
022874  292.000000  49.557039
022875  292.333333  49.557039
022876  292.666667  49.557039
022877  293.000000  49.557039
022878  295.666667  49.557039
022879  296.000000  49.557039
022880  296.333333  49.557039
022881  296.666667  49.557039
022882  297.000000  49.557039
022883  297.333333  49.557039
022884  297.666667  49.557039
022885  298.000000  49.557039
022886  301.666667  49.557039
022887  302.000000  49.557039
022888  302.333333  49.557039
022889  302.666667  49.557039
022890  303.000000  49.557039
022891  303.333333  49.557039
022892  303.666667  49.557039
022893  304.000000  49.557039
022894  232.862454  49.772876
022895  233.197026  49.772876
022896  233.531599  49.772876
022897  233.866171  49.772876
022898  234.200743  49.772876
022899  234.535316  49.772876
022900  234.869888  49.772876
022901  235.204461  49.772876
022902  235.539033  49.772876
022903  235.873606  49.772876
022904  236.208178  49.772876
022905  236.542751  49.772876
022906  236.877323  49.772876
022907  237.211896  49.772876
022908  237.546468  49.772876
022909  237.881041  49.772876
022910  238.215613  49.772876
022911  238.550186  49.772876
022912  238.884758  49.772876
022913  239.219331  49.772876
022914  239.553903  49.772876
022915  239.888476  49.772876
022916  240.223048  49.772876
022917  240.557621  49.772876
022918  240.892193  49.772876
022919  241.226766  49.772876
022920  241.561338  49.772876
022921  241.895911  49.772876
022922  242.230483  49.772876
022923  242.565056  49.772876
022924  242.899628  49.772876
022925  243.234201  49.772876
022926  243.568773  49.772876
022927  243.903346  49.772876
022928  244.237918  49.772876
022929  244.572491  49.772876
022930  244.907063  49.772876
022931  245.241636  49.772876
022932  245.576208  49.772876
022933  245.910781  49.772876
022934  246.245353  49.772876
022935  246.579926  49.772876
022936  246.914498  49.772876
022937  247.249071  49.772876
022938  247.583643  49.772876
022939  247.918216  49.772876
022940  248.252788  49.772876
022941  248.587361  49.772876
022942  248.921933  49.772876
022943  249.256506  49.772876
022944  249.591078  49.772876
022945  249.925651  49.772876
022946  250.260223  49.772876
022947  250.594796  49.772876
022948  250.929368  49.772876
022949  251.263941  49.772876
022950  251.598513  49.772876
022951  251.933086  49.772876
022952  252.267658  49.772876
022953  252.602230  49.772876
022954  252.936803  49.772876
022955  253.271375  49.772876
022956  253.605948  49.772876
022957  253.940520  49.772876
022958  254.275093  49.772876
022959  254.609665  49.772876
022960  254.944238  49.772876
022961  255.278810  49.772876
022962  255.613383  49.772876
022963  255.947955  49.772876
022964  256.282528  49.772876
022965  256.617100  49.772876
022966  256.951673  49.772876
022967  257.286245  49.772876
022968  257.620818  49.772876
022969  257.955390  49.772876
022970  258.289963  49.772876
022971  258.624535  49.772876
022972  258.959108  49.772876
022973  259.293680  49.772876
022974  259.628253  49.772876
022975  259.962825  49.772876
022976  260.297398  49.772876
022977  260.631970  49.772876
022978  260.966543  49.772876
022979  261.301115  49.772876
022980  261.635688  49.772876
022981  261.970260  49.772876
022982  262.304833  49.772876
022983  262.639405  49.772876
022984  262.973978  49.772876
022985  263.308550  49.772876
022986  263.643123  49.772876
022987  263.977695  49.772876
022988  264.312268  49.772876
022989  264.646840  49.772876
022990  264.981413  49.772876
022991  265.315985  49.772876
022992  265.650558  49.772876
022993  265.985130  49.772876
022994  266.319703  49.772876
022995  266.654275  49.772876
022996  266.988848  49.772876
022997  267.323420  49.772876
022998  267.657993  49.772876
022999  267.992565  49.772876
023000  268.327138  49.772876
023001  268.661710  49.772876
023002  268.996283  49.772876
023003  269.330855  49.772876
023004  269.665428  49.772876
023005  270.000000  49.772876
023006  270.334572  49.772876
023007  270.669145  49.772876
023008  271.003717  49.772876
023009  271.338290  49.772876
023010  271.672862  49.772876
023011  272.007435  49.772876
023012  272.342007  49.772876
023013  272.676580  49.772876
023014  273.011152  49.772876
023015  273.345725  49.772876
023016  273.680297  49.772876
023017  274.014870  49.772876
023018  274.349442  49.772876
023019  274.684015  49.772876
023020  275.018587  49.772876
023021  275.353160  49.772876
023022  275.687732  49.772876
023023  276.022305  49.772876
023024  276.356877  49.772876
023025  276.691450  49.772876
023026  277.026022  49.772876
023027  277.360595  49.772876
023028  277.695167  49.772876
023029  278.029740  49.772876
023030  278.364312  49.772876
023031  278.698885  49.772876
023032  279.033457  49.772876
023033  279.368030  49.772876
023034  279.702602  49.772876
023035  280.037175  49.772876
023036  280.371747  49.772876
023037  280.706320  49.772876
023038  281.040892  49.772876
023039  281.375465  49.772876
023040  281.710037  49.772876
023041  282.044610  49.772876
023042  282.379182  49.772876
023043  282.713755  49.772876
023044  283.048327  49.772876
023045  283.382900  49.772876
023046  283.717472  49.772876
023047  284.052045  49.772876
023048  284.386617  49.772876
023049  284.721190  49.772876
023050  285.055762  49.772876
023051  285.390335  49.772876
023052  285.724907  49.772876
023053  286.059480  49.772876
023054  286.394052  49.772876
023055  286.728625  49.772876
023056  287.063197  49.772876
023057  287.397770  49.772876
023058  287.732342  49.772876
023059  288.066914  49.772876
023060  288.401487  49.772876
023061  288.736059  49.772876
023062  289.070632  49.772876
023063  289.405204  49.772876
023064  289.739777  49.772876
023065  290.074349  49.772876
023066  290.408922  49.772876
023067  290.743494  49.772876
023068  291.078067  49.772876
023069  291.412639  49.772876
023070  291.747212  49.772876
023071  292.081784  49.772876
023072  292.416357  49.772876
023073  292.750929  49.772876
023074  293.085502  49.772876
023075  295.427509  49.772876
023076  295.762082  49.772876
023077  296.096654  49.772876
023078  296.431227  49.772876
023079  296.765799  49.772876
023080  297.100372  49.772876
023081  297.434944  49.772876
023082  301.784387  49.772876
023083  302.118959  49.772876
023084  302.453532  49.772876
023085  302.788104  49.772876
023086  303.122677  49.772876
023087  303.457249  49.772876
023088  303.791822  49.772876
023089  232.268908  49.988713
023090  232.605042  49.988713
023091  232.941176  49.988713
023092  233.277311  49.988713
023093  233.613445  49.988713
023094  233.949580  49.988713
023095  234.285714  49.988713
023096  234.621849  49.988713
023097  234.957983  49.988713
023098  235.294118  49.988713
023099  235.630252  49.988713
023100  235.966387  49.988713
023101  236.302521  49.988713
023102  236.638655  49.988713
023103  236.974790  49.988713
023104  237.310924  49.988713
023105  237.647059  49.988713
023106  237.983193  49.988713
023107  238.319328  49.988713
023108  238.655462  49.988713
023109  238.991597  49.988713
023110  239.327731  49.988713
023111  239.663866  49.988713
023112  240.000000  49.988713
023113  240.336134  49.988713
023114  240.672269  49.988713
023115  241.008403  49.988713
023116  241.344538  49.988713
023117  241.680672  49.988713
023118  242.016807  49.988713
023119  242.352941  49.988713
023120  242.689076  49.988713
023121  243.025210  49.988713
023122  243.361345  49.988713
023123  243.697479  49.988713
023124  244.033613  49.988713
023125  244.369748  49.988713
023126  244.705882  49.988713
023127  245.042017  49.988713
023128  245.378151  49.988713
023129  245.714286  49.988713
023130  246.050420  49.988713
023131  246.386555  49.988713
023132  246.722689  49.988713
023133  247.058824  49.988713
023134  247.394958  49.988713
023135  247.731092  49.988713
023136  248.067227  49.988713
023137  248.403361  49.988713
023138  248.739496  49.988713
023139  249.075630  49.988713
023140  249.411765  49.988713
023141  249.747899  49.988713
023142  250.084034  49.988713
023143  250.420168  49.988713
023144  250.756303  49.988713
023145  251.092437  49.988713
023146  251.428571  49.988713
023147  251.764706  49.988713
023148  252.100840  49.988713
023149  252.436975  49.988713
023150  252.773109  49.988713
023151  253.109244  49.988713
023152  253.445378  49.988713
023153  253.781513  49.988713
023154  254.117647  49.988713
023155  254.453782  49.988713
023156  254.789916  49.988713
023157  255.126050  49.988713
023158  255.462185  49.988713
023159  255.798319  49.988713
023160  256.134454  49.988713
023161  256.470588  49.988713
023162  256.806723  49.988713
023163  257.142857  49.988713
023164  257.478992  49.988713
023165  257.815126  49.988713
023166  258.151261  49.988713
023167  258.487395  49.988713
023168  258.823529  49.988713
023169  259.159664  49.988713
023170  259.495798  49.988713
023171  259.831933  49.988713
023172  260.168067  49.988713
023173  260.504202  49.988713
023174  260.840336  49.988713
023175  261.176471  49.988713
023176  261.512605  49.988713
023177  261.848739  49.988713
023178  262.184874  49.988713
023179  262.521008  49.988713
023180  262.857143  49.988713
023181  263.193277  49.988713
023182  263.529412  49.988713
023183  263.865546  49.988713
023184  264.201681  49.988713
023185  264.537815  49.988713
023186  264.873950  49.988713
023187  265.210084  49.988713
023188  265.546218  49.988713
023189  265.882353  49.988713
023190  266.218487  49.988713
023191  266.554622  49.988713
023192  266.890756  49.988713
023193  267.226891  49.988713
023194  267.563025  49.988713
023195  267.899160  49.988713
023196  268.235294  49.988713
023197  268.571429  49.988713
023198  268.907563  49.988713
023199  269.243697  49.988713
023200  269.579832  49.988713
023201  269.915966  49.988713
023202  270.252101  49.988713
023203  270.588235  49.988713
023204  270.924370  49.988713
023205  271.260504  49.988713
023206  271.596639  49.988713
023207  271.932773  49.988713
023208  272.268908  49.988713
023209  272.605042  49.988713
023210  272.941176  49.988713
023211  273.277311  49.988713
023212  273.613445  49.988713
023213  273.949580  49.988713
023214  274.285714  49.988713
023215  274.621849  49.988713
023216  274.957983  49.988713
023217  275.294118  49.988713
023218  275.630252  49.988713
023219  275.966387  49.988713
023220  276.302521  49.988713
023221  276.638655  49.988713
023222  276.974790  49.988713
023223  277.310924  49.988713
023224  277.647059  49.988713
023225  277.983193  49.988713
023226  278.319328  49.988713
023227  278.655462  49.988713
023228  278.991597  49.988713
023229  279.327731  49.988713
023230  279.663866  49.988713
023231  280.000000  49.988713
023232  280.336134  49.988713
023233  280.672269  49.988713
023234  281.008403  49.988713
023235  281.344538  49.988713
023236  281.680672  49.988713
023237  282.016807  49.988713
023238  282.352941  49.988713
023239  282.689076  49.988713
023240  283.025210  49.988713
023241  283.361345  49.988713
023242  283.697479  49.988713
023243  284.033613  49.988713
023244  284.369748  49.988713
023245  284.705882  49.988713
023246  285.042017  49.988713
023247  285.378151  49.988713
023248  285.714286  49.988713
023249  286.050420  49.988713
023250  286.386555  49.988713
023251  286.722689  49.988713
023252  287.058824  49.988713
023253  287.394958  49.988713
023254  287.731092  49.988713
023255  288.067227  49.988713
023256  288.403361  49.988713
023257  288.739496  49.988713
023258  289.075630  49.988713
023259  289.411765  49.988713
023260  289.747899  49.988713
023261  290.084034  49.988713
023262  290.420168  49.988713
023263  290.756303  49.988713
023264  291.092437  49.988713
023265  291.428571  49.988713
023266  291.764706  49.988713
023267  292.100840  49.988713
023268  292.436975  49.988713
023269  292.773109  49.988713
023270  293.109244  49.988713
023271  293.445378  49.988713
023272  293.781513  49.988713
023273  294.117647  49.988713
023274  295.462185  49.988713
023275  295.798319  49.988713
023276  296.134454  49.988713
023277  296.470588  49.988713
023278  296.806723  49.988713
023279  298.151261  49.988713
023280  298.487395  49.988713
023281  298.823529  49.988713
023282  299.159664  49.988713
023283  301.848739  49.988713
023284  302.184874  49.988713
023285  302.521008  49.988713
023286  302.857143  49.988713
023287  303.193277  49.988713
023288  303.529412  49.988713
023289  303.865546  49.988713
023290  232.007505  50.204551
023291  232.345216  50.204551
023292  232.682927  50.204551
023293  233.020638  50.204551
023294  233.358349  50.204551
023295  233.696060  50.204551
023296  234.033771  50.204551
023297  234.371482  50.204551
023298  234.709193  50.204551
023299  235.046904  50.204551
023300  235.384615  50.204551
023301  235.722326  50.204551
023302  236.060038  50.204551
023303  236.397749  50.204551
023304  236.735460  50.204551
023305  237.073171  50.204551
023306  237.410882  50.204551
023307  237.748593  50.204551
023308  238.086304  50.204551
023309  238.424015  50.204551
023310  238.761726  50.204551
023311  239.099437  50.204551
023312  239.437148  50.204551
023313  239.774859  50.204551
023314  240.112570  50.204551
023315  240.450281  50.204551
023316  240.787992  50.204551
023317  241.125704  50.204551
023318  241.463415  50.204551
023319  241.801126  50.204551
023320  242.138837  50.204551
023321  242.476548  50.204551
023322  242.814259  50.204551
023323  243.151970  50.204551
023324  243.489681  50.204551
023325  243.827392  50.204551
023326  244.165103  50.204551
023327  244.502814  50.204551
023328  244.840525  50.204551
023329  245.178236  50.204551
023330  245.515947  50.204551
023331  245.853659  50.204551
023332  246.191370  50.204551
023333  246.529081  50.204551
023334  246.866792  50.204551
023335  247.204503  50.204551
023336  247.542214  50.204551
023337  247.879925  50.204551
023338  248.217636  50.204551
023339  248.555347  50.204551
023340  248.893058  50.204551
023341  249.230769  50.204551
023342  249.568480  50.204551
023343  249.906191  50.204551
023344  250.243902  50.204551
023345  250.581614  50.204551
023346  250.919325  50.204551
023347  251.257036  50.204551
023348  251.594747  50.204551
023349  251.932458  50.204551
023350  252.270169  50.204551
023351  252.607880  50.204551
023352  252.945591  50.204551
023353  253.283302  50.204551
023354  253.621013  50.204551
023355  253.958724  50.204551
023356  254.296435  50.204551
023357  254.634146  50.204551
023358  254.971857  50.204551
023359  255.309568  50.204551
023360  255.647280  50.204551
023361  255.984991  50.204551
023362  256.322702  50.204551
023363  256.660413  50.204551
023364  256.998124  50.204551
023365  257.335835  50.204551
023366  257.673546  50.204551
023367  258.011257  50.204551
023368  258.348968  50.204551
023369  258.686679  50.204551
023370  259.024390  50.204551
023371  259.362101  50.204551
023372  259.699812  50.204551
023373  260.037523  50.204551
023374  260.375235  50.204551
023375  260.712946  50.204551
023376  261.050657  50.204551
023377  261.388368  50.204551
023378  261.726079  50.204551
023379  262.063790  50.204551
023380  262.401501  50.204551
023381  262.739212  50.204551
023382  263.076923  50.204551
023383  263.414634  50.204551
023384  263.752345  50.204551
023385  264.090056  50.204551
023386  264.427767  50.204551
023387  264.765478  50.204551
023388  265.103189  50.204551
023389  265.440901  50.204551
023390  265.778612  50.204551
023391  266.116323  50.204551
023392  266.454034  50.204551
023393  266.791745  50.204551
023394  267.129456  50.204551
023395  267.467167  50.204551
023396  267.804878  50.204551
023397  268.142589  50.204551
023398  268.480300  50.204551
023399  268.818011  50.204551
023400  269.155722  50.204551
023401  269.493433  50.204551
023402  269.831144  50.204551
023403  270.168856  50.204551
023404  270.506567  50.204551
023405  270.844278  50.204551
023406  271.181989  50.204551
023407  271.519700  50.204551
023408  271.857411  50.204551
023409  272.195122  50.204551
023410  272.532833  50.204551
023411  272.870544  50.204551
023412  273.208255  50.204551
023413  273.545966  50.204551
023414  273.883677  50.204551
023415  274.221388  50.204551
023416  274.559099  50.204551
023417  274.896811  50.204551
023418  275.234522  50.204551
023419  275.572233  50.204551
023420  275.909944  50.204551
023421  276.247655  50.204551
023422  276.585366  50.204551
023423  276.923077  50.204551
023424  277.260788  50.204551
023425  277.598499  50.204551
023426  277.936210  50.204551
023427  278.273921  50.204551
023428  278.611632  50.204551
023429  278.949343  50.204551
023430  279.287054  50.204551
023431  279.624765  50.204551
023432  279.962477  50.204551
023433  280.300188  50.204551
023434  280.637899  50.204551
023435  280.975610  50.204551
023436  281.313321  50.204551
023437  281.651032  50.204551
023438  281.988743  50.204551
023439  282.326454  50.204551
023440  282.664165  50.204551
023441  283.001876  50.204551
023442  283.339587  50.204551
023443  283.677298  50.204551
023444  284.015009  50.204551
023445  284.352720  50.204551
023446  284.690432  50.204551
023447  285.028143  50.204551
023448  285.365854  50.204551
023449  285.703565  50.204551
023450  286.041276  50.204551
023451  286.378987  50.204551
023452  286.716698  50.204551
023453  287.054409  50.204551
023454  287.392120  50.204551
023455  287.729831  50.204551
023456  288.067542  50.204551
023457  288.405253  50.204551
023458  288.742964  50.204551
023459  289.080675  50.204551
023460  289.418386  50.204551
023461  289.756098  50.204551
023462  290.093809  50.204551
023463  290.431520  50.204551
023464  290.769231  50.204551
023465  291.106942  50.204551
023466  291.444653  50.204551
023467  291.782364  50.204551
023468  292.120075  50.204551
023469  292.457786  50.204551
023470  292.795497  50.204551
023471  293.133208  50.204551
023472  293.470919  50.204551
023473  293.808630  50.204551
023474  294.146341  50.204551
023475  294.484053  50.204551
023476  294.821764  50.204551
023477  295.159475  50.204551
023478  295.497186  50.204551
023479  295.834897  50.204551
023480  296.172608  50.204551
023481  296.510319  50.204551
023482  296.848030  50.204551
023483  297.185741  50.204551
023484  297.523452  50.204551
023485  297.861163  50.204551
023486  298.198874  50.204551
023487  298.536585  50.204551
023488  298.874296  50.204551
023489  299.212008  50.204551
023490  299.549719  50.204551
023491  299.887430  50.204551
023492  300.225141  50.204551
023493  302.251407  50.204551
023494  302.589118  50.204551
023495  302.926829  50.204551
023496  303.264540  50.204551
023497  303.602251  50.204551
023498  231.743638  50.420388
023499  232.082941  50.420388
023500  232.422243  50.420388
023501  232.761546  50.420388
023502  233.100848  50.420388
023503  233.440151  50.420388
023504  233.779453  50.420388
023505  234.118756  50.420388
023506  234.458058  50.420388
023507  234.797361  50.420388
023508  235.136664  50.420388
023509  235.475966  50.420388
023510  235.815269  50.420388
023511  236.154571  50.420388
023512  236.493874  50.420388
023513  236.833176  50.420388
023514  237.172479  50.420388
023515  237.511781  50.420388
023516  237.851084  50.420388
023517  238.190386  50.420388
023518  238.529689  50.420388
023519  238.868992  50.420388
023520  239.208294  50.420388
023521  239.547597  50.420388
023522  239.886899  50.420388
023523  240.226202  50.420388
023524  240.565504  50.420388
023525  240.904807  50.420388
023526  241.244109  50.420388
023527  241.583412  50.420388
023528  241.922714  50.420388
023529  242.262017  50.420388
023530  242.601320  50.420388
023531  242.940622  50.420388
023532  243.279925  50.420388
023533  243.619227  50.420388
023534  243.958530  50.420388
023535  244.297832  50.420388
023536  244.637135  50.420388
023537  244.976437  50.420388
023538  245.315740  50.420388
023539  245.655042  50.420388
023540  245.994345  50.420388
023541  246.333648  50.420388
023542  246.672950  50.420388
023543  247.012253  50.420388
023544  247.351555  50.420388
023545  247.690858  50.420388
023546  248.030160  50.420388
023547  248.369463  50.420388
023548  248.708765  50.420388
023549  249.048068  50.420388
023550  249.387370  50.420388
023551  249.726673  50.420388
023552  250.065975  50.420388
023553  250.405278  50.420388
023554  250.744581  50.420388
023555  251.083883  50.420388
023556  251.423186  50.420388
023557  251.762488  50.420388
023558  252.101791  50.420388
023559  252.441093  50.420388
023560  252.780396  50.420388
023561  253.119698  50.420388
023562  253.459001  50.420388
023563  253.798303  50.420388
023564  254.137606  50.420388
023565  254.476909  50.420388
023566  254.816211  50.420388
023567  255.155514  50.420388
023568  255.494816  50.420388
023569  255.834119  50.420388
023570  256.173421  50.420388
023571  256.512724  50.420388
023572  256.852026  50.420388
023573  257.191329  50.420388
023574  257.530631  50.420388
023575  257.869934  50.420388
023576  258.209237  50.420388
023577  258.548539  50.420388
023578  258.887842  50.420388
023579  259.227144  50.420388
023580  259.566447  50.420388
023581  259.905749  50.420388
023582  260.245052  50.420388
023583  260.584354  50.420388
023584  260.923657  50.420388
023585  261.262959  50.420388
023586  261.602262  50.420388
023587  261.941565  50.420388
023588  262.280867  50.420388
023589  262.620170  50.420388
023590  262.959472  50.420388
023591  263.298775  50.420388
023592  263.638077  50.420388
023593  263.977380  50.420388
023594  264.316682  50.420388
023595  264.655985  50.420388
023596  264.995287  50.420388
023597  265.334590  50.420388
023598  265.673893  50.420388
023599  266.013195  50.420388
023600  266.352498  50.420388
023601  266.691800  50.420388
023602  267.031103  50.420388
023603  267.370405  50.420388
023604  267.709708  50.420388
023605  268.049010  50.420388
023606  268.388313  50.420388
023607  268.727615  50.420388
023608  269.066918  50.420388
023609  269.406221  50.420388
023610  269.745523  50.420388
023611  270.084826  50.420388
023612  270.424128  50.420388
023613  270.763431  50.420388
023614  271.102733  50.420388
023615  271.442036  50.420388
023616  271.781338  50.420388
023617  272.120641  50.420388
023618  272.459943  50.420388
023619  272.799246  50.420388
023620  273.138549  50.420388
023621  273.477851  50.420388
023622  273.817154  50.420388
023623  274.156456  50.420388
023624  274.495759  50.420388
023625  274.835061  50.420388
023626  275.174364  50.420388
023627  275.513666  50.420388
023628  275.852969  50.420388
023629  276.192271  50.420388
023630  276.531574  50.420388
023631  276.870877  50.420388
023632  277.210179  50.420388
023633  277.549482  50.420388
023634  277.888784  50.420388
023635  278.228087  50.420388
023636  278.567389  50.420388
023637  278.906692  50.420388
023638  279.245994  50.420388
023639  279.585297  50.420388
023640  279.924599  50.420388
023641  280.263902  50.420388
023642  280.603205  50.420388
023643  280.942507  50.420388
023644  281.281810  50.420388
023645  281.621112  50.420388
023646  281.960415  50.420388
023647  282.299717  50.420388
023648  282.639020  50.420388
023649  282.978322  50.420388
023650  283.317625  50.420388
023651  283.656927  50.420388
023652  283.996230  50.420388
023653  284.335533  50.420388
023654  284.674835  50.420388
023655  285.014138  50.420388
023656  285.353440  50.420388
023657  285.692743  50.420388
023658  286.032045  50.420388
023659  286.371348  50.420388
023660  286.710650  50.420388
023661  287.049953  50.420388
023662  287.389255  50.420388
023663  287.728558  50.420388
023664  288.067861  50.420388
023665  288.407163  50.420388
023666  288.746466  50.420388
023667  289.085768  50.420388
023668  289.425071  50.420388
023669  289.764373  50.420388
023670  290.103676  50.420388
023671  290.442978  50.420388
023672  290.782281  50.420388
023673  291.121583  50.420388
023674  291.460886  50.420388
023675  291.800189  50.420388
023676  292.139491  50.420388
023677  292.478794  50.420388
023678  292.818096  50.420388
023679  293.157399  50.420388
023680  293.496701  50.420388
023681  293.836004  50.420388
023682  294.175306  50.420388
023683  294.514609  50.420388
023684  294.853911  50.420388
023685  295.193214  50.420388
023686  295.532516  50.420388
023687  295.871819  50.420388
023688  296.211122  50.420388
023689  296.550424  50.420388
023690  296.889727  50.420388
023691  297.229029  50.420388
023692  297.568332  50.420388
023693  297.907634  50.420388
023694  298.246937  50.420388
023695  298.586239  50.420388
023696  298.925542  50.420388
023697  299.264844  50.420388
023698  299.604147  50.420388
023699  299.943450  50.420388
023700  300.282752  50.420388
023701  300.622055  50.420388
023702  302.318567  50.420388
023703  302.657870  50.420388
023704  302.997172  50.420388
023705  303.336475  50.420388
023706  303.675778  50.420388
023707  231.477273  50.636225
023708  231.818182  50.636225
023709  232.159091  50.636225
023710  232.500000  50.636225
023711  232.840909  50.636225
023712  233.181818  50.636225
023713  233.522727  50.636225
023714  233.863636  50.636225
023715  234.204545  50.636225
023716  234.545455  50.636225
023717  234.886364  50.636225
023718  235.227273  50.636225
023719  235.568182  50.636225
023720  235.909091  50.636225
023721  236.250000  50.636225
023722  236.590909  50.636225
023723  236.931818  50.636225
023724  237.272727  50.636225
023725  237.613636  50.636225
023726  237.954545  50.636225
023727  238.295455  50.636225
023728  238.636364  50.636225
023729  238.977273  50.636225
023730  239.318182  50.636225
023731  239.659091  50.636225
023732  240.000000  50.636225
023733  240.340909  50.636225
023734  240.681818  50.636225
023735  241.022727  50.636225
023736  241.363636  50.636225
023737  241.704545  50.636225
023738  242.045455  50.636225
023739  242.386364  50.636225
023740  242.727273  50.636225
023741  243.068182  50.636225
023742  243.409091  50.636225
023743  243.750000  50.636225
023744  244.090909  50.636225
023745  244.431818  50.636225
023746  244.772727  50.636225
023747  245.113636  50.636225
023748  245.454545  50.636225
023749  245.795455  50.636225
023750  246.136364  50.636225
023751  246.477273  50.636225
023752  246.818182  50.636225
023753  247.159091  50.636225
023754  247.500000  50.636225
023755  247.840909  50.636225
023756  248.181818  50.636225
023757  248.522727  50.636225
023758  248.863636  50.636225
023759  249.204545  50.636225
023760  249.545455  50.636225
023761  249.886364  50.636225
023762  250.227273  50.636225
023763  250.568182  50.636225
023764  250.909091  50.636225
023765  251.250000  50.636225
023766  251.590909  50.636225
023767  251.931818  50.636225
023768  252.272727  50.636225
023769  252.613636  50.636225
023770  252.954545  50.636225
023771  253.295455  50.636225
023772  253.636364  50.636225
023773  253.977273  50.636225
023774  254.318182  50.636225
023775  254.659091  50.636225
023776  255.000000  50.636225
023777  255.340909  50.636225
023778  255.681818  50.636225
023779  256.022727  50.636225
023780  256.363636  50.636225
023781  256.704545  50.636225
023782  257.045455  50.636225
023783  257.386364  50.636225
023784  257.727273  50.636225
023785  258.068182  50.636225
023786  258.409091  50.636225
023787  258.750000  50.636225
023788  259.090909  50.636225
023789  259.431818  50.636225
023790  259.772727  50.636225
023791  260.113636  50.636225
023792  260.454545  50.636225
023793  260.795455  50.636225
023794  261.136364  50.636225
023795  261.477273  50.636225
023796  261.818182  50.636225
023797  262.159091  50.636225
023798  262.500000  50.636225
023799  262.840909  50.636225
023800  263.181818  50.636225
023801  263.522727  50.636225
023802  263.863636  50.636225
023803  264.204545  50.636225
023804  264.545455  50.636225
023805  264.886364  50.636225
023806  265.227273  50.636225
023807  265.568182  50.636225
023808  265.909091  50.636225
023809  266.250000  50.636225
023810  266.590909  50.636225
023811  266.931818  50.636225
023812  267.272727  50.636225
023813  267.613636  50.636225
023814  267.954545  50.636225
023815  268.295455  50.636225
023816  268.636364  50.636225
023817  268.977273  50.636225
023818  269.318182  50.636225
023819  269.659091  50.636225
023820  270.000000  50.636225
023821  270.340909  50.636225
023822  270.681818  50.636225
023823  271.022727  50.636225
023824  271.363636  50.636225
023825  271.704545  50.636225
023826  272.045455  50.636225
023827  272.386364  50.636225
023828  272.727273  50.636225
023829  273.068182  50.636225
023830  273.409091  50.636225
023831  273.750000  50.636225
023832  274.090909  50.636225
023833  274.431818  50.636225
023834  274.772727  50.636225
023835  275.113636  50.636225
023836  275.454545  50.636225
023837  275.795455  50.636225
023838  276.136364  50.636225
023839  276.477273  50.636225
023840  276.818182  50.636225
023841  277.159091  50.636225
023842  277.500000  50.636225
023843  277.840909  50.636225
023844  278.181818  50.636225
023845  278.522727  50.636225
023846  278.863636  50.636225
023847  279.204545  50.636225
023848  279.545455  50.636225
023849  279.886364  50.636225
023850  280.227273  50.636225
023851  280.568182  50.636225
023852  280.909091  50.636225
023853  281.250000  50.636225
023854  281.590909  50.636225
023855  281.931818  50.636225
023856  282.272727  50.636225
023857  282.613636  50.636225
023858  282.954545  50.636225
023859  283.295455  50.636225
023860  283.636364  50.636225
023861  283.977273  50.636225
023862  284.318182  50.636225
023863  284.659091  50.636225
023864  285.000000  50.636225
023865  285.340909  50.636225
023866  285.681818  50.636225
023867  286.022727  50.636225
023868  286.363636  50.636225
023869  286.704545  50.636225
023870  287.045455  50.636225
023871  287.386364  50.636225
023872  287.727273  50.636225
023873  288.068182  50.636225
023874  288.409091  50.636225
023875  288.750000  50.636225
023876  289.090909  50.636225
023877  289.431818  50.636225
023878  289.772727  50.636225
023879  290.113636  50.636225
023880  290.454545  50.636225
023881  290.795455  50.636225
023882  291.136364  50.636225
023883  291.477273  50.636225
023884  291.818182  50.636225
023885  292.159091  50.636225
023886  292.500000  50.636225
023887  292.840909  50.636225
023888  293.181818  50.636225
023889  293.522727  50.636225
023890  293.863636  50.636225
023891  294.204545  50.636225
023892  294.545455  50.636225
023893  294.886364  50.636225
023894  295.227273  50.636225
023895  295.568182  50.636225
023896  295.909091  50.636225
023897  296.250000  50.636225
023898  296.590909  50.636225
023899  296.931818  50.636225
023900  297.272727  50.636225
023901  297.613636  50.636225
023902  297.954545  50.636225
023903  298.295455  50.636225
023904  298.636364  50.636225
023905  298.977273  50.636225
023906  299.318182  50.636225
023907  299.659091  50.636225
023908  300.000000  50.636225
023909  300.340909  50.636225
023910  300.681818  50.636225
023911  301.022727  50.636225
023912  302.386364  50.636225
023913  302.727273  50.636225
023914  303.068182  50.636225
023915  303.409091  50.636225
023916  303.750000  50.636225
023917  231.673004  50.852062
023918  232.015209  50.852062
023919  232.357414  50.852062
023920  232.699620  50.852062
023921  233.041825  50.852062
023922  233.384030  50.852062
023923  233.726236  50.852062
023924  234.068441  50.852062
023925  234.410646  50.852062
023926  234.752852  50.852062
023927  235.095057  50.852062
023928  235.437262  50.852062
023929  235.779468  50.852062
023930  236.121673  50.852062
023931  236.463878  50.852062
023932  236.806084  50.852062
023933  237.148289  50.852062
023934  237.490494  50.852062
023935  237.832700  50.852062
023936  238.174905  50.852062
023937  238.517110  50.852062
023938  238.859316  50.852062
023939  239.201521  50.852062
023940  239.543726  50.852062
023941  239.885932  50.852062
023942  240.228137  50.852062
023943  240.570342  50.852062
023944  240.912548  50.852062
023945  241.254753  50.852062
023946  241.596958  50.852062
023947  241.939163  50.852062
023948  242.281369  50.852062
023949  242.623574  50.852062
023950  242.965779  50.852062
023951  243.307985  50.852062
023952  243.650190  50.852062
023953  243.992395  50.852062
023954  244.334601  50.852062
023955  244.676806  50.852062
023956  245.019011  50.852062
023957  245.361217  50.852062
023958  245.703422  50.852062
023959  246.045627  50.852062
023960  246.387833  50.852062
023961  246.730038  50.852062
023962  247.072243  50.852062
023963  247.414449  50.852062
023964  247.756654  50.852062
023965  248.098859  50.852062
023966  248.441065  50.852062
023967  248.783270  50.852062
023968  249.125475  50.852062
023969  249.467681  50.852062
023970  249.809886  50.852062
023971  250.152091  50.852062
023972  250.494297  50.852062
023973  250.836502  50.852062
023974  251.178707  50.852062
023975  251.520913  50.852062
023976  251.863118  50.852062
023977  252.205323  50.852062
023978  252.547529  50.852062
023979  252.889734  50.852062
023980  253.231939  50.852062
023981  253.574144  50.852062
023982  253.916350  50.852062
023983  254.258555  50.852062
023984  254.600760  50.852062
023985  254.942966  50.852062
023986  255.285171  50.852062
023987  255.627376  50.852062
023988  255.969582  50.852062
023989  256.311787  50.852062
023990  256.653992  50.852062
023991  256.996198  50.852062
023992  257.338403  50.852062
023993  257.680608  50.852062
023994  258.022814  50.852062
023995  258.365019  50.852062
023996  258.707224  50.852062
023997  259.049430  50.852062
023998  259.391635  50.852062
023999  259.733840  50.852062
024000  260.076046  50.852062
024001  260.418251  50.852062
024002  260.760456  50.852062
024003  261.102662  50.852062
024004  261.444867  50.852062
024005  261.787072  50.852062
024006  262.129278  50.852062
024007  262.471483  50.852062
024008  262.813688  50.852062
024009  263.155894  50.852062
024010  263.498099  50.852062
024011  263.840304  50.852062
024012  264.182510  50.852062
024013  264.524715  50.852062
024014  264.866920  50.852062
024015  265.209125  50.852062
024016  265.551331  50.852062
024017  265.893536  50.852062
024018  266.235741  50.852062
024019  266.577947  50.852062
024020  266.920152  50.852062
024021  267.262357  50.852062
024022  267.604563  50.852062
024023  267.946768  50.852062
024024  268.288973  50.852062
024025  268.631179  50.852062
024026  268.973384  50.852062
024027  269.315589  50.852062
024028  269.657795  50.852062
024029  270.000000  50.852062
024030  270.342205  50.852062
024031  270.684411  50.852062
024032  271.026616  50.852062
024033  271.368821  50.852062
024034  271.711027  50.852062
024035  272.053232  50.852062
024036  272.395437  50.852062
024037  272.737643  50.852062
024038  273.079848  50.852062
024039  273.422053  50.852062
024040  273.764259  50.852062
024041  274.106464  50.852062
024042  274.448669  50.852062
024043  274.790875  50.852062
024044  275.133080  50.852062
024045  275.475285  50.852062
024046  275.817490  50.852062
024047  276.159696  50.852062
024048  276.501901  50.852062
024049  276.844106  50.852062
024050  277.186312  50.852062
024051  277.528517  50.852062
024052  277.870722  50.852062
024053  278.212928  50.852062
024054  278.555133  50.852062
024055  278.897338  50.852062
024056  279.239544  50.852062
024057  279.581749  50.852062
024058  279.923954  50.852062
024059  280.266160  50.852062
024060  280.608365  50.852062
024061  280.950570  50.852062
024062  281.292776  50.852062
024063  281.634981  50.852062
024064  281.977186  50.852062
024065  282.319392  50.852062
024066  282.661597  50.852062
024067  283.003802  50.852062
024068  283.346008  50.852062
024069  283.688213  50.852062
024070  284.030418  50.852062
024071  284.372624  50.852062
024072  284.714829  50.852062
024073  285.057034  50.852062
024074  285.399240  50.852062
024075  285.741445  50.852062
024076  286.083650  50.852062
024077  286.425856  50.852062
024078  286.768061  50.852062
024079  287.110266  50.852062
024080  287.452471  50.852062
024081  287.794677  50.852062
024082  288.136882  50.852062
024083  288.479087  50.852062
024084  288.821293  50.852062
024085  289.163498  50.852062
024086  289.505703  50.852062
024087  289.847909  50.852062
024088  290.190114  50.852062
024089  290.532319  50.852062
024090  290.874525  50.852062
024091  291.216730  50.852062
024092  291.558935  50.852062
024093  291.901141  50.852062
024094  292.243346  50.852062
024095  292.585551  50.852062
024096  292.927757  50.852062
024097  293.269962  50.852062
024098  293.612167  50.852062
024099  293.954373  50.852062
024100  294.296578  50.852062
024101  294.638783  50.852062
024102  294.980989  50.852062
024103  295.323194  50.852062
024104  295.665399  50.852062
024105  296.007605  50.852062
024106  296.349810  50.852062
024107  296.692015  50.852062
024108  297.034221  50.852062
024109  297.376426  50.852062
024110  297.718631  50.852062
024111  298.060837  50.852062
024112  298.403042  50.852062
024113  298.745247  50.852062
024114  299.087452  50.852062
024115  299.429658  50.852062
024116  299.771863  50.852062
024117  300.114068  50.852062
024118  300.456274  50.852062
024119  300.798479  50.852062
024120  301.140684  50.852062
024121  302.509506  50.852062
024122  302.851711  50.852062
024123  303.193916  50.852062
024124  303.536122  50.852062
024125  303.878327  50.852062
024126  231.747851  51.067899
024127  232.091691  51.067899
024128  232.435530  51.067899
024129  232.779370  51.067899
024130  233.123209  51.067899
024131  233.467049  51.067899
024132  233.810888  51.067899
024133  234.154728  51.067899
024134  234.498567  51.067899
024135  234.842407  51.067899
024136  235.186246  51.067899
024137  235.530086  51.067899
024138  235.873926  51.067899
024139  236.217765  51.067899
024140  236.561605  51.067899
024141  236.905444  51.067899
024142  237.249284  51.067899
024143  237.593123  51.067899
024144  237.936963  51.067899
024145  238.280802  51.067899
024146  238.624642  51.067899
024147  238.968481  51.067899
024148  239.312321  51.067899
024149  239.656160  51.067899
024150  240.000000  51.067899
024151  240.343840  51.067899
024152  240.687679  51.067899
024153  241.031519  51.067899
024154  241.375358  51.067899
024155  241.719198  51.067899
024156  242.063037  51.067899
024157  242.406877  51.067899
024158  242.750716  51.067899
024159  243.094556  51.067899
024160  243.438395  51.067899
024161  243.782235  51.067899
024162  244.126074  51.067899
024163  244.469914  51.067899
024164  244.813754  51.067899
024165  245.157593  51.067899
024166  245.501433  51.067899
024167  245.845272  51.067899
024168  246.189112  51.067899
024169  246.532951  51.067899
024170  246.876791  51.067899
024171  247.220630  51.067899
024172  247.564470  51.067899
024173  247.908309  51.067899
024174  248.252149  51.067899
024175  248.595989  51.067899
024176  248.939828  51.067899
024177  249.283668  51.067899
024178  249.627507  51.067899
024179  249.971347  51.067899
024180  250.315186  51.067899
024181  250.659026  51.067899
024182  251.002865  51.067899
024183  251.346705  51.067899
024184  251.690544  51.067899
024185  252.034384  51.067899
024186  252.378223  51.067899
024187  252.722063  51.067899
024188  253.065903  51.067899
024189  253.409742  51.067899
024190  253.753582  51.067899
024191  254.097421  51.067899
024192  254.441261  51.067899
024193  254.785100  51.067899
024194  255.128940  51.067899
024195  255.472779  51.067899
024196  255.816619  51.067899
024197  256.160458  51.067899
024198  256.504298  51.067899
024199  256.848138  51.067899
024200  257.191977  51.067899
024201  257.535817  51.067899
024202  257.879656  51.067899
024203  258.223496  51.067899
024204  258.567335  51.067899
024205  258.911175  51.067899
024206  259.255014  51.067899
024207  259.598854  51.067899
024208  259.942693  51.067899
024209  260.286533  51.067899
024210  260.630372  51.067899
024211  260.974212  51.067899
024212  261.318052  51.067899
024213  261.661891  51.067899
024214  262.005731  51.067899
024215  262.349570  51.067899
024216  262.693410  51.067899
024217  263.037249  51.067899
024218  263.381089  51.067899
024219  263.724928  51.067899
024220  264.068768  51.067899
024221  264.412607  51.067899
024222  264.756447  51.067899
024223  265.100287  51.067899
024224  265.444126  51.067899
024225  265.787966  51.067899
024226  266.131805  51.067899
024227  266.475645  51.067899
024228  266.819484  51.067899
024229  267.163324  51.067899
024230  267.507163  51.067899
024231  267.851003  51.067899
024232  268.194842  51.067899
024233  268.538682  51.067899
024234  268.882521  51.067899
024235  269.226361  51.067899
024236  269.570201  51.067899
024237  269.914040  51.067899
024238  270.257880  51.067899
024239  270.601719  51.067899
024240  270.945559  51.067899
024241  271.289398  51.067899
024242  271.633238  51.067899
024243  271.977077  51.067899
024244  272.320917  51.067899
024245  272.664756  51.067899
024246  273.008596  51.067899
024247  273.352436  51.067899
024248  273.696275  51.067899
024249  274.040115  51.067899
024250  274.383954  51.067899
024251  274.727794  51.067899
024252  275.071633  51.067899
024253  275.415473  51.067899
024254  275.759312  51.067899
024255  276.103152  51.067899
024256  276.446991  51.067899
024257  276.790831  51.067899
024258  277.134670  51.067899
024259  277.478510  51.067899
024260  277.822350  51.067899
024261  278.166189  51.067899
024262  278.510029  51.067899
024263  278.853868  51.067899
024264  279.197708  51.067899
024265  279.541547  51.067899
024266  279.885387  51.067899
024267  280.229226  51.067899
024268  280.573066  51.067899
024269  280.916905  51.067899
024270  281.260745  51.067899
024271  281.604585  51.067899
024272  281.948424  51.067899
024273  282.292264  51.067899
024274  282.636103  51.067899
024275  282.979943  51.067899
024276  283.323782  51.067899
024277  283.667622  51.067899
024278  284.011461  51.067899
024279  284.355301  51.067899
024280  284.699140  51.067899
024281  285.042980  51.067899
024282  285.386819  51.067899
024283  285.730659  51.067899
024284  286.074499  51.067899
024285  286.418338  51.067899
024286  286.762178  51.067899
024287  287.106017  51.067899
024288  287.449857  51.067899
024289  287.793696  51.067899
024290  288.137536  51.067899
024291  288.481375  51.067899
024292  288.825215  51.067899
024293  289.169054  51.067899
024294  289.512894  51.067899
024295  289.856734  51.067899
024296  290.200573  51.067899
024297  290.544413  51.067899
024298  290.888252  51.067899
024299  291.232092  51.067899
024300  291.575931  51.067899
024301  291.919771  51.067899
024302  292.263610  51.067899
024303  292.607450  51.067899
024304  292.951289  51.067899
024305  293.295129  51.067899
024306  293.638968  51.067899
024307  293.982808  51.067899
024308  294.326648  51.067899
024309  294.670487  51.067899
024310  295.014327  51.067899
024311  295.358166  51.067899
024312  295.702006  51.067899
024313  296.045845  51.067899
024314  296.389685  51.067899
024315  296.733524  51.067899
024316  297.077364  51.067899
024317  297.421203  51.067899
024318  297.765043  51.067899
024319  298.108883  51.067899
024320  298.452722  51.067899
024321  298.796562  51.067899
024322  299.140401  51.067899
024323  299.484241  51.067899
024324  299.828080  51.067899
024325  300.171920  51.067899
024326  300.515759  51.067899
024327  300.859599  51.067899
024328  302.922636  51.067899
024329  303.266476  51.067899
024330  303.610315  51.067899
024331  303.954155  51.067899
024332  232.168906  51.283737
024333  232.514395  51.283737
024334  232.859885  51.283737
024335  233.205374  51.283737
024336  233.550864  51.283737
024337  233.896353  51.283737
024338  234.241843  51.283737
024339  234.587332  51.283737
024340  234.932821  51.283737
024341  235.278311  51.283737
024342  235.623800  51.283737
024343  235.969290  51.283737
024344  236.314779  51.283737
024345  236.660269  51.283737
024346  237.005758  51.283737
024347  237.351248  51.283737
024348  237.696737  51.283737
024349  238.042226  51.283737
024350  238.387716  51.283737
024351  238.733205  51.283737
024352  239.078695  51.283737
024353  239.424184  51.283737
024354  239.769674  51.283737
024355  181.909354  51.499574
024356  182.256509  51.499574
024357  182.603664  51.499574
024358  182.950820  51.499574
024359  183.297975  51.499574
024360  231.899711  51.499574
024361  232.246866  51.499574
024362  232.594021  51.499574
024363  232.941176  51.499574
024364  233.288332  51.499574
024365  233.635487  51.499574
024366  233.982642  51.499574
024367  234.329797  51.499574
024368  234.676953  51.499574
024369  235.024108  51.499574
024370  235.371263  51.499574
024371  235.718419  51.499574
024372  236.065574  51.499574
024373  236.412729  51.499574
024374  236.759884  51.499574
024375  237.107040  51.499574
024376  237.454195  51.499574
024377  237.801350  51.499574
024378  238.148505  51.499574
024379  238.495661  51.499574
024380  238.842816  51.499574
024381  239.189971  51.499574
024382  239.537126  51.499574
024383  177.209302  51.715411
024384  177.558140  51.715411
024385  181.744186  51.715411
024386  182.093023  51.715411
024387  182.441860  51.715411
024388  182.790698  51.715411
024389  183.139535  51.715411
024390  183.488372  51.715411
024391  231.627907  51.715411
024392  231.976744  51.715411
024393  232.325581  51.715411
024394  232.674419  51.715411
024395  233.023256  51.715411
024396  233.372093  51.715411
024397  233.720930  51.715411
024398  234.069767  51.715411
024399  234.418605  51.715411
024400  234.767442  51.715411
024401  235.116279  51.715411
024402  235.465116  51.715411
024403  235.813953  51.715411
024404  236.162791  51.715411
024405  236.511628  51.715411
024406  236.860465  51.715411
024407  237.209302  51.715411
024408  237.558140  51.715411
024409  237.906977  51.715411
024410  238.255814  51.715411
024411  238.604651  51.715411
024412  238.953488  51.715411
024413  177.020448  51.931248
024414  177.370983  51.931248
024415  177.721519  51.931248
024416  181.927945  51.931248
024417  182.278481  51.931248
024418  182.629017  51.931248
024419  182.979552  51.931248
024420  183.330088  51.931248
024421  183.680623  51.931248
024422  185.433301  51.931248
024423  185.783836  51.931248
024424  231.353457  51.931248
024425  231.703992  51.931248
024426  232.054528  51.931248
024427  232.405063  51.931248
024428  232.755599  51.931248
024429  233.106134  51.931248
024430  233.456670  51.931248
024431  233.807205  51.931248
024432  234.157741  51.931248
024433  234.508277  51.931248
024434  234.858812  51.931248
024435  235.209348  51.931248
024436  235.559883  51.931248
024437  235.910419  51.931248
024438  236.260954  51.931248
024439  236.611490  51.931248
024440  236.962025  51.931248
024441  237.312561  51.931248
024442  237.663096  51.931248
024443  238.013632  51.931248
024444  238.364167  51.931248
024445  238.714703  51.931248
024446  175.772994  52.147085
024447  176.125245  52.147085
024448  177.181996  52.147085
024449  177.534247  52.147085
024450  183.170254  52.147085
024451  183.522505  52.147085
024452  185.283757  52.147085
024453  185.636008  52.147085
024454  185.988258  52.147085
024455  187.397260  52.147085
024456  187.749511  52.147085
024457  228.610568  52.147085
024458  228.962818  52.147085
024459  231.428571  52.147085
024460  231.780822  52.147085
024461  232.133072  52.147085
024462  232.485323  52.147085
024463  232.837573  52.147085
024464  233.189824  52.147085
024465  233.542074  52.147085
024466  233.894325  52.147085
024467  234.246575  52.147085
024468  234.598826  52.147085
024469  234.951076  52.147085
024470  235.303327  52.147085
024471  235.655577  52.147085
024472  236.007828  52.147085
024473  236.360078  52.147085
024474  236.712329  52.147085
024475  237.064579  52.147085
024476  237.416830  52.147085
024477  237.769080  52.147085
024478  238.121331  52.147085
024479  238.473581  52.147085
024480  175.575221  52.362922
024481  175.929204  52.362922
024482  176.283186  52.362922
024483  185.486726  52.362922
024484  185.840708  52.362922
024485  186.194690  52.362922
024486  187.256637  52.362922
024487  187.610619  52.362922
024488  187.964602  52.362922
024489  189.026549  52.362922
024490  189.380531  52.362922
024491  228.318584  52.362922
024492  228.672566  52.362922
024493  229.026549  52.362922
024494  230.796460  52.362922
024495  231.150442  52.362922
024496  231.504425  52.362922
024497  231.858407  52.362922
024498  232.212389  52.362922
024499  232.566372  52.362922
024500  232.920354  52.362922
024501  233.274336  52.362922
024502  233.628319  52.362922
024503  233.982301  52.362922
024504  234.336283  52.362922
024505  234.690265  52.362922
024506  235.044248  52.362922
024507  235.398230  52.362922
024508  235.752212  52.362922
024509  236.106195  52.362922
024510  236.460177  52.362922
024511  236.814159  52.362922
024512  237.168142  52.362922
024513  237.522124  52.362922
024514  237.876106  52.362922
024515  238.230088  52.362922
024516  175.731225  52.578760
024517  176.086957  52.578760
024518  185.691700  52.578760
024519  186.047431  52.578760
024520  187.470356  52.578760
024521  187.826087  52.578760
024522  188.893281  52.578760
024523  189.249012  52.578760
024524  189.604743  52.578760
024525  228.023715  52.578760
024526  228.379447  52.578760
024527  228.735178  52.578760
024528  230.513834  52.578760
024529  230.869565  52.578760
024530  231.225296  52.578760
024531  231.581028  52.578760
024532  231.936759  52.578760
024533  232.292490  52.578760
024534  232.648221  52.578760
024535  233.003953  52.578760
024536  233.359684  52.578760
024537  233.715415  52.578760
024538  234.071146  52.578760
024539  234.426877  52.578760
024540  234.782609  52.578760
024541  235.138340  52.578760
024542  235.494071  52.578760
024543  235.849802  52.578760
024544  236.205534  52.578760
024545  236.561265  52.578760
024546  236.916996  52.578760
024547  237.272727  52.578760
024548  237.628458  52.578760
024549  189.116187  52.794597
024550  189.473684  52.794597
024551  190.903674  52.794597
024552  191.261172  52.794597
024553  227.725919  52.794597
024554  228.083416  52.794597
024555  228.440914  52.794597
024556  230.585899  52.794597
024557  230.943396  52.794597
024558  231.300894  52.794597
024559  231.658391  52.794597
024560  232.015889  52.794597
024561  232.373386  52.794597
024562  232.730884  52.794597
024563  233.088381  52.794597
024564  233.445879  52.794597
024565  233.803376  52.794597
024566  234.160874  52.794597
024567  234.518371  52.794597
024568  234.875869  52.794597
024569  235.233366  52.794597
024570  235.590864  52.794597
024571  235.948361  52.794597
024572  236.305859  52.794597
024573  236.663357  52.794597
024574  237.020854  52.794597
024575  237.378352  52.794597
024576  190.778443  53.010434
024577  191.137725  53.010434
024578  191.497006  53.010434
024579  227.425150  53.010434
024580  227.784431  53.010434
024581  228.143713  53.010434
024582  228.502994  53.010434
024583  229.940120  53.010434
024584  230.299401  53.010434
024585  230.658683  53.010434
024586  231.017964  53.010434
024587  231.377246  53.010434
024588  231.736527  53.010434
024589  232.095808  53.010434
024590  232.455090  53.010434
024591  232.814371  53.010434
024592  233.173653  53.010434
024593  233.532934  53.010434
024594  233.892216  53.010434
024595  234.251497  53.010434
024596  234.610778  53.010434
024597  234.970060  53.010434
024598  235.329341  53.010434
024599  235.688623  53.010434
024600  236.047904  53.010434
024601  236.407186  53.010434
024602  236.766467  53.010434
024603  237.125749  53.010434
024604  191.013039  53.226271
024605  191.374122  53.226271
024606  191.735206  53.226271
024607  192.096289  53.226271
024608  227.121364  53.226271
024609  227.482447  53.226271
024610  227.843531  53.226271
024611  228.204614  53.226271
024612  228.565697  53.226271
024613  229.648947  53.226271
024614  230.010030  53.226271
024615  230.371113  53.226271
024616  230.732197  53.226271
024617  231.093280  53.226271
024618  231.454363  53.226271
024619  231.815446  53.226271
024620  232.176530  53.226271
024621  232.537613  53.226271
024622  232.898696  53.226271
024623  233.259779  53.226271
024624  233.620863  53.226271
024625  233.981946  53.226271
024626  234.343029  53.226271
024627  234.704112  53.226271
024628  235.065196  53.226271
024629  235.426279  53.226271
024630  235.787362  53.226271
024631  236.148445  53.226271
024632  236.509529  53.226271
024633  191.250000  53.442108
024634  191.612903  53.442108
024635  191.975806  53.442108
024636  192.338710  53.442108
024637  192.701613  53.442108
024638  193.064516  53.442108
024639  193.427419  53.442108
024640  227.177419  53.442108
024641  227.540323  53.442108
024642  227.903226  53.442108
024643  228.266129  53.442108
024644  229.354839  53.442108
024645  229.717742  53.442108
024646  230.080645  53.442108
024647  230.443548  53.442108
024648  230.806452  53.442108
024649  231.169355  53.442108
024650  231.532258  53.442108
024651  231.895161  53.442108
024652  232.258065  53.442108
024653  232.620968  53.442108
024654  232.983871  53.442108
024655  233.346774  53.442108
024656  233.709677  53.442108
024657  234.072581  53.442108
024658  234.435484  53.442108
024659  234.798387  53.442108
024660  235.161290  53.442108
024661  235.524194  53.442108
024662  235.887097  53.442108
024663  236.250000  53.442108
024664  191.854103  53.657946
024665  192.218845  53.657946
024666  192.583587  53.657946
024667  192.948328  53.657946
024668  193.313070  53.657946
024669  193.677812  53.657946
024670  226.869301  53.657946
024671  227.234043  53.657946
024672  227.598784  53.657946
024673  227.963526  53.657946
024674  228.328267  53.657946
024675  229.422492  53.657946
024676  229.787234  53.657946
024677  230.151976  53.657946
024678  230.516717  53.657946
024679  230.881459  53.657946
024680  231.246201  53.657946
024681  231.610942  53.657946
024682  231.975684  53.657946
024683  232.340426  53.657946
024684  232.705167  53.657946
024685  233.069909  53.657946
024686  233.434650  53.657946
024687  233.799392  53.657946
024688  234.164134  53.657946
024689  234.528875  53.657946
024690  234.893617  53.657946
024691  235.258359  53.657946
024692  235.623100  53.657946
024693  235.987842  53.657946
024694  192.830957  53.873783
024695  193.197556  53.873783
024696  193.564155  53.873783
024697  193.930754  53.873783
024698  194.297352  53.873783
024699  194.663951  53.873783
024700  195.030550  53.873783
024701  226.558045  53.873783
024702  226.924644  53.873783
024703  227.291242  53.873783
024704  227.657841  53.873783
024705  228.024440  53.873783
024706  228.391039  53.873783
024707  229.124236  53.873783
024708  229.490835  53.873783
024709  229.857434  53.873783
024710  230.224033  53.873783
024711  230.590631  53.873783
024712  230.957230  53.873783
024713  231.323829  53.873783
024714  231.690428  53.873783
024715  232.057026  53.873783
024716  232.423625  53.873783
024717  232.790224  53.873783
024718  233.156823  53.873783
024719  233.523422  53.873783
024720  233.890020  53.873783
024721  234.256619  53.873783
024722  234.623218  53.873783
024723  234.989817  53.873783
024724  235.356415  53.873783
024725  235.723014  53.873783
024726  193.080860  54.089620
024727  193.449335  54.089620
024728  193.817810  54.089620
024729  194.186285  54.089620
024730  194.554759  54.089620
024731  194.923234  54.089620
024732  195.291709  54.089620
024733  226.612078  54.089620
024734  226.980553  54.089620
024735  227.349028  54.089620
024736  227.717503  54.089620
024737  228.085977  54.089620
024738  229.191402  54.089620
024739  229.559877  54.089620
024740  229.928352  54.089620
024741  230.296827  54.089620
024742  230.665302  54.089620
024743  231.033777  54.089620
024744  231.402252  54.089620
024745  231.770727  54.089620
024746  232.139202  54.089620
024747  232.507677  54.089620
024748  232.876151  54.089620
024749  233.244626  54.089620
024750  233.613101  54.089620
024751  233.981576  54.089620
024752  234.350051  54.089620
024753  234.718526  54.089620
024754  235.087001  54.089620
024755  194.074074  54.305457
024756  194.444444  54.305457
024757  194.814815  54.305457
024758  195.185185  54.305457
024759  195.555556  54.305457
024760  226.666667  54.305457
024761  227.037037  54.305457
024762  227.407407  54.305457
024763  227.777778  54.305457
024764  229.259259  54.305457
024765  229.629630  54.305457
024766  230.000000  54.305457
024767  230.370370  54.305457
024768  230.740741  54.305457
024769  231.111111  54.305457
024770  231.481481  54.305457
024771  231.851852  54.305457
024772  232.222222  54.305457
024773  232.592593  54.305457
024774  232.962963  54.305457
024775  233.333333  54.305457
024776  233.703704  54.305457
024777  234.074074  54.305457
024778  234.444444  54.305457
024779  234.814815  54.305457
024780  194.705274  54.521294
024781  195.077559  54.521294
024782  195.449845  54.521294
024783  195.822130  54.521294
024784  196.194416  54.521294
024785  196.566701  54.521294
024786  196.938987  54.521294
024787  229.327818  54.521294
024788  229.700103  54.521294
024789  230.072389  54.521294
024790  230.444674  54.521294
024791  230.816960  54.521294
024792  231.189245  54.521294
024793  231.561531  54.521294
024794  231.933816  54.521294
024795  232.306101  54.521294
024796  232.678387  54.521294
024797  233.050672  54.521294
024798  233.422958  54.521294
024799  233.795243  54.521294
024800  234.167528  54.521294
024801  234.539814  54.521294
024802  194.797086  54.737131
024803  195.171696  54.737131
024804  195.546306  54.737131
024805  195.920916  54.737131
024806  196.295525  54.737131
024807  196.670135  54.737131
024808  197.044745  54.737131
024809  197.419355  54.737131
024810  197.793965  54.737131
024811  227.388137  54.737131
024812  227.762747  54.737131
024813  228.511967  54.737131
024814  228.886576  54.737131
024815  229.261186  54.737131
024816  229.635796  54.737131
024817  230.010406  54.737131
024818  230.385016  54.737131
024819  230.759625  54.737131
024820  231.134235  54.737131
024821  231.508845  54.737131
024822  231.883455  54.737131
024823  232.258065  54.737131
024824  232.632674  54.737131
024825  233.007284  54.737131
024826  233.381894  54.737131
024827  233.756504  54.737131
024828  234.131113  54.737131
024829  234.505723  54.737131
024830  195.439331  54.952969
024831  195.815900  54.952969
024832  196.192469  54.952969
024833  196.569038  54.952969
024834  196.945607  54.952969
024835  197.322176  54.952969
024836  197.698745  54.952969
024837  198.075314  54.952969
024838  227.071130  54.952969
024839  227.447699  54.952969
024840  227.824268  54.952969
024841  228.200837  54.952969
024842  228.577406  54.952969
024843  228.953975  54.952969
024844  229.330544  54.952969
024845  229.707113  54.952969
024846  230.083682  54.952969
024847  230.460251  54.952969
024848  230.836820  54.952969
024849  231.213389  54.952969
024850  231.589958  54.952969
024851  231.966527  54.952969
024852  232.343096  54.952969
024853  232.719665  54.952969
024854  233.096234  54.952969
024855  233.472803  54.952969
024856  233.849372  54.952969
024857  196.088328  55.168806
024858  196.466877  55.168806
024859  196.845426  55.168806
024860  197.223975  55.168806
024861  197.602524  55.168806
024862  197.981073  55.168806
024863  198.359621  55.168806
024864  198.738170  55.168806
024865  226.372240  55.168806
024866  226.750789  55.168806
024867  227.129338  55.168806
024868  227.507886  55.168806
024869  227.886435  55.168806
024870  228.264984  55.168806
024871  228.643533  55.168806
024872  229.022082  55.168806
024873  229.400631  55.168806
024874  229.779180  55.168806
024875  230.157729  55.168806
024876  230.536278  55.168806
024877  230.914826  55.168806
024878  231.293375  55.168806
024879  231.671924  55.168806
024880  232.050473  55.168806
024881  232.429022  55.168806
024882  232.807571  55.168806
024883  233.186120  55.168806
024884  233.564669  55.168806
024885  196.744186  55.384643
024886  197.124736  55.384643
024887  197.505285  55.384643
024888  197.885835  55.384643
024889  198.266385  55.384643
024890  198.646934  55.384643
024891  199.027484  55.384643
024892  199.408034  55.384643
024893  226.046512  55.384643
024894  226.427061  55.384643
024895  226.807611  55.384643
024896  227.188161  55.384643
024897  227.568710  55.384643
024898  227.949260  55.384643
024899  228.329810  55.384643
024900  228.710359  55.384643
024901  229.090909  55.384643
024902  229.471459  55.384643
024903  229.852008  55.384643
024904  230.232558  55.384643
024905  230.613108  55.384643
024906  230.993658  55.384643
024907  231.374207  55.384643
024908  231.754757  55.384643
024909  232.135307  55.384643
024910  232.515856  55.384643
024911  232.896406  55.384643
024912  197.407014  55.600480
024913  197.789586  55.600480
024914  198.172157  55.600480
024915  198.554729  55.600480
024916  198.937301  55.600480
024917  199.319872  55.600480
024918  199.702444  55.600480
024919  200.085016  55.600480
024920  200.467588  55.600480
024921  200.850159  55.600480
024922  201.232731  55.600480
024923  226.099894  55.600480
024924  226.482465  55.600480
024925  226.865037  55.600480
024926  227.247609  55.600480
024927  227.630181  55.600480
024928  228.012752  55.600480
024929  228.395324  55.600480
024930  228.777896  55.600480
024931  229.160468  55.600480
024932  229.543039  55.600480
024933  229.925611  55.600480
024934  230.308183  55.600480
024935  230.690755  55.600480
024936  231.073326  55.600480
024937  231.455898  55.600480
024938  231.838470  55.600480
024939  232.221041  55.600480
024940  232.603613  55.600480
024941  197.692308  55.816317
024942  198.076923  55.816317
024943  198.461538  55.816317
024944  198.846154  55.816317
024945  199.230769  55.816317
024946  199.615385  55.816317
024947  200.000000  55.816317
024948  200.384615  55.816317
024949  200.769231  55.816317
024950  201.153846  55.816317
024951  201.538462  55.816317
024952  226.153846  55.816317
024953  226.538462  55.816317
024954  226.923077  55.816317
024955  227.307692  55.816317
024956  227.692308  55.816317
024957  228.076923  55.816317
024958  228.461538  55.816317
024959  228.846154  55.816317
024960  229.230769  55.816317
024961  229.615385  55.816317
024962  230.000000  55.816317
024963  230.384615  55.816317
024964  230.769231  55.816317
024965  231.153846  55.816317
024966  231.538462  55.816317
024967  231.923077  55.816317
024968  232.307692  55.816317
024969  197.806452  56.032155
024970  198.193548  56.032155
024971  198.580645  56.032155
024972  198.967742  56.032155
024973  199.354839  56.032155
024974  199.741935  56.032155
024975  200.129032  56.032155
024976  200.516129  56.032155
024977  200.903226  56.032155
024978  201.290323  56.032155
024979  201.677419  56.032155
024980  225.290323  56.032155
024981  225.677419  56.032155
024982  226.064516  56.032155
024983  226.451613  56.032155
024984  226.838710  56.032155
024985  227.225806  56.032155
024986  227.612903  56.032155
024987  228.000000  56.032155
024988  228.387097  56.032155
024989  228.774194  56.032155
024990  229.161290  56.032155
024991  229.548387  56.032155
024992  229.935484  56.032155
024993  230.322581  56.032155
024994  230.709677  56.032155
024995  231.096774  56.032155
024996  231.483871  56.032155
024997  231.870968  56.032155
024998  232.258065  56.032155
024999  199.264865  56.247992
025000  199.654054  56.247992
025001  200.043243  56.247992
025002  200.432432  56.247992
025003  200.821622  56.247992
025004  201.210811  56.247992
025005  201.600000  56.247992
025006  201.989189  56.247992
025007  224.951351  56.247992
025008  225.340541  56.247992
025009  225.729730  56.247992
025010  226.118919  56.247992
025011  226.508108  56.247992
025012  226.897297  56.247992
025013  227.286486  56.247992
025014  227.675676  56.247992
025015  228.064865  56.247992
025016  228.454054  56.247992
025017  228.843243  56.247992
025018  229.232432  56.247992
025019  229.621622  56.247992
025020  230.010811  56.247992
025021  230.400000  56.247992
025022  230.789189  56.247992
025023  231.178378  56.247992
025024  231.567568  56.247992
025025  199.565217  56.463829
025026  199.956522  56.463829
025027  200.347826  56.463829
025028  200.739130  56.463829
025029  201.130435  56.463829
025030  201.521739  56.463829
025031  201.913043  56.463829
025032  202.304348  56.463829
025033  224.608696  56.463829
025034  225.000000  56.463829
025035  225.391304  56.463829
025036  225.782609  56.463829
025037  226.173913  56.463829
025038  226.565217  56.463829
025039  226.956522  56.463829
025040  227.347826  56.463829
025041  227.739130  56.463829
025042  228.130435  56.463829
025043  228.521739  56.463829
025044  228.913043  56.463829
025045  229.304348  56.463829
025046  229.695652  56.463829
025047  230.086957  56.463829
025048  230.478261  56.463829
025049  230.869565  56.463829
025050  231.260870  56.463829
025051  200.262295  56.679666
025052  200.655738  56.679666
025053  201.049180  56.679666
025054  201.442623  56.679666
025055  201.836066  56.679666
025056  202.229508  56.679666
025057  202.622951  56.679666
025058  203.016393  56.679666
025059  224.262295  56.679666
025060  224.655738  56.679666
025061  225.049180  56.679666
025062  225.442623  56.679666
025063  225.836066  56.679666
025064  226.229508  56.679666
025065  226.622951  56.679666
025066  227.016393  56.679666
025067  227.409836  56.679666
025068  227.803279  56.679666
025069  228.196721  56.679666
025070  228.590164  56.679666
025071  228.983607  56.679666
025072  229.377049  56.679666
025073  229.770492  56.679666
025074  230.163934  56.679666
025075  230.557377  56.679666
025076  230.950820  56.679666
025077  200.792079  56.895503
025078  201.188119  56.895503
025079  201.584158  56.895503
025080  201.980198  56.895503
025081  202.376238  56.895503
025082  202.772277  56.895503
025083  203.168317  56.895503
025084  203.564356  56.895503
025085  205.148515  56.895503
025086  205.544554  56.895503
025087  205.940594  56.895503
025088  206.336634  56.895503
025089  206.732673  56.895503
025090  224.158416  56.895503
025091  224.554455  56.895503
025092  224.950495  56.895503
025093  225.346535  56.895503
025094  225.742574  56.895503
025095  226.138614  56.895503
025096  226.534653  56.895503
025097  226.930693  56.895503
025098  227.326733  56.895503
025099  227.722772  56.895503
025100  228.118812  56.895503
025101  228.514851  56.895503
025102  228.910891  56.895503
025103  229.306931  56.895503
025104  229.702970  56.895503
025105  230.099010  56.895503
025106  230.495050  56.895503
025107  230.891089  56.895503
025108  201.106195  57.111341
025109  201.504425  57.111341
025110  201.902655  57.111341
025111  202.300885  57.111341
025112  202.699115  57.111341
025113  203.097345  57.111341
025114  203.495575  57.111341
025115  203.893805  57.111341
025116  205.088496  57.111341
025117  205.486726  57.111341
025118  205.884956  57.111341
025119  206.283186  57.111341
025120  206.681416  57.111341
025121  207.079646  57.111341
025122  224.203540  57.111341
025123  224.601770  57.111341
025124  225.000000  57.111341
025125  225.398230  57.111341
025126  225.796460  57.111341
025127  226.194690  57.111341
025128  226.592920  57.111341
025129  226.991150  57.111341
025130  227.389381  57.111341
025131  227.787611  57.111341
025132  228.185841  57.111341
025133  228.584071  57.111341
025134  228.982301  57.111341
025135  229.380531  57.111341
025136  229.778761  57.111341
025137  230.176991  57.111341
025138  201.423804  57.327178
025139  201.824249  57.327178
025140  202.224694  57.327178
025141  202.625139  57.327178
025142  203.025584  57.327178
025143  203.426029  57.327178
025144  203.826474  57.327178
025145  205.027809  57.327178
025146  205.428254  57.327178
025147  205.828699  57.327178
025148  206.229143  57.327178
025149  206.629588  57.327178
025150  207.030033  57.327178
025151  207.430478  57.327178
025152  223.848721  57.327178
025153  224.249166  57.327178
025154  224.649611  57.327178
025155  225.050056  57.327178
025156  225.450501  57.327178
025157  225.850945  57.327178
025158  226.251390  57.327178
025159  226.651835  57.327178
025160  227.052280  57.327178
025161  227.452725  57.327178
025162  227.853170  57.327178
025163  228.253615  57.327178
025164  228.654060  57.327178
025165  229.054505  57.327178
025166  229.454950  57.327178
025167  229.855395  57.327178
025168  201.744966  57.543015
025169  202.147651  57.543015
025170  202.550336  57.543015
025171  202.953020  57.543015
025172  203.355705  57.543015
025173  203.758389  57.543015
025174  204.161074  57.543015
025175  204.563758  57.543015
025176  205.369128  57.543015
025177  205.771812  57.543015
025178  206.174497  57.543015
025179  206.577181  57.543015
025180  206.979866  57.543015
025181  207.382550  57.543015
025182  207.785235  57.543015
025183  223.892617  57.543015
025184  224.295302  57.543015
025185  224.697987  57.543015
025186  225.100671  57.543015
025187  225.503356  57.543015
025188  225.906040  57.543015
025189  226.308725  57.543015
025190  226.711409  57.543015
025191  227.114094  57.543015
025192  227.516779  57.543015
025193  227.919463  57.543015
025194  228.322148  57.543015
025195  228.724832  57.543015
025196  229.127517  57.543015
025197  229.530201  57.543015
025198  202.297297  57.758852
025199  202.702703  57.758852
025200  203.108108  57.758852
025201  203.513514  57.758852
025202  203.918919  57.758852
025203  204.324324  57.758852
025204  204.729730  57.758852
025205  205.540541  57.758852
025206  205.945946  57.758852
025207  206.351351  57.758852
025208  206.756757  57.758852
025209  207.162162  57.758852
025210  207.567568  57.758852
025211  207.972973  57.758852
025212  223.783784  57.758852
025213  224.189189  57.758852
025214  224.594595  57.758852
025215  225.000000  57.758852
025216  225.405405  57.758852
025217  225.810811  57.758852
025218  226.216216  57.758852
025219  226.621622  57.758852
025220  227.027027  57.758852
025221  227.432432  57.758852
025222  227.837838  57.758852
025223  228.243243  57.758852
025224  228.648649  57.758852
025225  229.054054  57.758852
025226  229.459459  57.758852
025227  202.219706  57.974689
025228  202.627407  57.974689
025229  203.035108  57.974689
025230  203.442809  57.974689
025231  203.850510  57.974689
025232  204.258211  57.974689
025233  204.665912  57.974689
025234  205.073613  57.974689
025235  205.481314  57.974689
025236  206.296716  57.974689
025237  206.704417  57.974689
025238  207.112118  57.974689
025239  207.519819  57.974689
025240  207.927520  57.974689
025241  223.420159  57.974689
025242  223.827860  57.974689
025243  224.235561  57.974689
025244  224.643262  57.974689
025245  225.050963  57.974689
025246  225.458664  57.974689
025247  225.866365  57.974689
025248  226.274066  57.974689
025249  226.681767  57.974689
025250  227.089468  57.974689
025251  227.497169  57.974689
025252  227.904870  57.974689
025253  228.312571  57.974689
025254  228.720272  57.974689
025255  200.911162  58.190526
025256  201.321185  58.190526
025257  202.551253  58.190526
025258  202.961276  58.190526
025259  203.371298  58.190526
025260  203.781321  58.190526
025261  204.191344  58.190526
025262  204.601367  58.190526
025263  205.011390  58.190526
025264  205.421412  58.190526
025265  205.831435  58.190526
025266  206.651481  58.190526
025267  207.061503  58.190526
025268  207.471526  58.190526
025269  207.881549  58.190526
025270  208.291572  58.190526
025271  222.642369  58.190526
025272  223.052392  58.190526
025273  223.462415  58.190526
025274  223.872437  58.190526
025275  224.282460  58.190526
025276  224.692483  58.190526
025277  225.102506  58.190526
025278  225.512528  58.190526
025279  225.922551  58.190526
025280  226.332574  58.190526
025281  226.742597  58.190526
025282  227.152620  58.190526
025283  227.562642  58.190526
025284  227.972665  58.190526
025285  228.382688  58.190526
025286  200.642202  58.406364
025287  201.055046  58.406364
025288  201.467890  58.406364
025289  201.880734  58.406364
025290  202.293578  58.406364
025291  202.706422  58.406364
025292  203.119266  58.406364
025293  203.532110  58.406364
025294  203.944954  58.406364
025295  204.357798  58.406364
025296  204.770642  58.406364
025297  205.183486  58.406364
025298  205.596330  58.406364
025299  206.009174  58.406364
025300  206.834862  58.406364
025301  207.247706  58.406364
025302  207.660550  58.406364
025303  208.073394  58.406364
025304  222.522936  58.406364
025305  222.935780  58.406364
025306  223.348624  58.406364
025307  223.761468  58.406364
025308  224.174312  58.406364
025309  224.587156  58.406364
025310  225.000000  58.406364
025311  225.412844  58.406364
025312  225.825688  58.406364
025313  226.238532  58.406364
025314  226.651376  58.406364
025315  227.064220  58.406364
025316  227.477064  58.406364
025317  227.889908  58.406364
025318  228.302752  58.406364
025319  198.062284  58.622201
025320  198.477509  58.622201
025321  198.892734  58.622201
025322  199.723183  58.622201
025323  200.138408  58.622201
025324  200.553633  58.622201
025325  200.968858  58.622201
025326  201.384083  58.622201
025327  201.799308  58.622201
025328  202.214533  58.622201
025329  202.629758  58.622201
025330  203.044983  58.622201
025331  203.460208  58.622201
025332  203.875433  58.622201
025333  204.290657  58.622201
025334  204.705882  58.622201
025335  205.121107  58.622201
025336  205.536332  58.622201
025337  205.951557  58.622201
025338  206.366782  58.622201
025339  207.197232  58.622201
025340  207.612457  58.622201
025341  208.027682  58.622201
025342  222.145329  58.622201
025343  222.560554  58.622201
025344  222.975779  58.622201
025345  223.391003  58.622201
025346  223.806228  58.622201
025347  224.221453  58.622201
025348  224.636678  58.622201
025349  225.051903  58.622201
025350  225.467128  58.622201
025351  225.882353  58.622201
025352  226.297578  58.622201
025353  226.712803  58.622201
025354  227.128028  58.622201
025355  227.543253  58.622201
025356  197.958237  58.838038
025357  198.375870  58.838038
025358  198.793503  58.838038
025359  199.211137  58.838038
025360  199.628770  58.838038
025361  200.046404  58.838038
025362  200.464037  58.838038
025363  200.881671  58.838038
025364  201.299304  58.838038
025365  201.716937  58.838038
025366  202.134571  58.838038
025367  202.552204  58.838038
025368  202.969838  58.838038
025369  203.387471  58.838038
025370  203.805104  58.838038
025371  204.222738  58.838038
025372  204.640371  58.838038
025373  205.058005  58.838038
025374  205.475638  58.838038
025375  205.893271  58.838038
025376  206.310905  58.838038
025377  206.728538  58.838038
025378  207.563805  58.838038
025379  207.981439  58.838038
025380  221.763341  58.838038
025381  222.180974  58.838038
025382  222.598608  58.838038
025383  223.016241  58.838038
025384  223.433875  58.838038
025385  223.851508  58.838038
025386  224.269142  58.838038
025387  224.686775  58.838038
025388  225.104408  58.838038
025389  225.522042  58.838038
025390  225.939675  58.838038
025391  226.357309  58.838038
025392  226.774942  58.838038
025393  227.192575  58.838038
025394  198.084112  59.053875
025395  198.504673  59.053875
025396  198.925234  59.053875
025397  199.345794  59.053875
025398  199.766355  59.053875
025399  200.186916  59.053875
025400  200.607477  59.053875
025401  201.028037  59.053875
025402  201.448598  59.053875
025403  201.869159  59.053875
025404  202.289720  59.053875
025405  202.710280  59.053875
025406  203.130841  59.053875
025407  203.551402  59.053875
025408  203.971963  59.053875
025409  204.392523  59.053875
025410  204.813084  59.053875
025411  205.233645  59.053875
025412  205.654206  59.053875
025413  206.074766  59.053875
025414  206.495327  59.053875
025415  207.757009  59.053875
025416  208.177570  59.053875
025417  208.598131  59.053875
025418  209.018692  59.053875
025419  221.214953  59.053875
025420  221.635514  59.053875
025421  222.056075  59.053875
025422  222.476636  59.053875
025423  222.897196  59.053875
025424  223.317757  59.053875
025425  223.738318  59.053875
025426  224.158879  59.053875
025427  224.579439  59.053875
025428  225.000000  59.053875
025429  225.420561  59.053875
025430  225.841121  59.053875
025431  226.261682  59.053875
025432  226.682243  59.053875
025433  227.102804  59.053875
025434  197.978848  59.269712
025435  198.401880  59.269712
025436  198.824912  59.269712
025437  199.247944  59.269712
025438  199.670975  59.269712
025439  200.094007  59.269712
025440  200.517039  59.269712
025441  200.940071  59.269712
025442  201.363102  59.269712
025443  201.786134  59.269712
025444  202.209166  59.269712
025445  202.632197  59.269712
025446  203.055229  59.269712
025447  203.478261  59.269712
025448  203.901293  59.269712
025449  204.324324  59.269712
025450  204.747356  59.269712
025451  205.170388  59.269712
025452  205.593420  59.269712
025453  206.016451  59.269712
025454  206.439483  59.269712
025455  207.708578  59.269712
025456  208.131610  59.269712
025457  208.554642  59.269712
025458  208.977673  59.269712
025459  209.400705  59.269712
025460  220.399530  59.269712
025461  220.822562  59.269712
025462  221.245593  59.269712
025463  221.668625  59.269712
025464  222.091657  59.269712
025465  222.514689  59.269712
025466  222.937720  59.269712
025467  223.360752  59.269712
025468  223.783784  59.269712
025469  224.206816  59.269712
025470  224.629847  59.269712
025471  225.052879  59.269712
025472  225.475911  59.269712
025473  225.898942  59.269712
025474  226.321974  59.269712
025475  226.745006  59.269712
025476  198.106509  59.485550
025477  198.532544  59.485550
025478  198.958580  59.485550
025479  199.384615  59.485550
025480  199.810651  59.485550
025481  200.236686  59.485550
025482  200.662722  59.485550
025483  201.088757  59.485550
025484  201.514793  59.485550
025485  201.940828  59.485550
025486  202.366864  59.485550
025487  202.792899  59.485550
025488  203.218935  59.485550
025489  203.644970  59.485550
025490  204.071006  59.485550
025491  204.497041  59.485550
025492  204.923077  59.485550
025493  205.349112  59.485550
025494  205.775148  59.485550
025495  206.201183  59.485550
025496  206.627219  59.485550
025497  207.905325  59.485550
025498  208.331361  59.485550
025499  208.757396  59.485550
025500  209.183432  59.485550
025501  209.609467  59.485550
025502  210.035503  59.485550
025503  210.461538  59.485550
025504  220.260355  59.485550
025505  220.686391  59.485550
025506  221.112426  59.485550
025507  221.538462  59.485550
025508  221.964497  59.485550
025509  222.390533  59.485550
025510  222.816568  59.485550
025511  223.242604  59.485550
025512  223.668639  59.485550
025513  224.094675  59.485550
025514  224.520710  59.485550
025515  224.946746  59.485550
025516  225.372781  59.485550
025517  225.798817  59.485550
025518  226.224852  59.485550
025519  226.650888  59.485550
025520  193.285714  59.701387
025521  193.714286  59.701387
025522  194.142857  59.701387
025523  195.857143  59.701387
025524  196.285714  59.701387
025525  196.714286  59.701387
025526  197.142857  59.701387
025527  198.000000  59.701387
025528  198.428571  59.701387
025529  198.857143  59.701387
025530  199.285714  59.701387
025531  199.714286  59.701387
025532  200.142857  59.701387
025533  200.571429  59.701387
025534  201.000000  59.701387
025535  201.428571  59.701387
025536  201.857143  59.701387
025537  202.285714  59.701387
025538  202.714286  59.701387
025539  203.142857  59.701387
025540  203.571429  59.701387
025541  204.000000  59.701387
025542  204.428571  59.701387
025543  204.857143  59.701387
025544  205.285714  59.701387
025545  205.714286  59.701387
025546  206.142857  59.701387
025547  206.571429  59.701387
025548  207.000000  59.701387
025549  207.857143  59.701387
025550  208.285714  59.701387
025551  208.714286  59.701387
025552  209.142857  59.701387
025553  209.571429  59.701387
025554  210.000000  59.701387
025555  210.428571  59.701387
025556  210.857143  59.701387
025557  215.142857  59.701387
025558  215.571429  59.701387
025559  216.000000  59.701387
025560  219.000000  59.701387
025561  219.428571  59.701387
025562  219.857143  59.701387
025563  220.285714  59.701387
025564  220.714286  59.701387
025565  221.142857  59.701387
025566  221.571429  59.701387
025567  222.000000  59.701387
025568  222.428571  59.701387
025569  222.857143  59.701387
025570  223.285714  59.701387
025571  223.714286  59.701387
025572  224.142857  59.701387
025573  224.571429  59.701387
025574  225.000000  59.701387
025575  225.428571  59.701387
025576  225.857143  59.701387
025577  192.718563  59.917224
025578  193.149701  59.917224
025579  193.580838  59.917224
025580  194.011976  59.917224
025581  194.443114  59.917224
025582  195.736527  59.917224
025583  196.167665  59.917224
025584  196.598802  59.917224
025585  197.029940  59.917224
025586  197.461078  59.917224
025587  197.892216  59.917224
025588  198.323353  59.917224
025589  198.754491  59.917224
025590  199.185629  59.917224
025591  199.616766  59.917224
025592  200.047904  59.917224
025593  200.479042  59.917224
025594  200.910180  59.917224
025595  201.341317  59.917224
025596  201.772455  59.917224
025597  202.203593  59.917224
025598  202.634731  59.917224
025599  203.065868  59.917224
025600  203.497006  59.917224
025601  203.928144  59.917224
025602  204.359281  59.917224
025603  204.790419  59.917224
025604  205.221557  59.917224
025605  205.652695  59.917224
025606  206.083832  59.917224
025607  206.514970  59.917224
025608  206.946108  59.917224
025609  207.377246  59.917224
025610  208.239521  59.917224
025611  208.670659  59.917224
025612  209.101796  59.917224
025613  209.532934  59.917224
025614  209.964072  59.917224
025615  210.395210  59.917224
025616  210.826347  59.917224
025617  211.257485  59.917224
025618  211.688623  59.917224
025619  212.119760  59.917224
025620  215.137725  59.917224
025621  215.568862  59.917224
025622  216.000000  59.917224
025623  216.431138  59.917224
025624  216.862275  59.917224
025625  217.293413  59.917224
025626  217.724551  59.917224
025627  218.155689  59.917224
025628  218.586826  59.917224
025629  219.017964  59.917224
025630  219.449102  59.917224
025631  219.880240  59.917224
025632  220.311377  59.917224
025633  220.742515  59.917224
025634  221.173653  59.917224
025635  221.604790  59.917224
025636  222.035928  59.917224
025637  222.467066  59.917224
025638  222.898204  59.917224
025639  223.329341  59.917224
025640  223.760479  59.917224
025641  224.191617  59.917224
025642  224.622754  59.917224
025643  225.053892  59.917224
025644  225.485030  59.917224
025645  187.165259  60.133061
025646  187.599517  60.133061
025647  192.376357  60.133061
025648  192.810615  60.133061
025649  193.244873  60.133061
025650  193.679131  60.133061
025651  194.113390  60.133061
025652  194.547648  60.133061
025653  194.981906  60.133061
025654  195.416164  60.133061
025655  195.850422  60.133061
025656  196.284680  60.133061
025657  196.718938  60.133061
025658  197.153197  60.133061
025659  197.587455  60.133061
025660  198.021713  60.133061
025661  198.455971  60.133061
025662  198.890229  60.133061
025663  199.324487  60.133061
025664  199.758745  60.133061
025665  200.193004  60.133061
025666  200.627262  60.133061
025667  201.061520  60.133061
025668  201.495778  60.133061
025669  201.930036  60.133061
025670  202.364294  60.133061
025671  202.798552  60.133061
025672  203.232811  60.133061
025673  203.667069  60.133061
025674  204.101327  60.133061
025675  204.535585  60.133061
025676  204.969843  60.133061
025677  205.404101  60.133061
025678  205.838359  60.133061
025679  206.272618  60.133061
025680  206.706876  60.133061
025681  207.141134  60.133061
025682  207.575392  60.133061
025683  208.009650  60.133061
025684  208.443908  60.133061
025685  208.878166  60.133061
025686  209.312425  60.133061
025687  209.746683  60.133061
025688  210.180941  60.133061
025689  210.615199  60.133061
025690  211.049457  60.133061
025691  211.483715  60.133061
025692  211.917973  60.133061
025693  212.352232  60.133061
025694  213.220748  60.133061
025695  213.655006  60.133061
025696  214.957780  60.133061
025697  215.392039  60.133061
025698  215.826297  60.133061
025699  216.260555  60.133061
025700  216.694813  60.133061
025701  217.129071  60.133061
025702  217.563329  60.133061
025703  217.997587  60.133061
025704  218.431846  60.133061
025705  218.866104  60.133061
025706  219.300362  60.133061
025707  219.734620  60.133061
025708  220.168878  60.133061
025709  220.603136  60.133061
025710  221.037394  60.133061
025711  221.471653  60.133061
025712  221.905911  60.133061
025713  222.340169  60.133061
025714  222.774427  60.133061
025715  223.208685  60.133061
025716  223.642943  60.133061
025717  224.077201  60.133061
025718  224.511460  60.133061
025719  224.945718  60.133061
025720  225.379976  60.133061
025721  186.990291  60.348898
025722  187.427184  60.348898
025723  187.864078  60.348898
025724  192.669903  60.348898
025725  193.106796  60.348898
025726  193.543689  60.348898
025727  193.980583  60.348898
025728  194.417476  60.348898
025729  194.854369  60.348898
025730  195.291262  60.348898
025731  195.728155  60.348898
025732  196.165049  60.348898
025733  196.601942  60.348898
025734  197.038835  60.348898
025735  197.475728  60.348898
025736  197.912621  60.348898
025737  198.349515  60.348898
025738  198.786408  60.348898
025739  199.223301  60.348898
025740  199.660194  60.348898
025741  200.097087  60.348898
025742  200.533981  60.348898
025743  200.970874  60.348898
025744  201.407767  60.348898
025745  201.844660  60.348898
025746  202.281553  60.348898
025747  202.718447  60.348898
025748  203.155340  60.348898
025749  203.592233  60.348898
025750  204.029126  60.348898
025751  204.466019  60.348898
025752  204.902913  60.348898
025753  205.339806  60.348898
025754  205.776699  60.348898
025755  206.213592  60.348898
025756  206.650485  60.348898
025757  207.087379  60.348898
025758  207.524272  60.348898
025759  207.961165  60.348898
025760  208.398058  60.348898
025761  208.834951  60.348898
025762  209.271845  60.348898
025763  209.708738  60.348898
025764  210.145631  60.348898
025765  210.582524  60.348898
025766  211.019417  60.348898
025767  211.456311  60.348898
025768  211.893204  60.348898
025769  212.330097  60.348898
025770  212.766990  60.348898
025771  213.203883  60.348898
025772  213.640777  60.348898
025773  214.077670  60.348898
025774  214.514563  60.348898
025775  214.951456  60.348898
025776  215.388350  60.348898
025777  215.825243  60.348898
025778  216.262136  60.348898
025779  216.699029  60.348898
025780  217.135922  60.348898
025781  217.572816  60.348898
025782  218.009709  60.348898
025783  218.446602  60.348898
025784  218.883495  60.348898
025785  219.320388  60.348898
025786  219.757282  60.348898
025787  220.194175  60.348898
025788  220.631068  60.348898
025789  221.067961  60.348898
025790  221.504854  60.348898
025791  221.941748  60.348898
025792  222.378641  60.348898
025793  222.815534  60.348898
025794  223.252427  60.348898
025795  223.689320  60.348898
025796  224.126214  60.348898
025797  224.563107  60.348898
025798  225.000000  60.348898
025799  186.601467  60.564735
025800  187.041565  60.564735
025801  187.481663  60.564735
025802  193.202934  60.564735
025803  193.643032  60.564735
025804  194.523227  60.564735
025805  194.963325  60.564735
025806  195.403423  60.564735
025807  195.843521  60.564735
025808  196.283619  60.564735
025809  196.723716  60.564735
025810  197.163814  60.564735
025811  197.603912  60.564735
025812  198.044010  60.564735
025813  198.484108  60.564735
025814  198.924205  60.564735
025815  199.364303  60.564735
025816  199.804401  60.564735
025817  200.244499  60.564735
025818  200.684597  60.564735
025819  201.124694  60.564735
025820  201.564792  60.564735
025821  202.004890  60.564735
025822  202.444988  60.564735
025823  202.885086  60.564735
025824  203.325183  60.564735
025825  203.765281  60.564735
025826  204.205379  60.564735
025827  204.645477  60.564735
025828  205.085575  60.564735
025829  205.525672  60.564735
025830  205.965770  60.564735
025831  206.405868  60.564735
025832  206.845966  60.564735
025833  207.286064  60.564735
025834  207.726161  60.564735
025835  208.166259  60.564735
025836  208.606357  60.564735
025837  209.046455  60.564735
025838  209.486553  60.564735
025839  209.926650  60.564735
025840  210.366748  60.564735
025841  210.806846  60.564735
025842  211.246944  60.564735
025843  211.687042  60.564735
025844  212.127139  60.564735
025845  212.567237  60.564735
025846  213.447433  60.564735
025847  213.887531  60.564735
025848  214.327628  60.564735
025849  214.767726  60.564735
025850  215.207824  60.564735
025851  215.647922  60.564735
025852  216.088020  60.564735
025853  216.528117  60.564735
025854  216.968215  60.564735
025855  217.408313  60.564735
025856  217.848411  60.564735
025857  218.288509  60.564735
025858  218.728606  60.564735
025859  219.168704  60.564735
025860  219.608802  60.564735
025861  220.048900  60.564735
025862  220.488998  60.564735
025863  220.929095  60.564735
025864  221.369193  60.564735
025865  221.809291  60.564735
025866  222.249389  60.564735
025867  222.689487  60.564735
025868  223.129584  60.564735
025869  223.569682  60.564735
025870  224.009780  60.564735
025871  224.449878  60.564735
025872  224.889976  60.564735
025873  186.863469  60.780573
025874  187.306273  60.780573
025875  194.833948  60.780573
025876  195.276753  60.780573
025877  195.719557  60.780573
025878  196.162362  60.780573
025879  196.605166  60.780573
025880  197.047970  60.780573
025881  197.490775  60.780573
025882  197.933579  60.780573
025883  198.376384  60.780573
025884  198.819188  60.780573
025885  199.261993  60.780573
025886  199.704797  60.780573
025887  200.147601  60.780573
025888  200.590406  60.780573
025889  201.033210  60.780573
025890  201.476015  60.780573
025891  201.918819  60.780573
025892  202.361624  60.780573
025893  202.804428  60.780573
025894  203.247232  60.780573
025895  203.690037  60.780573
025896  204.132841  60.780573
025897  204.575646  60.780573
025898  205.018450  60.780573
025899  205.461255  60.780573
025900  205.904059  60.780573
025901  206.346863  60.780573
025902  206.789668  60.780573
025903  207.232472  60.780573
025904  207.675277  60.780573
025905  208.118081  60.780573
025906  208.560886  60.780573
025907  209.003690  60.780573
025908  209.446494  60.780573
025909  209.889299  60.780573
025910  210.332103  60.780573
025911  210.774908  60.780573
025912  211.217712  60.780573
025913  211.660517  60.780573
025914  212.103321  60.780573
025915  212.546125  60.780573
025916  213.431734  60.780573
025917  213.874539  60.780573
025918  214.317343  60.780573
025919  214.760148  60.780573
025920  215.202952  60.780573
025921  215.645756  60.780573
025922  216.088561  60.780573
025923  216.531365  60.780573
025924  216.974170  60.780573
025925  217.416974  60.780573
025926  217.859779  60.780573
025927  218.302583  60.780573
025928  218.745387  60.780573
025929  219.188192  60.780573
025930  219.630996  60.780573
025931  220.073801  60.780573
025932  220.516605  60.780573
025933  220.959410  60.780573
025934  221.402214  60.780573
025935  221.845018  60.780573
025936  222.287823  60.780573
025937  222.730627  60.780573
025938  223.173432  60.780573
025939  223.616236  60.780573
025940  224.059041  60.780573
025941  194.052045  60.996410
025942  194.498141  60.996410
025943  194.944238  60.996410
025944  195.390335  60.996410
025945  195.836431  60.996410
025946  196.282528  60.996410
025947  196.728625  60.996410
025948  197.174721  60.996410
025949  197.620818  60.996410
025950  198.066914  60.996410
025951  198.513011  60.996410
025952  198.959108  60.996410
025953  199.405204  60.996410
025954  199.851301  60.996410
025955  200.297398  60.996410
025956  200.743494  60.996410
025957  201.189591  60.996410
025958  201.635688  60.996410
025959  202.081784  60.996410
025960  202.527881  60.996410
025961  202.973978  60.996410
025962  203.420074  60.996410
025963  203.866171  60.996410
025964  204.312268  60.996410
025965  204.758364  60.996410
025966  205.204461  60.996410
025967  205.650558  60.996410
025968  206.096654  60.996410
025969  206.542751  60.996410
025970  206.988848  60.996410
025971  207.434944  60.996410
025972  207.881041  60.996410
025973  208.327138  60.996410
025974  208.773234  60.996410
025975  209.219331  60.996410
025976  209.665428  60.996410
025977  210.111524  60.996410
025978  210.557621  60.996410
025979  211.003717  60.996410
025980  211.449814  60.996410
025981  211.895911  60.996410
025982  212.342007  60.996410
025983  212.788104  60.996410
025984  213.234201  60.996410
025985  213.680297  60.996410
025986  214.126394  60.996410
025987  214.572491  60.996410
025988  215.018587  60.996410
025989  215.464684  60.996410
025990  215.910781  60.996410
025991  216.356877  60.996410
025992  216.802974  60.996410
025993  217.249071  60.996410
025994  217.695167  60.996410
025995  218.141264  60.996410
025996  218.587361  60.996410
025997  219.033457  60.996410
025998  219.479554  60.996410
025999  219.925651  60.996410
026000  220.371747  60.996410
026001  220.817844  60.996410
026002  221.263941  60.996410
026003  221.710037  60.996410
026004  222.156134  60.996410
026005  222.602230  60.996410
026006  223.048327  60.996410
026007  223.494424  60.996410
026008  223.940520  60.996410
026009  193.915212  61.212247
026010  194.364090  61.212247
026011  194.812968  61.212247
026012  195.261845  61.212247
026013  195.710723  61.212247
026014  196.159601  61.212247
026015  196.608479  61.212247
026016  197.057357  61.212247
026017  197.506234  61.212247
026018  197.955112  61.212247
026019  198.403990  61.212247
026020  198.852868  61.212247
026021  199.301746  61.212247
026022  199.750623  61.212247
026023  200.199501  61.212247
026024  200.648379  61.212247
026025  201.097257  61.212247
026026  201.546135  61.212247
026027  201.995012  61.212247
026028  202.443890  61.212247
026029  202.892768  61.212247
026030  203.341646  61.212247
026031  203.790524  61.212247
026032  204.239401  61.212247
026033  204.688279  61.212247
026034  205.137157  61.212247
026035  205.586035  61.212247
026036  206.034913  61.212247
026037  206.483791  61.212247
026038  206.932668  61.212247
026039  207.381546  61.212247
026040  207.830424  61.212247
026041  208.279302  61.212247
026042  208.728180  61.212247
026043  209.177057  61.212247
026044  209.625935  61.212247
026045  210.074813  61.212247
026046  210.523691  61.212247
026047  210.972569  61.212247
026048  211.421446  61.212247
026049  211.870324  61.212247
026050  212.319202  61.212247
026051  212.768080  61.212247
026052  213.216958  61.212247
026053  213.665835  61.212247
026054  214.114713  61.212247
026055  214.563591  61.212247
026056  215.012469  61.212247
026057  215.461347  61.212247
026058  215.910224  61.212247
026059  216.359102  61.212247
026060  216.807980  61.212247
026061  217.256858  61.212247
026062  217.705736  61.212247
026063  218.154613  61.212247
026064  218.603491  61.212247
026065  219.052369  61.212247
026066  219.501247  61.212247
026067  219.950125  61.212247
026068  220.399002  61.212247
026069  220.847880  61.212247
026070  221.296758  61.212247
026071  221.745636  61.212247
026072  222.194514  61.212247
026073  222.643392  61.212247
026074  223.092269  61.212247
026075  223.541147  61.212247
026076  194.020101  61.428084
026077  194.472362  61.428084
026078  194.924623  61.428084
026079  195.376884  61.428084
026080  195.829146  61.428084
026081  196.281407  61.428084
026082  196.733668  61.428084
026083  197.185930  61.428084
026084  197.638191  61.428084
026085  198.090452  61.428084
026086  198.542714  61.428084
026087  198.994975  61.428084
026088  199.447236  61.428084
026089  199.899497  61.428084
026090  200.351759  61.428084
026091  200.804020  61.428084
026092  201.256281  61.428084
026093  201.708543  61.428084
026094  202.160804  61.428084
026095  202.613065  61.428084
026096  203.065327  61.428084
026097  203.517588  61.428084
026098  203.969849  61.428084
026099  204.422111  61.428084
026100  204.874372  61.428084
026101  205.326633  61.428084
026102  205.778894  61.428084
026103  206.231156  61.428084
026104  206.683417  61.428084
026105  207.135678  61.428084
026106  207.587940  61.428084
026107  208.040201  61.428084
026108  208.492462  61.428084
026109  208.944724  61.428084
026110  209.396985  61.428084
026111  209.849246  61.428084
026112  210.301508  61.428084
026113  210.753769  61.428084
026114  211.206030  61.428084
026115  211.658291  61.428084
026116  212.110553  61.428084
026117  212.562814  61.428084
026118  213.015075  61.428084
026119  213.467337  61.428084
026120  213.919598  61.428084
026121  214.371859  61.428084
026122  214.824121  61.428084
026123  215.276382  61.428084
026124  215.728643  61.428084
026125  216.180905  61.428084
026126  216.633166  61.428084
026127  217.085427  61.428084
026128  217.537688  61.428084
026129  217.989950  61.428084
026130  218.442211  61.428084
026131  218.894472  61.428084
026132  219.346734  61.428084
026133  219.798995  61.428084
026134  220.251256  61.428084
026135  220.703518  61.428084
026136  221.155779  61.428084
026137  221.608040  61.428084
026138  222.060302  61.428084
026139  222.512563  61.428084
026140  222.964824  61.428084
026141  223.417085  61.428084
026142  193.881163  61.643921
026143  194.336283  61.643921
026144  194.791403  61.643921
026145  195.246523  61.643921
026146  195.701643  61.643921
026147  196.156764  61.643921
026148  196.611884  61.643921
026149  197.067004  61.643921
026150  197.522124  61.643921
026151  197.977244  61.643921
026152  198.432364  61.643921
026153  198.887484  61.643921
026154  199.342604  61.643921
026155  199.797724  61.643921
026156  200.252845  61.643921
026157  200.707965  61.643921
026158  201.163085  61.643921
026159  201.618205  61.643921
026160  202.073325  61.643921
026161  202.528445  61.643921
026162  202.983565  61.643921
026163  203.438685  61.643921
026164  203.893805  61.643921
026165  204.348925  61.643921
026166  204.804046  61.643921
026167  205.259166  61.643921
026168  205.714286  61.643921
026169  206.169406  61.643921
026170  206.624526  61.643921
026171  207.079646  61.643921
026172  207.534766  61.643921
026173  207.989886  61.643921
026174  208.445006  61.643921
026175  208.900126  61.643921
026176  209.355247  61.643921
026177  209.810367  61.643921
026178  210.265487  61.643921
026179  210.720607  61.643921
026180  211.175727  61.643921
026181  211.630847  61.643921
026182  212.085967  61.643921
026183  212.541087  61.643921
026184  212.996207  61.643921
026185  213.451327  61.643921
026186  213.906448  61.643921
026187  214.361568  61.643921
026188  214.816688  61.643921
026189  215.271808  61.643921
026190  215.726928  61.643921
026191  216.182048  61.643921
026192  216.637168  61.643921
026193  217.092288  61.643921
026194  217.547408  61.643921
026195  218.002528  61.643921
026196  218.457649  61.643921
026197  218.912769  61.643921
026198  219.367889  61.643921
026199  219.823009  61.643921
026200  220.278129  61.643921
026201  220.733249  61.643921
026202  221.188369  61.643921
026203  221.643489  61.643921
026204  222.098609  61.643921
026205  222.553729  61.643921
026206  223.008850  61.643921
026207  193.987261  61.859759
026208  194.445860  61.859759
026209  194.904459  61.859759
026210  195.363057  61.859759
026211  195.821656  61.859759
026212  196.280255  61.859759
026213  196.738854  61.859759
026214  197.197452  61.859759
026215  197.656051  61.859759
026216  198.114650  61.859759
026217  198.573248  61.859759
026218  199.031847  61.859759
026219  199.490446  61.859759
026220  199.949045  61.859759
026221  200.407643  61.859759
026222  200.866242  61.859759
026223  201.324841  61.859759
026224  201.783439  61.859759
026225  202.242038  61.859759
026226  202.700637  61.859759
026227  203.159236  61.859759
026228  203.617834  61.859759
026229  204.076433  61.859759
026230  204.535032  61.859759
026231  204.993631  61.859759
026232  205.452229  61.859759
026233  205.910828  61.859759
026234  206.369427  61.859759
026235  206.828025  61.859759
026236  207.286624  61.859759
026237  207.745223  61.859759
026238  208.203822  61.859759
026239  208.662420  61.859759
026240  209.121019  61.859759
026241  209.579618  61.859759
026242  210.038217  61.859759
026243  210.496815  61.859759
026244  210.955414  61.859759
026245  211.414013  61.859759
026246  211.872611  61.859759
026247  212.331210  61.859759
026248  212.789809  61.859759
026249  213.248408  61.859759
026250  213.707006  61.859759
026251  214.165605  61.859759
026252  214.624204  61.859759
026253  215.082803  61.859759
026254  215.541401  61.859759
026255  216.000000  61.859759
026256  216.458599  61.859759
026257  216.917197  61.859759
026258  217.375796  61.859759
026259  217.834395  61.859759
026260  218.292994  61.859759
026261  218.751592  61.859759
026262  219.210191  61.859759
026263  219.668790  61.859759
026264  220.127389  61.859759
026265  220.585987  61.859759
026266  221.044586  61.859759
026267  221.503185  61.859759
026268  221.961783  61.859759
026269  222.420382  61.859759
026270  222.878981  61.859759
026271  193.846154  62.075596
026272  194.307692  62.075596
026273  194.769231  62.075596
026274  195.230769  62.075596
026275  195.692308  62.075596
026276  196.153846  62.075596
026277  196.615385  62.075596
026278  197.076923  62.075596
026279  197.538462  62.075596
026280  198.000000  62.075596
026281  198.461538  62.075596
026282  198.923077  62.075596
026283  199.384615  62.075596
026284  199.846154  62.075596
026285  200.307692  62.075596
026286  200.769231  62.075596
026287  201.230769  62.075596
026288  201.692308  62.075596
026289  202.153846  62.075596
026290  202.615385  62.075596
026291  203.076923  62.075596
026292  203.538462  62.075596
026293  204.000000  62.075596
026294  204.461538  62.075596
026295  204.923077  62.075596
026296  205.384615  62.075596
026297  205.846154  62.075596
026298  206.307692  62.075596
026299  206.769231  62.075596
026300  207.230769  62.075596
026301  207.692308  62.075596
026302  208.153846  62.075596
026303  208.615385  62.075596
026304  209.076923  62.075596
026305  209.538462  62.075596
026306  210.000000  62.075596
026307  210.461538  62.075596
026308  210.923077  62.075596
026309  211.384615  62.075596
026310  211.846154  62.075596
026311  212.307692  62.075596
026312  212.769231  62.075596
026313  213.230769  62.075596
026314  213.692308  62.075596
026315  214.153846  62.075596
026316  214.615385  62.075596
026317  215.076923  62.075596
026318  215.538462  62.075596
026319  216.000000  62.075596
026320  216.461538  62.075596
026321  216.923077  62.075596
026322  217.384615  62.075596
026323  217.846154  62.075596
026324  218.307692  62.075596
026325  218.769231  62.075596
026326  219.230769  62.075596
026327  219.692308  62.075596
026328  220.153846  62.075596
026329  220.615385  62.075596
026330  221.076923  62.075596
026331  221.538462  62.075596
026332  222.000000  62.075596
026333  222.461538  62.075596
026334  178.139535  62.291433
026335  178.604651  62.291433
026336  179.069767  62.291433
026337  193.953488  62.291433
026338  194.418605  62.291433
026339  194.883721  62.291433
026340  195.348837  62.291433
026341  195.813953  62.291433
026342  196.279070  62.291433
026343  196.744186  62.291433
026344  197.209302  62.291433
026345  197.674419  62.291433
026346  198.139535  62.291433
026347  198.604651  62.291433
026348  199.069767  62.291433
026349  199.534884  62.291433
026350  200.000000  62.291433
026351  200.465116  62.291433
026352  200.930233  62.291433
026353  201.395349  62.291433
026354  201.860465  62.291433
026355  202.325581  62.291433
026356  202.790698  62.291433
026357  203.255814  62.291433
026358  203.720930  62.291433
026359  204.186047  62.291433
026360  204.651163  62.291433
026361  205.116279  62.291433
026362  205.581395  62.291433
026363  206.046512  62.291433
026364  206.511628  62.291433
026365  206.976744  62.291433
026366  207.441860  62.291433
026367  207.906977  62.291433
026368  208.372093  62.291433
026369  208.837209  62.291433
026370  209.302326  62.291433
026371  209.767442  62.291433
026372  210.232558  62.291433
026373  210.697674  62.291433
026374  211.162791  62.291433
026375  211.627907  62.291433
026376  212.093023  62.291433
026377  212.558140  62.291433
026378  213.023256  62.291433
026379  213.488372  62.291433
026380  213.953488  62.291433
026381  214.418605  62.291433
026382  214.883721  62.291433
026383  215.348837  62.291433
026384  215.813953  62.291433
026385  216.279070  62.291433
026386  216.744186  62.291433
026387  217.209302  62.291433
026388  217.674419  62.291433
026389  218.139535  62.291433
026390  218.604651  62.291433
026391  219.069767  62.291433
026392  219.534884  62.291433
026393  220.000000  62.291433
026394  220.465116  62.291433
026395  220.930233  62.291433
026396  221.395349  62.291433
026397  221.860465  62.291433
026398  222.325581  62.291433
026399  178.125000  62.507270
026400  178.593750  62.507270
026401  179.062500  62.507270
026402  179.531250  62.507270
026403  194.531250  62.507270
026404  195.000000  62.507270
026405  195.468750  62.507270
026406  195.937500  62.507270
026407  196.406250  62.507270
026408  196.875000  62.507270
026409  197.343750  62.507270
026410  197.812500  62.507270
026411  198.281250  62.507270
026412  198.750000  62.507270
026413  199.218750  62.507270
026414  199.687500  62.507270
026415  200.156250  62.507270
026416  200.625000  62.507270
026417  201.093750  62.507270
026418  201.562500  62.507270
026419  202.031250  62.507270
026420  202.500000  62.507270
026421  202.968750  62.507270
026422  203.437500  62.507270
026423  203.906250  62.507270
026424  204.375000  62.507270
026425  204.843750  62.507270
026426  205.312500  62.507270
026427  205.781250  62.507270
026428  206.250000  62.507270
026429  206.718750  62.507270
026430  207.187500  62.507270
026431  207.656250  62.507270
026432  208.125000  62.507270
026433  208.593750  62.507270
026434  209.062500  62.507270
026435  209.531250  62.507270
026436  210.000000  62.507270
026437  210.468750  62.507270
026438  210.937500  62.507270
026439  211.406250  62.507270
026440  211.875000  62.507270
026441  212.343750  62.507270
026442  212.812500  62.507270
026443  213.281250  62.507270
026444  213.750000  62.507270
026445  214.218750  62.507270
026446  214.687500  62.507270
026447  215.156250  62.507270
026448  215.625000  62.507270
026449  216.093750  62.507270
026450  216.562500  62.507270
026451  217.031250  62.507270
026452  217.500000  62.507270
026453  217.968750  62.507270
026454  218.437500  62.507270
026455  218.906250  62.507270
026456  219.375000  62.507270
026457  219.843750  62.507270
026458  220.312500  62.507270
026459  220.781250  62.507270
026460  221.250000  62.507270
026461  221.718750  62.507270
026462  222.187500  62.507270
026463  178.348624  62.723107
026464  178.820446  62.723107
026465  179.292267  62.723107
026466  179.764089  62.723107
026467  194.862385  62.723107
026468  195.334207  62.723107
026469  195.806029  62.723107
026470  196.277851  62.723107
026471  196.749672  62.723107
026472  197.221494  62.723107
026473  197.693316  62.723107
026474  198.165138  62.723107
026475  198.636959  62.723107
026476  199.108781  62.723107
026477  199.580603  62.723107
026478  200.052425  62.723107
026479  200.524246  62.723107
026480  200.996068  62.723107
026481  201.467890  62.723107
026482  201.939712  62.723107
026483  202.411533  62.723107
026484  202.883355  62.723107
026485  203.355177  62.723107
026486  203.826999  62.723107
026487  204.298820  62.723107
026488  204.770642  62.723107
026489  205.242464  62.723107
026490  205.714286  62.723107
026491  206.186107  62.723107
026492  206.657929  62.723107
026493  207.129751  62.723107
026494  207.601573  62.723107
026495  208.073394  62.723107
026496  208.545216  62.723107
026497  209.017038  62.723107
026498  209.488860  62.723107
026499  209.960682  62.723107
026500  210.432503  62.723107
026501  210.904325  62.723107
026502  211.376147  62.723107
026503  211.847969  62.723107
026504  212.319790  62.723107
026505  212.791612  62.723107
026506  213.263434  62.723107
026507  213.735256  62.723107
026508  214.207077  62.723107
026509  214.678899  62.723107
026510  215.150721  62.723107
026511  215.622543  62.723107
026512  216.094364  62.723107
026513  216.566186  62.723107
026514  217.038008  62.723107
026515  217.509830  62.723107
026516  217.981651  62.723107
026517  218.453473  62.723107
026518  218.925295  62.723107
026519  219.397117  62.723107
026520  219.868938  62.723107
026521  220.340760  62.723107
026522  220.812582  62.723107
026523  221.284404  62.723107
026524  221.756225  62.723107
026525  222.228047  62.723107
026526  178.811096  62.938945
026527  179.286658  62.938945
026528  179.762219  62.938945
026529  189.749009  62.938945
026530  190.224571  62.938945
026531  190.700132  62.938945
026532  194.980185  62.938945
026533  195.455746  62.938945
026534  195.931308  62.938945
026535  196.406869  62.938945
026536  196.882431  62.938945
026537  197.357992  62.938945
026538  197.833554  62.938945
026539  198.309115  62.938945
026540  198.784676  62.938945
026541  199.260238  62.938945
026542  199.735799  62.938945
026543  200.211361  62.938945
026544  200.686922  62.938945
026545  201.162483  62.938945
026546  201.638045  62.938945
026547  202.113606  62.938945
026548  202.589168  62.938945
026549  203.064729  62.938945
026550  203.540291  62.938945
026551  204.015852  62.938945
026552  204.491413  62.938945
026553  204.966975  62.938945
026554  205.442536  62.938945
026555  205.918098  62.938945
026556  206.393659  62.938945
026557  206.869221  62.938945
026558  207.344782  62.938945
026559  207.820343  62.938945
026560  208.295905  62.938945
026561  208.771466  62.938945
026562  209.247028  62.938945
026563  209.722589  62.938945
026564  210.198151  62.938945
026565  210.673712  62.938945
026566  211.149273  62.938945
026567  211.624835  62.938945
026568  212.100396  62.938945
026569  212.575958  62.938945
026570  213.051519  62.938945
026571  213.527081  62.938945
026572  214.002642  62.938945
026573  214.478203  62.938945
026574  214.953765  62.938945
026575  215.429326  62.938945
026576  215.904888  62.938945
026577  216.380449  62.938945
026578  216.856011  62.938945
026579  217.331572  62.938945
026580  217.807133  62.938945
026581  218.282695  62.938945
026582  218.758256  62.938945
026583  219.233818  62.938945
026584  219.709379  62.938945
026585  220.184941  62.938945
026586  220.660502  62.938945
026587  221.136063  62.938945
026588  221.611625  62.938945
026589  222.087186  62.938945
026590  188.617021  63.154782
026591  189.095745  63.154782
026592  189.574468  63.154782
026593  190.053191  63.154782
026594  190.531915  63.154782
026595  191.010638  63.154782
026596  195.319149  63.154782
026597  195.797872  63.154782
026598  196.276596  63.154782
026599  196.755319  63.154782
026600  197.234043  63.154782
026601  197.712766  63.154782
026602  198.191489  63.154782
026603  198.670213  63.154782
026604  199.148936  63.154782
026605  199.627660  63.154782
026606  200.106383  63.154782
026607  200.585106  63.154782
026608  201.063830  63.154782
026609  201.542553  63.154782
026610  202.021277  63.154782
026611  202.500000  63.154782
026612  202.978723  63.154782
026613  203.457447  63.154782
026614  203.936170  63.154782
026615  204.414894  63.154782
026616  204.893617  63.154782
026617  205.372340  63.154782
026618  205.851064  63.154782
026619  206.329787  63.154782
026620  206.808511  63.154782
026621  207.287234  63.154782
026622  207.765957  63.154782
026623  208.244681  63.154782
026624  208.723404  63.154782
026625  209.202128  63.154782
026626  209.680851  63.154782
026627  210.159574  63.154782
026628  210.638298  63.154782
026629  211.117021  63.154782
026630  211.595745  63.154782
026631  212.074468  63.154782
026632  212.553191  63.154782
026633  213.031915  63.154782
026634  213.510638  63.154782
026635  213.989362  63.154782
026636  214.468085  63.154782
026637  214.946809  63.154782
026638  215.425532  63.154782
026639  215.904255  63.154782
026640  216.382979  63.154782
026641  216.861702  63.154782
026642  217.340426  63.154782
026643  217.819149  63.154782
026644  218.297872  63.154782
026645  218.776596  63.154782
026646  219.255319  63.154782
026647  219.734043  63.154782
026648  220.212766  63.154782
026649  220.691489  63.154782
026650  221.170213  63.154782
026651  221.648936  63.154782
026652  222.127660  63.154782
026653  188.203753  63.370619
026654  188.686327  63.370619
026655  189.168901  63.370619
026656  189.651475  63.370619
026657  190.134048  63.370619
026658  190.616622  63.370619
026659  195.442359  63.370619
026660  195.924933  63.370619
026661  196.407507  63.370619
026662  196.890080  63.370619
026663  197.372654  63.370619
026664  197.855228  63.370619
026665  198.337802  63.370619
026666  198.820375  63.370619
026667  199.302949  63.370619
026668  199.785523  63.370619
026669  200.268097  63.370619
026670  200.750670  63.370619
026671  201.233244  63.370619
026672  201.715818  63.370619
026673  202.198391  63.370619
026674  202.680965  63.370619
026675  203.163539  63.370619
026676  203.646113  63.370619
026677  204.128686  63.370619
026678  204.611260  63.370619
026679  205.093834  63.370619
026680  205.576408  63.370619
026681  206.058981  63.370619
026682  206.541555  63.370619
026683  207.024129  63.370619
026684  207.506702  63.370619
026685  207.989276  63.370619
026686  208.471850  63.370619
026687  208.954424  63.370619
026688  209.436997  63.370619
026689  209.919571  63.370619
026690  210.402145  63.370619
026691  210.884718  63.370619
026692  211.367292  63.370619
026693  211.849866  63.370619
026694  212.332440  63.370619
026695  212.815013  63.370619
026696  213.297587  63.370619
026697  213.780161  63.370619
026698  214.262735  63.370619
026699  214.745308  63.370619
026700  215.227882  63.370619
026701  215.710456  63.370619
026702  216.193029  63.370619
026703  216.675603  63.370619
026704  217.158177  63.370619
026705  217.640751  63.370619
026706  218.123324  63.370619
026707  218.605898  63.370619
026708  219.088472  63.370619
026709  219.571046  63.370619
026710  220.053619  63.370619
026711  220.536193  63.370619
026712  221.018767  63.370619
026713  221.501340  63.370619
026714  221.983914  63.370619
026715  222.466488  63.370619
026716  187.783784  63.586456
026717  188.270270  63.586456
026718  188.756757  63.586456
026719  189.243243  63.586456
026720  189.729730  63.586456
026721  190.216216  63.586456
026722  197.027027  63.586456
026723  197.513514  63.586456
026724  198.000000  63.586456
026725  198.486486  63.586456
026726  198.972973  63.586456
026727  199.459459  63.586456
026728  199.945946  63.586456
026729  200.432432  63.586456
026730  200.918919  63.586456
026731  201.405405  63.586456
026732  201.891892  63.586456
026733  202.378378  63.586456
026734  202.864865  63.586456
026735  203.351351  63.586456
026736  203.837838  63.586456
026737  204.324324  63.586456
026738  204.810811  63.586456
026739  205.297297  63.586456
026740  205.783784  63.586456
026741  206.270270  63.586456
026742  206.756757  63.586456
026743  207.243243  63.586456
026744  207.729730  63.586456
026745  208.216216  63.586456
026746  208.702703  63.586456
026747  209.189189  63.586456
026748  209.675676  63.586456
026749  210.162162  63.586456
026750  210.648649  63.586456
026751  211.135135  63.586456
026752  211.621622  63.586456
026753  212.108108  63.586456
026754  212.594595  63.586456
026755  213.081081  63.586456
026756  213.567568  63.586456
026757  214.054054  63.586456
026758  214.540541  63.586456
026759  215.027027  63.586456
026760  215.513514  63.586456
026761  216.000000  63.586456
026762  216.486486  63.586456
026763  216.972973  63.586456
026764  217.459459  63.586456
026765  217.945946  63.586456
026766  218.432432  63.586456
026767  218.918919  63.586456
026768  219.405405  63.586456
026769  219.891892  63.586456
026770  220.378378  63.586456
026771  220.864865  63.586456
026772  221.351351  63.586456
026773  221.837838  63.586456
026774  222.324324  63.586456
026775  188.081633  63.802293
026776  188.571429  63.802293
026777  189.061224  63.802293
026778  189.551020  63.802293
026779  190.040816  63.802293
026780  197.387755  63.802293
026781  197.877551  63.802293
026782  198.857143  63.802293
026783  199.346939  63.802293
026784  199.836735  63.802293
026785  200.326531  63.802293
026786  200.816327  63.802293
026787  201.306122  63.802293
026788  201.795918  63.802293
026789  202.285714  63.802293
026790  202.775510  63.802293
026791  203.265306  63.802293
026792  203.755102  63.802293
026793  204.244898  63.802293
026794  204.734694  63.802293
026795  205.224490  63.802293
026796  205.714286  63.802293
026797  206.204082  63.802293
026798  206.693878  63.802293
026799  207.183673  63.802293
026800  207.673469  63.802293
026801  208.163265  63.802293
026802  208.653061  63.802293
026803  209.142857  63.802293
026804  209.632653  63.802293
026805  210.122449  63.802293
026806  210.612245  63.802293
026807  211.102041  63.802293
026808  211.591837  63.802293
026809  212.081633  63.802293
026810  212.571429  63.802293
026811  213.061224  63.802293
026812  213.551020  63.802293
026813  214.040816  63.802293
026814  214.530612  63.802293
026815  215.020408  63.802293
026816  215.510204  63.802293
026817  216.000000  63.802293
026818  216.489796  63.802293
026819  216.979592  63.802293
026820  217.469388  63.802293
026821  217.959184  63.802293
026822  218.448980  63.802293
026823  218.938776  63.802293
026824  219.428571  63.802293
026825  219.918367  63.802293
026826  220.408163  63.802293
026827  220.897959  63.802293
026828  221.387755  63.802293
026829  221.877551  63.802293
026830  222.367347  63.802293
026831  199.012346  64.018130
026832  199.506173  64.018130
026833  200.000000  64.018130
026834  200.493827  64.018130
026835  200.987654  64.018130
026836  201.481481  64.018130
026837  201.975309  64.018130
026838  202.469136  64.018130
026839  202.962963  64.018130
026840  203.456790  64.018130
026841  203.950617  64.018130
026842  204.444444  64.018130
026843  204.938272  64.018130
026844  205.432099  64.018130
026845  205.925926  64.018130
026846  206.419753  64.018130
026847  206.913580  64.018130
026848  207.407407  64.018130
026849  207.901235  64.018130
026850  208.395062  64.018130
026851  208.888889  64.018130
026852  209.382716  64.018130
026853  209.876543  64.018130
026854  210.370370  64.018130
026855  210.864198  64.018130
026856  211.358025  64.018130
026857  211.851852  64.018130
026858  212.345679  64.018130
026859  212.839506  64.018130
026860  213.333333  64.018130
026861  213.827160  64.018130
026862  214.320988  64.018130
026863  214.814815  64.018130
026864  215.308642  64.018130
026865  215.802469  64.018130
026866  216.296296  64.018130
026867  216.790123  64.018130
026868  217.283951  64.018130
026869  217.777778  64.018130
026870  218.271605  64.018130
026871  218.765432  64.018130
026872  219.259259  64.018130
026873  219.753086  64.018130
026874  220.246914  64.018130
026875  220.740741  64.018130
026876  221.234568  64.018130
026877  221.728395  64.018130
026878  222.222222  64.018130
026879  185.966851  64.233968
026880  186.464088  64.233968
026881  186.961326  64.233968
026882  187.458564  64.233968
026883  187.955801  64.233968
026884  194.917127  64.233968
026885  195.414365  64.233968
026886  198.397790  64.233968
026887  198.895028  64.233968
026888  199.392265  64.233968
026889  199.889503  64.233968
026890  200.386740  64.233968
026891  200.883978  64.233968
026892  201.381215  64.233968
026893  201.878453  64.233968
026894  202.375691  64.233968
026895  202.872928  64.233968
026896  203.370166  64.233968
026897  203.867403  64.233968
026898  204.364641  64.233968
026899  204.861878  64.233968
026900  205.359116  64.233968
026901  205.856354  64.233968
026902  206.353591  64.233968
026903  206.850829  64.233968
026904  207.348066  64.233968
026905  207.845304  64.233968
026906  208.342541  64.233968
026907  208.839779  64.233968
026908  209.337017  64.233968
026909  209.834254  64.233968
026910  210.331492  64.233968
026911  210.828729  64.233968
026912  211.325967  64.233968
026913  211.823204  64.233968
026914  212.320442  64.233968
026915  212.817680  64.233968
026916  213.314917  64.233968
026917  213.812155  64.233968
026918  214.309392  64.233968
026919  214.806630  64.233968
026920  215.303867  64.233968
026921  215.801105  64.233968
026922  216.298343  64.233968
026923  216.795580  64.233968
026924  217.292818  64.233968
026925  217.790055  64.233968
026926  218.287293  64.233968
026927  218.784530  64.233968
026928  219.281768  64.233968
026929  219.779006  64.233968
026930  220.276243  64.233968
026931  220.773481  64.233968
026932  221.270718  64.233968
026933  221.767956  64.233968
026934  222.265193  64.233968
026935  185.515320  64.449805
026936  186.016713  64.449805
026937  186.518106  64.449805
026938  187.019499  64.449805
026939  187.520891  64.449805
026940  188.022284  64.449805
026941  193.537604  64.449805
026942  194.038997  64.449805
026943  194.540390  64.449805
026944  195.041783  64.449805
026945  195.543175  64.449805
026946  196.044568  64.449805
026947  196.545961  64.449805
026948  197.047354  64.449805
026949  197.548747  64.449805
026950  198.050139  64.449805
026951  198.551532  64.449805
026952  199.052925  64.449805
026953  199.554318  64.449805
026954  200.055710  64.449805
026955  200.557103  64.449805
026956  201.058496  64.449805
026957  201.559889  64.449805
026958  202.061281  64.449805
026959  202.562674  64.449805
026960  203.064067  64.449805
026961  203.565460  64.449805
026962  204.066852  64.449805
026963  204.568245  64.449805
026964  205.069638  64.449805
026965  205.571031  64.449805
026966  206.072423  64.449805
026967  206.573816  64.449805
026968  207.075209  64.449805
026969  207.576602  64.449805
026970  208.077994  64.449805
026971  208.579387  64.449805
026972  209.080780  64.449805
026973  209.582173  64.449805
026974  210.083565  64.449805
026975  210.584958  64.449805
026976  211.086351  64.449805
026977  211.587744  64.449805
026978  212.089136  64.449805
026979  212.590529  64.449805
026980  213.091922  64.449805
026981  213.593315  64.449805
026982  214.094708  64.449805
026983  214.596100  64.449805
026984  215.097493  64.449805
026985  215.598886  64.449805
026986  216.100279  64.449805
026987  216.601671  64.449805
026988  217.103064  64.449805
026989  217.604457  64.449805
026990  218.105850  64.449805
026991  218.607242  64.449805
026992  219.108635  64.449805
026993  219.610028  64.449805
026994  220.111421  64.449805
026995  220.612813  64.449805
026996  221.114206  64.449805
026997  221.615599  64.449805
026998  222.116992  64.449805
026999  184.550562  64.665642
027000  185.056180  64.665642
027001  185.561798  64.665642
027002  186.067416  64.665642
027003  186.573034  64.665642
027004  187.078652  64.665642
027005  187.584270  64.665642
027006  193.146067  64.665642
027007  193.651685  64.665642
027008  194.157303  64.665642
027009  194.662921  64.665642
027010  195.168539  64.665642
027011  195.674157  64.665642
027012  196.179775  64.665642
027013  196.685393  64.665642
027014  197.191011  64.665642
027015  197.696629  64.665642
027016  198.202247  64.665642
027017  198.707865  64.665642
027018  199.213483  64.665642
027019  199.719101  64.665642
027020  200.224719  64.665642
027021  200.730337  64.665642
027022  201.235955  64.665642
027023  201.741573  64.665642
027024  202.247191  64.665642
027025  202.752809  64.665642
027026  203.258427  64.665642
027027  203.764045  64.665642
027028  204.269663  64.665642
027029  204.775281  64.665642
027030  205.280899  64.665642
027031  205.786517  64.665642
027032  206.292135  64.665642
027033  206.797753  64.665642
027034  207.303371  64.665642
027035  207.808989  64.665642
027036  208.314607  64.665642
027037  208.820225  64.665642
027038  209.325843  64.665642
027039  209.831461  64.665642
027040  210.337079  64.665642
027041  210.842697  64.665642
027042  211.348315  64.665642
027043  211.853933  64.665642
027044  212.359551  64.665642
027045  212.865169  64.665642
027046  213.370787  64.665642
027047  213.876404  64.665642
027048  214.382022  64.665642
027049  214.887640  64.665642
027050  215.393258  64.665642
027051  215.898876  64.665642
027052  216.404494  64.665642
027053  216.910112  64.665642
027054  217.415730  64.665642
027055  217.921348  64.665642
027056  218.426966  64.665642
027057  218.932584  64.665642
027058  219.438202  64.665642
027059  219.943820  64.665642
027060  220.449438  64.665642
027061  220.955056  64.665642
027062  221.460674  64.665642
027063  221.966292  64.665642
027064  222.471910  64.665642
027065  184.328147  64.881479
027066  184.837341  64.881479
027067  185.346535  64.881479
027068  185.855728  64.881479
027069  186.364922  64.881479
027070  186.874116  64.881479
027071  187.383310  64.881479
027072  187.892504  64.881479
027073  193.493635  64.881479
027074  194.002829  64.881479
027075  194.512023  64.881479
027076  195.021216  64.881479
027077  195.530410  64.881479
027078  196.039604  64.881479
027079  196.548798  64.881479
027080  197.057992  64.881479
027081  197.567185  64.881479
027082  198.076379  64.881479
027083  198.585573  64.881479
027084  199.094767  64.881479
027085  199.603960  64.881479
027086  200.113154  64.881479
027087  200.622348  64.881479
027088  201.131542  64.881479
027089  201.640736  64.881479
027090  202.149929  64.881479
027091  202.659123  64.881479
027092  203.168317  64.881479
027093  203.677511  64.881479
027094  204.186704  64.881479
027095  204.695898  64.881479
027096  205.205092  64.881479
027097  205.714286  64.881479
027098  206.223479  64.881479
027099  206.732673  64.881479
027100  207.241867  64.881479
027101  207.751061  64.881479
027102  208.260255  64.881479
027103  208.769448  64.881479
027104  209.278642  64.881479
027105  209.787836  64.881479
027106  210.297030  64.881479
027107  210.806223  64.881479
027108  211.315417  64.881479
027109  211.824611  64.881479
027110  212.333805  64.881479
027111  212.842999  64.881479
027112  213.352192  64.881479
027113  213.861386  64.881479
027114  214.370580  64.881479
027115  214.879774  64.881479
027116  215.388967  64.881479
027117  215.898161  64.881479
027118  216.407355  64.881479
027119  216.916549  64.881479
027120  217.425743  64.881479
027121  217.934936  64.881479
027122  218.444130  64.881479
027123  218.953324  64.881479
027124  219.462518  64.881479
027125  219.971711  64.881479
027126  220.480905  64.881479
027127  220.990099  64.881479
027128  221.499293  64.881479
027129  222.008487  64.881479
027130  183.851641  65.097316
027131  184.365193  65.097316
027132  184.878745  65.097316
027133  185.392297  65.097316
027134  185.905849  65.097316
027135  186.419401  65.097316
027136  186.932953  65.097316
027137  187.446505  65.097316
027138  187.960057  65.097316
027139  193.095578  65.097316
027140  193.609130  65.097316
027141  194.122682  65.097316
027142  194.636234  65.097316
027143  195.149786  65.097316
027144  195.663338  65.097316
027145  196.176890  65.097316
027146  196.690442  65.097316
027147  197.203994  65.097316
027148  197.717546  65.097316
027149  198.231098  65.097316
027150  198.744650  65.097316
027151  199.258203  65.097316
027152  199.771755  65.097316
027153  200.285307  65.097316
027154  200.798859  65.097316
027155  201.312411  65.097316
027156  201.825963  65.097316
027157  202.339515  65.097316
027158  202.853067  65.097316
027159  203.366619  65.097316
027160  203.880171  65.097316
027161  204.393723  65.097316
027162  204.907275  65.097316
027163  205.420827  65.097316
027164  205.934379  65.097316
027165  206.447932  65.097316
027166  206.961484  65.097316
027167  207.475036  65.097316
027168  207.988588  65.097316
027169  208.502140  65.097316
027170  209.015692  65.097316
027171  209.529244  65.097316
027172  210.042796  65.097316
027173  210.556348  65.097316
027174  211.069900  65.097316
027175  211.583452  65.097316
027176  212.097004  65.097316
027177  212.610556  65.097316
027178  213.124108  65.097316
027179  213.637660  65.097316
027180  214.151213  65.097316
027181  214.664765  65.097316
027182  215.178317  65.097316
027183  215.691869  65.097316
027184  216.205421  65.097316
027185  216.718973  65.097316
027186  217.232525  65.097316
027187  217.746077  65.097316
027188  218.259629  65.097316
027189  218.773181  65.097316
027190  219.286733  65.097316
027191  219.800285  65.097316
027192  220.313837  65.097316
027193  220.827389  65.097316
027194  221.340942  65.097316
027195  221.854494  65.097316
027196  222.368046  65.097316
027197  183.884892  65.313154
027198  184.402878  65.313154
027199  184.920863  65.313154
027200  185.438849  65.313154
027201  185.956835  65.313154
027202  186.474820  65.313154
027203  186.992806  65.313154
027204  187.510791  65.313154
027205  188.028777  65.313154
027206  188.546763  65.313154
027207  189.064748  65.313154
027208  192.172662  65.313154
027209  192.690647  65.313154
027210  193.208633  65.313154
027211  193.726619  65.313154
027212  194.244604  65.313154
027213  194.762590  65.313154
027214  195.280576  65.313154
027215  195.798561  65.313154
027216  196.316547  65.313154
027217  196.834532  65.313154
027218  197.352518  65.313154
027219  197.870504  65.313154
027220  198.388489  65.313154
027221  198.906475  65.313154
027222  199.424460  65.313154
027223  199.942446  65.313154
027224  200.460432  65.313154
027225  200.978417  65.313154
027226  201.496403  65.313154
027227  202.014388  65.313154
027228  202.532374  65.313154
027229  203.050360  65.313154
027230  203.568345  65.313154
027231  204.086331  65.313154
027232  204.604317  65.313154
027233  205.122302  65.313154
027234  205.640288  65.313154
027235  206.158273  65.313154
027236  206.676259  65.313154
027237  207.194245  65.313154
027238  207.712230  65.313154
027239  208.230216  65.313154
027240  208.748201  65.313154
027241  209.266187  65.313154
027242  209.784173  65.313154
027243  210.302158  65.313154
027244  210.820144  65.313154
027245  211.338129  65.313154
027246  211.856115  65.313154
027247  212.374101  65.313154
027248  212.892086  65.313154
027249  213.410072  65.313154
027250  213.928058  65.313154
027251  214.446043  65.313154
027252  214.964029  65.313154
027253  215.482014  65.313154
027254  216.000000  65.313154
027255  216.517986  65.313154
027256  217.035971  65.313154
027257  217.553957  65.313154
027258  218.071942  65.313154
027259  218.589928  65.313154
027260  219.107914  65.313154
027261  219.625899  65.313154
027262  220.143885  65.313154
027263  220.661871  65.313154
027264  221.179856  65.313154
027265  221.697842  65.313154
027266  222.215827  65.313154
027267  183.396226  65.528991
027268  183.918723  65.528991
027269  184.441219  65.528991
027270  184.963716  65.528991
027271  185.486212  65.528991
027272  186.008708  65.528991
027273  186.531205  65.528991
027274  187.053701  65.528991
027275  187.576197  65.528991
027276  188.098694  65.528991
027277  188.621190  65.528991
027278  189.143687  65.528991
027279  189.666183  65.528991
027280  190.711176  65.528991
027281  191.233672  65.528991
027282  191.756168  65.528991
027283  192.278665  65.528991
027284  192.801161  65.528991
027285  193.323657  65.528991
027286  193.846154  65.528991
027287  194.368650  65.528991
027288  194.891147  65.528991
027289  195.413643  65.528991
027290  195.936139  65.528991
027291  196.458636  65.528991
027292  196.981132  65.528991
027293  197.503628  65.528991
027294  198.026125  65.528991
027295  198.548621  65.528991
027296  199.071118  65.528991
027297  199.593614  65.528991
027298  200.116110  65.528991
027299  200.638607  65.528991
027300  201.161103  65.528991
027301  201.683599  65.528991
027302  202.206096  65.528991
027303  202.728592  65.528991
027304  203.251089  65.528991
027305  203.773585  65.528991
027306  204.296081  65.528991
027307  204.818578  65.528991
027308  205.341074  65.528991
027309  205.863570  65.528991
027310  206.386067  65.528991
027311  206.908563  65.528991
027312  207.431060  65.528991
027313  207.953556  65.528991
027314  208.476052  65.528991
027315  208.998549  65.528991
027316  209.521045  65.528991
027317  210.043541  65.528991
027318  210.566038  65.528991
027319  211.088534  65.528991
027320  211.611030  65.528991
027321  212.133527  65.528991
027322  212.656023  65.528991
027323  213.178520  65.528991
027324  213.701016  65.528991
027325  214.223512  65.528991
027326  214.746009  65.528991
027327  215.268505  65.528991
027328  215.791001  65.528991
027329  216.313498  65.528991
027330  216.835994  65.528991
027331  217.358491  65.528991
027332  217.880987  65.528991
027333  218.403483  65.528991
027334  218.925980  65.528991
027335  219.448476  65.528991
027336  219.970972  65.528991
027337  220.493469  65.528991
027338  221.015965  65.528991
027339  221.538462  65.528991
027340  222.060958  65.528991
027341  183.684211  65.744828
027342  184.210526  65.744828
027343  184.736842  65.744828
027344  185.263158  65.744828
027345  185.789474  65.744828
027346  186.315789  65.744828
027347  186.842105  65.744828
027348  187.368421  65.744828
027349  187.894737  65.744828
027350  188.421053  65.744828
027351  188.947368  65.744828
027352  189.473684  65.744828
027353  190.000000  65.744828
027354  190.526316  65.744828
027355  191.052632  65.744828
027356  191.578947  65.744828
027357  192.105263  65.744828
027358  192.631579  65.744828
027359  193.157895  65.744828
027360  193.684211  65.744828
027361  194.210526  65.744828
027362  194.736842  65.744828
027363  195.263158  65.744828
027364  195.789474  65.744828
027365  196.315789  65.744828
027366  196.842105  65.744828
027367  197.368421  65.744828
027368  197.894737  65.744828
027369  198.421053  65.744828
027370  198.947368  65.744828
027371  199.473684  65.744828
027372  200.000000  65.744828
027373  200.526316  65.744828
027374  201.052632  65.744828
027375  201.578947  65.744828
027376  202.105263  65.744828
027377  202.631579  65.744828
027378  203.157895  65.744828
027379  203.684211  65.744828
027380  204.210526  65.744828
027381  204.736842  65.744828
027382  205.263158  65.744828
027383  205.789474  65.744828
027384  206.315789  65.744828
027385  206.842105  65.744828
027386  207.368421  65.744828
027387  207.894737  65.744828
027388  208.421053  65.744828
027389  208.947368  65.744828
027390  209.473684  65.744828
027391  210.000000  65.744828
027392  210.526316  65.744828
027393  211.052632  65.744828
027394  211.578947  65.744828
027395  212.105263  65.744828
027396  212.631579  65.744828
027397  213.157895  65.744828
027398  213.684211  65.744828
027399  214.210526  65.744828
027400  214.736842  65.744828
027401  215.263158  65.744828
027402  215.789474  65.744828
027403  216.315789  65.744828
027404  216.842105  65.744828
027405  217.368421  65.744828
027406  217.894737  65.744828
027407  218.421053  65.744828
027408  218.947368  65.744828
027409  219.473684  65.744828
027410  220.000000  65.744828
027411  220.526316  65.744828
027412  221.052632  65.744828
027413  221.578947  65.744828
027414  222.105263  65.744828
027415  183.716814  65.960665
027416  184.247788  65.960665
027417  184.778761  65.960665
027418  185.309735  65.960665
027419  185.840708  65.960665
027420  186.371681  65.960665
027421  186.902655  65.960665
027422  187.433628  65.960665
027423  187.964602  65.960665
027424  188.495575  65.960665
027425  189.026549  65.960665
027426  189.557522  65.960665
027427  190.088496  65.960665
027428  190.619469  65.960665
027429  191.150442  65.960665
027430  191.681416  65.960665
027431  192.212389  65.960665
027432  192.743363  65.960665
027433  193.274336  65.960665
027434  193.805310  65.960665
027435  194.336283  65.960665
027436  194.867257  65.960665
027437  195.398230  65.960665
027438  195.929204  65.960665
027439  196.460177  65.960665
027440  196.991150  65.960665
027441  197.522124  65.960665
027442  198.053097  65.960665
027443  198.584071  65.960665
027444  199.115044  65.960665
027445  199.646018  65.960665
027446  200.176991  65.960665
027447  200.707965  65.960665
027448  201.238938  65.960665
027449  201.769912  65.960665
027450  202.300885  65.960665
027451  202.831858  65.960665
027452  203.362832  65.960665
027453  203.893805  65.960665
027454  204.424779  65.960665
027455  204.955752  65.960665
027456  205.486726  65.960665
027457  206.017699  65.960665
027458  206.548673  65.960665
027459  207.079646  65.960665
027460  207.610619  65.960665
027461  208.141593  65.960665
027462  208.672566  65.960665
027463  209.203540  65.960665
027464  209.734513  65.960665
027465  210.265487  65.960665
027466  210.796460  65.960665
027467  211.327434  65.960665
027468  211.858407  65.960665
027469  212.389381  65.960665
027470  212.920354  65.960665
027471  213.451327  65.960665
027472  213.982301  65.960665
027473  214.513274  65.960665
027474  215.044248  65.960665
027475  215.575221  65.960665
027476  216.106195  65.960665
027477  216.637168  65.960665
027478  217.168142  65.960665
027479  217.699115  65.960665
027480  218.230088  65.960665
027481  218.761062  65.960665
027482  219.292035  65.960665
027483  219.823009  65.960665
027484  220.353982  65.960665
027485  220.884956  65.960665
027486  221.415929  65.960665
027487  221.946903  65.960665
027488  222.477876  65.960665
027489  183.750000  66.176502
027490  184.285714  66.176502
027491  184.821429  66.176502
027492  185.357143  66.176502
027493  185.892857  66.176502
027494  186.428571  66.176502
027495  186.964286  66.176502
027496  187.500000  66.176502
027497  188.035714  66.176502
027498  188.571429  66.176502
027499  189.107143  66.176502
027500  189.642857  66.176502
027501  190.178571  66.176502
027502  192.857143  66.176502
027503  193.392857  66.176502
027504  193.928571  66.176502
027505  194.464286  66.176502
027506  195.000000  66.176502
027507  195.535714  66.176502
027508  196.071429  66.176502
027509  196.607143  66.176502
027510  197.142857  66.176502
027511  197.678571  66.176502
027512  198.214286  66.176502
027513  198.750000  66.176502
027514  199.285714  66.176502
027515  199.821429  66.176502
027516  200.357143  66.176502
027517  200.892857  66.176502
027518  201.428571  66.176502
027519  201.964286  66.176502
027520  202.500000  66.176502
027521  203.035714  66.176502
027522  203.571429  66.176502
027523  204.107143  66.176502
027524  204.642857  66.176502
027525  205.178571  66.176502
027526  205.714286  66.176502
027527  206.250000  66.176502
027528  206.785714  66.176502
027529  207.321429  66.176502
027530  207.857143  66.176502
027531  208.392857  66.176502
027532  208.928571  66.176502
027533  209.464286  66.176502
027534  210.000000  66.176502
027535  210.535714  66.176502
027536  211.071429  66.176502
027537  211.607143  66.176502
027538  212.142857  66.176502
027539  212.678571  66.176502
027540  213.214286  66.176502
027541  213.750000  66.176502
027542  214.285714  66.176502
027543  214.821429  66.176502
027544  215.357143  66.176502
027545  215.892857  66.176502
027546  216.428571  66.176502
027547  216.964286  66.176502
027548  217.500000  66.176502
027549  218.035714  66.176502
027550  218.571429  66.176502
027551  219.107143  66.176502
027552  219.642857  66.176502
027553  220.178571  66.176502
027554  220.714286  66.176502
027555  221.250000  66.176502
027556  221.785714  66.176502
027557  222.321429  66.176502
027558  184.324324  66.392339
027559  184.864865  66.392339
027560  185.405405  66.392339
027561  185.945946  66.392339
027562  186.486486  66.392339
027563  187.027027  66.392339
027564  187.567568  66.392339
027565  188.108108  66.392339
027566  188.648649  66.392339
027567  189.189189  66.392339
027568  189.729730  66.392339
027569  194.054054  66.392339
027570  194.594595  66.392339
027571  195.135135  66.392339
027572  195.675676  66.392339
027573  196.216216  66.392339
027574  198.378378  66.392339
027575  198.918919  66.392339
027576  199.459459  66.392339
027577  200.000000  66.392339
027578  200.540541  66.392339
027579  201.081081  66.392339
027580  201.621622  66.392339
027581  202.162162  66.392339
027582  202.702703  66.392339
027583  203.243243  66.392339
027584  203.783784  66.392339
027585  204.324324  66.392339
027586  204.864865  66.392339
027587  205.405405  66.392339
027588  205.945946  66.392339
027589  206.486486  66.392339
027590  207.027027  66.392339
027591  207.567568  66.392339
027592  208.108108  66.392339
027593  208.648649  66.392339
027594  209.189189  66.392339
027595  209.729730  66.392339
027596  210.270270  66.392339
027597  210.810811  66.392339
027598  211.351351  66.392339
027599  211.891892  66.392339
027600  212.432432  66.392339
027601  212.972973  66.392339
027602  213.513514  66.392339
027603  214.054054  66.392339
027604  214.594595  66.392339
027605  215.135135  66.392339
027606  215.675676  66.392339
027607  216.216216  66.392339
027608  216.756757  66.392339
027609  217.297297  66.392339
027610  217.837838  66.392339
027611  218.378378  66.392339
027612  218.918919  66.392339
027613  219.459459  66.392339
027614  220.000000  66.392339
027615  220.540541  66.392339
027616  221.081081  66.392339
027617  221.621622  66.392339
027618  222.162162  66.392339
027619  184.629349  66.608177
027620  185.173979  66.608177
027621  185.718608  66.608177
027622  186.263238  66.608177
027623  186.807867  66.608177
027624  187.352496  66.608177
027625  187.897126  66.608177
027626  188.441755  66.608177
027627  188.986384  66.608177
027628  189.531014  66.608177
027629  194.432678  66.608177
027630  194.977307  66.608177
027631  195.521936  66.608177
027632  196.066566  66.608177
027633  198.245083  66.608177
027634  198.789713  66.608177
027635  199.334342  66.608177
027636  199.878971  66.608177
027637  200.423601  66.608177
027638  200.968230  66.608177
027639  201.512859  66.608177
027640  202.057489  66.608177
027641  202.602118  66.608177
027642  203.146747  66.608177
027643  203.691377  66.608177
027644  204.236006  66.608177
027645  204.780635  66.608177
027646  205.325265  66.608177
027647  205.869894  66.608177
027648  206.414523  66.608177
027649  206.959153  66.608177
027650  207.503782  66.608177
027651  208.048411  66.608177
027652  208.593041  66.608177
027653  209.137670  66.608177
027654  209.682300  66.608177
027655  210.226929  66.608177
027656  210.771558  66.608177
027657  211.316188  66.608177
027658  211.860817  66.608177
027659  212.405446  66.608177
027660  212.950076  66.608177
027661  213.494705  66.608177
027662  214.039334  66.608177
027663  214.583964  66.608177
027664  215.128593  66.608177
027665  215.673222  66.608177
027666  216.217852  66.608177
027667  216.762481  66.608177
027668  217.307110  66.608177
027669  217.851740  66.608177
027670  218.396369  66.608177
027671  218.940998  66.608177
027672  219.485628  66.608177
027673  220.030257  66.608177
027674  220.574887  66.608177
027675  221.119516  66.608177
027676  221.664145  66.608177
027677  222.208775  66.608177
027678  185.770992  66.824014
027679  186.320611  66.824014
027680  186.870229  66.824014
027681  187.419847  66.824014
027682  187.969466  66.824014
027683  188.519084  66.824014
027684  196.763359  66.824014
027685  197.312977  66.824014
027686  197.862595  66.824014
027687  198.412214  66.824014
027688  198.961832  66.824014
027689  199.511450  66.824014
027690  200.061069  66.824014
027691  200.610687  66.824014
027692  201.160305  66.824014
027693  201.709924  66.824014
027694  202.259542  66.824014
027695  202.809160  66.824014
027696  203.358779  66.824014
027697  203.908397  66.824014
027698  204.458015  66.824014
027699  205.007634  66.824014
027700  205.557252  66.824014
027701  206.106870  66.824014
027702  206.656489  66.824014
027703  207.206107  66.824014
027704  207.755725  66.824014
027705  208.305344  66.824014
027706  208.854962  66.824014
027707  209.404580  66.824014
027708  209.954198  66.824014
027709  210.503817  66.824014
027710  211.053435  66.824014
027711  211.603053  66.824014
027712  212.152672  66.824014
027713  212.702290  66.824014
027714  213.251908  66.824014
027715  213.801527  66.824014
027716  214.351145  66.824014
027717  214.900763  66.824014
027718  215.450382  66.824014
027719  216.000000  66.824014
027720  216.549618  66.824014
027721  217.099237  66.824014
027722  217.648855  66.824014
027723  218.198473  66.824014
027724  218.748092  66.824014
027725  219.297710  66.824014
027726  219.847328  66.824014
027727  220.396947  66.824014
027728  220.946565  66.824014
027729  221.496183  66.824014
027730  222.045802  66.824014
027731  185.824345  67.039851
027732  186.379045  67.039851
027733  186.933744  67.039851
027734  187.488444  67.039851
027735  188.043143  67.039851
027736  196.363636  67.039851
027737  196.918336  67.039851
027738  197.473035  67.039851
027739  198.027735  67.039851
027740  198.582435  67.039851
027741  199.137134  67.039851
027742  199.691834  67.039851
027743  200.246533  67.039851
027744  200.801233  67.039851
027745  201.355932  67.039851
027746  201.910632  67.039851
027747  202.465331  67.039851
027748  203.020031  67.039851
027749  203.574730  67.039851
027750  204.129430  67.039851
027751  204.684129  67.039851
027752  205.238829  67.039851
027753  205.793529  67.039851
027754  206.348228  67.039851
027755  206.902928  67.039851
027756  207.457627  67.039851
027757  208.012327  67.039851
027758  208.567026  67.039851
027759  209.121726  67.039851
027760  209.676425  67.039851
027761  210.231125  67.039851
027762  210.785824  67.039851
027763  211.340524  67.039851
027764  211.895223  67.039851
027765  212.449923  67.039851
027766  213.004622  67.039851
027767  213.559322  67.039851
027768  214.114022  67.039851
027769  214.668721  67.039851
027770  215.223421  67.039851
027771  215.778120  67.039851
027772  216.332820  67.039851
027773  216.887519  67.039851
027774  217.442219  67.039851
027775  217.996918  67.039851
027776  218.551618  67.039851
027777  219.106317  67.039851
027778  219.661017  67.039851
027779  220.215716  67.039851
027780  220.770416  67.039851
027781  221.325116  67.039851
027782  221.879815  67.039851
027783  222.434515  67.039851
027784  185.878694  67.255688
027785  186.438569  67.255688
027786  186.998445  67.255688
027787  195.956454  67.255688
027788  196.516330  67.255688
027789  197.076205  67.255688
027790  197.636081  67.255688
027791  198.195956  67.255688
027792  198.755832  67.255688
027793  199.315708  67.255688
027794  199.875583  67.255688
027795  200.435459  67.255688
027796  200.995334  67.255688
027797  201.555210  67.255688
027798  202.115086  67.255688
027799  202.674961  67.255688
027800  203.234837  67.255688
027801  203.794712  67.255688
027802  204.354588  67.255688
027803  204.914463  67.255688
027804  205.474339  67.255688
027805  206.034215  67.255688
027806  206.594090  67.255688
027807  207.153966  67.255688
027808  207.713841  67.255688
027809  208.273717  67.255688
027810  208.833593  67.255688
027811  209.393468  67.255688
027812  209.953344  67.255688
027813  210.513219  67.255688
027814  211.073095  67.255688
027815  211.632970  67.255688
027816  212.192846  67.255688
027817  212.752722  67.255688
027818  213.312597  67.255688
027819  213.872473  67.255688
027820  214.432348  67.255688
027821  214.992224  67.255688
027822  215.552100  67.255688
027823  216.111975  67.255688
027824  216.671851  67.255688
027825  217.231726  67.255688
027826  217.791602  67.255688
027827  218.351477  67.255688
027828  218.911353  67.255688
027829  219.471229  67.255688
027830  220.031104  67.255688
027831  220.590980  67.255688
027832  221.150855  67.255688
027833  221.710731  67.255688
027834  222.270607  67.255688
027835  195.799373  67.471525
027836  196.363636  67.471525
027837  196.927900  67.471525
027838  197.492163  67.471525
027839  198.056426  67.471525
027840  198.620690  67.471525
027841  199.184953  67.471525
027842  199.749216  67.471525
027843  200.313480  67.471525
027844  200.877743  67.471525
027845  201.442006  67.471525
027846  202.006270  67.471525
027847  202.570533  67.471525
027848  203.134796  67.471525
027849  203.699060  67.471525
027850  204.263323  67.471525
027851  204.827586  67.471525
027852  205.391850  67.471525
027853  205.956113  67.471525
027854  206.520376  67.471525
027855  207.084639  67.471525
027856  207.648903  67.471525
027857  208.213166  67.471525
027858  208.777429  67.471525
027859  209.341693  67.471525
027860  209.905956  67.471525
027861  210.470219  67.471525
027862  211.034483  67.471525
027863  211.598746  67.471525
027864  212.163009  67.471525
027865  212.727273  67.471525
027866  213.291536  67.471525
027867  213.855799  67.471525
027868  214.420063  67.471525
027869  214.984326  67.471525
027870  215.548589  67.471525
027871  216.112853  67.471525
027872  216.677116  67.471525
027873  217.241379  67.471525
027874  217.805643  67.471525
027875  218.369906  67.471525
027876  218.934169  67.471525
027877  219.498433  67.471525
027878  220.062696  67.471525
027879  220.626959  67.471525
027880  221.191223  67.471525
027881  221.755486  67.471525
027882  222.319749  67.471525
027883  195.379747  67.687363
027884  195.949367  67.687363
027885  196.518987  67.687363
027886  197.088608  67.687363
027887  197.658228  67.687363
027888  198.227848  67.687363
027889  198.797468  67.687363
027890  199.367089  67.687363
027891  199.936709  67.687363
027892  200.506329  67.687363
027893  201.075949  67.687363
027894  201.645570  67.687363
027895  202.215190  67.687363
027896  202.784810  67.687363
027897  203.354430  67.687363
027898  203.924051  67.687363
027899  204.493671  67.687363
027900  205.063291  67.687363
027901  205.632911  67.687363
027902  206.202532  67.687363
027903  206.772152  67.687363
027904  207.341772  67.687363
027905  207.911392  67.687363
027906  208.481013  67.687363
027907  209.050633  67.687363
027908  209.620253  67.687363
027909  210.189873  67.687363
027910  210.759494  67.687363
027911  211.329114  67.687363
027912  211.898734  67.687363
027913  212.468354  67.687363
027914  213.037975  67.687363
027915  213.607595  67.687363
027916  214.177215  67.687363
027917  214.746835  67.687363
027918  215.316456  67.687363
027919  215.886076  67.687363
027920  216.455696  67.687363
027921  217.025316  67.687363
027922  217.594937  67.687363
027923  218.164557  67.687363
027924  218.734177  67.687363
027925  219.303797  67.687363
027926  219.873418  67.687363
027927  220.443038  67.687363
027928  221.012658  67.687363
027929  221.582278  67.687363
027930  222.151899  67.687363
027931  194.376997  67.903200
027932  194.952077  67.903200
027933  195.527157  67.903200
027934  196.102236  67.903200
027935  196.677316  67.903200
027936  197.252396  67.903200
027937  197.827476  67.903200
027938  198.402556  67.903200
027939  198.977636  67.903200
027940  199.552716  67.903200
027941  200.127796  67.903200
027942  200.702875  67.903200
027943  201.277955  67.903200
027944  201.853035  67.903200
027945  202.428115  67.903200
027946  203.003195  67.903200
027947  203.578275  67.903200
027948  204.153355  67.903200
027949  204.728435  67.903200
027950  205.303514  67.903200
027951  205.878594  67.903200
027952  206.453674  67.903200
027953  207.028754  67.903200
027954  207.603834  67.903200
027955  208.178914  67.903200
027956  208.753994  67.903200
027957  209.329073  67.903200
027958  209.904153  67.903200
027959  210.479233  67.903200
027960  211.054313  67.903200
027961  211.629393  67.903200
027962  212.204473  67.903200
027963  212.779553  67.903200
027964  213.354633  67.903200
027965  213.929712  67.903200
027966  214.504792  67.903200
027967  215.079872  67.903200
027968  215.654952  67.903200
027969  216.230032  67.903200
027970  216.805112  67.903200
027971  217.380192  67.903200
027972  217.955272  67.903200
027973  218.530351  67.903200
027974  219.105431  67.903200
027975  219.680511  67.903200
027976  220.255591  67.903200
027977  220.830671  67.903200
027978  221.405751  67.903200
027979  221.980831  67.903200
027980  222.555911  67.903200
027981  193.354839  68.119037
027982  193.935484  68.119037
027983  194.516129  68.119037
027984  195.096774  68.119037
027985  195.677419  68.119037
027986  196.258065  68.119037
027987  196.838710  68.119037
027988  197.419355  68.119037
027989  198.000000  68.119037
027990  198.580645  68.119037
027991  199.161290  68.119037
027992  199.741935  68.119037
027993  200.322581  68.119037
027994  200.903226  68.119037
027995  201.483871  68.119037
027996  202.064516  68.119037
027997  202.645161  68.119037
027998  203.225806  68.119037
027999  203.806452  68.119037
028000  204.387097  68.119037
028001  204.967742  68.119037
028002  205.548387  68.119037
028003  206.129032  68.119037
028004  206.709677  68.119037
028005  207.290323  68.119037
028006  207.870968  68.119037
028007  208.451613  68.119037
028008  209.032258  68.119037
028009  209.612903  68.119037
028010  210.193548  68.119037
028011  210.774194  68.119037
028012  211.354839  68.119037
028013  211.935484  68.119037
028014  212.516129  68.119037
028015  213.096774  68.119037
028016  213.677419  68.119037
028017  214.258065  68.119037
028018  214.838710  68.119037
028019  215.419355  68.119037
028020  216.000000  68.119037
028021  216.580645  68.119037
028022  217.161290  68.119037
028023  217.741935  68.119037
028024  218.322581  68.119037
028025  218.903226  68.119037
028026  219.483871  68.119037
028027  220.064516  68.119037
028028  220.645161  68.119037
028029  221.225806  68.119037
028030  221.806452  68.119037
028031  222.387097  68.119037
028032  192.899023  68.334874
028033  193.485342  68.334874
028034  194.071661  68.334874
028035  194.657980  68.334874
028036  195.244300  68.334874
028037  195.830619  68.334874
028038  196.416938  68.334874
028039  197.003257  68.334874
028040  197.589577  68.334874
028041  198.175896  68.334874
028042  198.762215  68.334874
028043  199.348534  68.334874
028044  199.934853  68.334874
028045  200.521173  68.334874
028046  201.107492  68.334874
028047  201.693811  68.334874
028048  202.280130  68.334874
028049  202.866450  68.334874
028050  203.452769  68.334874
028051  204.039088  68.334874
028052  204.625407  68.334874
028053  205.211726  68.334874
028054  205.798046  68.334874
028055  206.384365  68.334874
028056  206.970684  68.334874
028057  207.557003  68.334874
028058  208.143322  68.334874
028059  208.729642  68.334874
028060  209.315961  68.334874
028061  209.902280  68.334874
028062  210.488599  68.334874
028063  211.074919  68.334874
028064  211.661238  68.334874
028065  212.247557  68.334874
028066  212.833876  68.334874
028067  213.420195  68.334874
028068  214.006515  68.334874
028069  214.592834  68.334874
028070  215.179153  68.334874
028071  215.765472  68.334874
028072  216.351792  68.334874
028073  216.938111  68.334874
028074  217.524430  68.334874
028075  218.110749  68.334874
028076  218.697068  68.334874
028077  219.283388  68.334874
028078  219.869707  68.334874
028079  220.456026  68.334874
028080  221.042345  68.334874
028081  221.628664  68.334874
028082  222.214984  68.334874
028083  193.026316  68.550711
028084  193.618421  68.550711
028085  194.210526  68.550711
028086  194.802632  68.550711
028087  195.394737  68.550711
028088  195.986842  68.550711
028089  196.578947  68.550711
028090  197.171053  68.550711
028091  197.763158  68.550711
028092  198.355263  68.550711
028093  198.947368  68.550711
028094  199.539474  68.550711
028095  200.131579  68.550711
028096  200.723684  68.550711
028097  201.315789  68.550711
028098  201.907895  68.550711
028099  202.500000  68.550711
028100  203.092105  68.550711
028101  203.684211  68.550711
028102  204.276316  68.550711
028103  204.868421  68.550711
028104  205.460526  68.550711
028105  206.052632  68.550711
028106  206.644737  68.550711
028107  207.236842  68.550711
028108  207.828947  68.550711
028109  208.421053  68.550711
028110  209.013158  68.550711
028111  209.605263  68.550711
028112  210.197368  68.550711
028113  210.789474  68.550711
028114  211.381579  68.550711
028115  211.973684  68.550711
028116  212.565789  68.550711
028117  213.157895  68.550711
028118  213.750000  68.550711
028119  214.342105  68.550711
028120  214.934211  68.550711
028121  215.526316  68.550711
028122  216.118421  68.550711
028123  216.710526  68.550711
028124  217.302632  68.550711
028125  217.894737  68.550711
028126  218.486842  68.550711
028127  219.078947  68.550711
028128  219.671053  68.550711
028129  220.263158  68.550711
028130  220.855263  68.550711
028131  221.447368  68.550711
028132  222.039474  68.550711
028133  193.432836  68.766549
028134  194.029851  68.766549
028135  194.626866  68.766549
028136  195.223881  68.766549
028137  195.820896  68.766549
028138  196.417910  68.766549
028139  197.014925  68.766549
028140  197.611940  68.766549
028141  198.208955  68.766549
028142  198.805970  68.766549
028143  199.402985  68.766549
028144  200.000000  68.766549
028145  200.597015  68.766549
028146  201.194030  68.766549
028147  201.791045  68.766549
028148  202.388060  68.766549
028149  202.985075  68.766549
028150  203.582090  68.766549
028151  204.179104  68.766549
028152  204.776119  68.766549
028153  205.373134  68.766549
028154  205.970149  68.766549
028155  206.567164  68.766549
028156  207.164179  68.766549
028157  207.761194  68.766549
028158  208.358209  68.766549
028159  208.955224  68.766549
028160  209.552239  68.766549
028161  210.149254  68.766549
028162  210.746269  68.766549
028163  211.343284  68.766549
028164  211.940299  68.766549
028165  212.537313  68.766549
028166  213.134328  68.766549
028167  213.731343  68.766549
028168  214.328358  68.766549
028169  214.925373  68.766549
028170  215.522388  68.766549
028171  216.119403  68.766549
028172  216.716418  68.766549
028173  217.313433  68.766549
028174  217.910448  68.766549
028175  218.507463  68.766549
028176  219.104478  68.766549
028177  219.701493  68.766549
028178  220.298507  68.766549
028179  220.895522  68.766549
028180  221.492537  68.766549
028181  222.089552  68.766549
028182  193.567839  68.982386
028183  194.170854  68.982386
028184  194.773869  68.982386
028185  195.376884  68.982386
028186  195.979899  68.982386
028187  196.582915  68.982386
028188  197.185930  68.982386
028189  197.788945  68.982386
028190  198.391960  68.982386
028191  198.994975  68.982386
028192  199.597990  68.982386
028193  200.201005  68.982386
028194  200.804020  68.982386
028195  201.407035  68.982386
028196  202.010050  68.982386
028197  202.613065  68.982386
028198  203.216080  68.982386
028199  203.819095  68.982386
028200  204.422111  68.982386
028201  205.025126  68.982386
028202  205.628141  68.982386
028203  206.231156  68.982386
028204  206.834171  68.982386
028205  207.437186  68.982386
028206  208.040201  68.982386
028207  208.643216  68.982386
028208  209.246231  68.982386
028209  209.849246  68.982386
028210  210.452261  68.982386
028211  211.055276  68.982386
028212  211.658291  68.982386
028213  212.261307  68.982386
028214  212.864322  68.982386
028215  213.467337  68.982386
028216  214.070352  68.982386
028217  214.673367  68.982386
028218  215.276382  68.982386
028219  215.879397  68.982386
028220  216.482412  68.982386
028221  217.085427  68.982386
028222  217.688442  68.982386
028223  218.291457  68.982386
028224  218.894472  68.982386
028225  219.497487  68.982386
028226  220.100503  68.982386
028227  220.703518  68.982386
028228  221.306533  68.982386
028229  221.909548  68.982386
028230  222.512563  68.982386
028231  196.142132  69.198223
028232  196.751269  69.198223
028233  197.360406  69.198223
028234  197.969543  69.198223
028235  198.578680  69.198223
028236  199.187817  69.198223
028237  199.796954  69.198223
028238  200.406091  69.198223
028239  201.015228  69.198223
028240  201.624365  69.198223
028241  202.233503  69.198223
028242  202.842640  69.198223
028243  203.451777  69.198223
028244  204.060914  69.198223
028245  204.670051  69.198223
028246  205.279188  69.198223
028247  205.888325  69.198223
028248  206.497462  69.198223
028249  207.106599  69.198223
028250  207.715736  69.198223
028251  208.324873  69.198223
028252  208.934010  69.198223
028253  209.543147  69.198223
028254  210.152284  69.198223
028255  210.761421  69.198223
028256  211.370558  69.198223
028257  211.979695  69.198223
028258  212.588832  69.198223
028259  213.197970  69.198223
028260  213.807107  69.198223
028261  214.416244  69.198223
028262  215.025381  69.198223
028263  215.634518  69.198223
028264  216.243655  69.198223
028265  216.852792  69.198223
028266  217.461929  69.198223
028267  218.071066  69.198223
028268  218.680203  69.198223
028269  219.289340  69.198223
028270  219.898477  69.198223
028271  220.507614  69.198223
028272  221.116751  69.198223
028273  221.725888  69.198223
028274  222.335025  69.198223
028275  196.307692  69.414060
028276  196.923077  69.414060
028277  197.538462  69.414060
028278  198.153846  69.414060
028279  198.769231  69.414060
028280  199.384615  69.414060
028281  200.000000  69.414060
028282  200.615385  69.414060
028283  201.230769  69.414060
028284  201.846154  69.414060
028285  202.461538  69.414060
028286  203.076923  69.414060
028287  203.692308  69.414060
028288  204.307692  69.414060
028289  204.923077  69.414060
028290  205.538462  69.414060
028291  206.153846  69.414060
028292  206.769231  69.414060
028293  207.384615  69.414060
028294  208.000000  69.414060
028295  208.615385  69.414060
028296  209.230769  69.414060
028297  209.846154  69.414060
028298  210.461538  69.414060
028299  211.076923  69.414060
028300  211.692308  69.414060
028301  212.307692  69.414060
028302  212.923077  69.414060
028303  213.538462  69.414060
028304  214.153846  69.414060
028305  214.769231  69.414060
028306  215.384615  69.414060
028307  216.000000  69.414060
028308  216.615385  69.414060
028309  217.230769  69.414060
028310  217.846154  69.414060
028311  218.461538  69.414060
028312  219.076923  69.414060
028313  219.692308  69.414060
028314  220.307692  69.414060
028315  220.923077  69.414060
028316  221.538462  69.414060
028317  196.476684  69.629897
028318  197.098446  69.629897
028319  197.720207  69.629897
028320  198.341969  69.629897
028321  198.963731  69.629897
028322  199.585492  69.629897
028323  200.207254  69.629897
028324  200.829016  69.629897
028325  201.450777  69.629897
028326  202.072539  69.629897
028327  202.694301  69.629897
028328  203.316062  69.629897
028329  203.937824  69.629897
028330  204.559585  69.629897
028331  205.181347  69.629897
028332  205.803109  69.629897
028333  206.424870  69.629897
028334  207.046632  69.629897
028335  207.668394  69.629897
028336  208.290155  69.629897
028337  208.911917  69.629897
028338  209.533679  69.629897
028339  210.155440  69.629897
028340  210.777202  69.629897
028341  211.398964  69.629897
028342  212.020725  69.629897
028343  212.642487  69.629897
028344  213.264249  69.629897
028345  213.886010  69.629897
028346  214.507772  69.629897
028347  215.129534  69.629897
028348  215.751295  69.629897
028349  216.373057  69.629897
028350  216.994819  69.629897
028351  217.616580  69.629897
028352  218.238342  69.629897
028353  218.860104  69.629897
028354  219.481865  69.629897
028355  220.103627  69.629897
028356  220.725389  69.629897
028357  221.347150  69.629897
028358  196.649215  69.845734
028359  197.277487  69.845734
028360  197.905759  69.845734
028361  198.534031  69.845734
028362  199.162304  69.845734
028363  199.790576  69.845734
028364  200.418848  69.845734
028365  201.047120  69.845734
028366  201.675393  69.845734
028367  202.303665  69.845734
028368  202.931937  69.845734
028369  203.560209  69.845734
028370  204.188482  69.845734
028371  204.816754  69.845734
028372  205.445026  69.845734
028373  206.073298  69.845734
028374  206.701571  69.845734
028375  207.329843  69.845734
028376  207.958115  69.845734
028377  208.586387  69.845734
028378  209.214660  69.845734
028379  209.842932  69.845734
028380  210.471204  69.845734
028381  211.099476  69.845734
028382  211.727749  69.845734
028383  212.356021  69.845734
028384  212.984293  69.845734
028385  213.612565  69.845734
028386  214.240838  69.845734
028387  214.869110  69.845734
028388  215.497382  69.845734
028389  216.125654  69.845734
028390  216.753927  69.845734
028391  217.382199  69.845734
028392  218.010471  69.845734
028393  218.638743  69.845734
028394  219.267016  69.845734
028395  196.825397  70.061572
028396  197.460317  70.061572
028397  198.095238  70.061572
028398  198.730159  70.061572
028399  199.365079  70.061572
028400  200.000000  70.061572
028401  200.634921  70.061572
028402  201.269841  70.061572
028403  201.904762  70.061572
028404  202.539683  70.061572
028405  203.174603  70.061572
028406  203.809524  70.061572
028407  204.444444  70.061572
028408  205.079365  70.061572
028409  205.714286  70.061572
028410  206.349206  70.061572
028411  206.984127  70.061572
028412  207.619048  70.061572
028413  208.253968  70.061572
028414  208.888889  70.061572
028415  209.523810  70.061572
028416  210.158730  70.061572
028417  210.793651  70.061572
028418  211.428571  70.061572
028419  212.063492  70.061572
028420  212.698413  70.061572
028421  213.333333  70.061572
028422  213.968254  70.061572
028423  214.603175  70.061572
028424  215.238095  70.061572
028425  215.873016  70.061572
028426  216.507937  70.061572
028427  217.142857  70.061572
028428  217.777778  70.061572
028429  197.647059  70.277409
028430  198.288770  70.277409
028431  198.930481  70.277409
028432  199.572193  70.277409
028433  200.213904  70.277409
028434  200.855615  70.277409
028435  201.497326  70.277409
028436  202.139037  70.277409
028437  202.780749  70.277409
028438  203.422460  70.277409
028439  204.064171  70.277409
028440  204.705882  70.277409
028441  205.347594  70.277409
028442  205.989305  70.277409
028443  206.631016  70.277409
028444  207.272727  70.277409
028445  207.914439  70.277409
028446  208.556150  70.277409
028447  209.197861  70.277409
028448  209.839572  70.277409
028449  210.481283  70.277409
028450  211.122995  70.277409
028451  211.764706  70.277409
028452  212.406417  70.277409
028453  213.048128  70.277409
028454  213.689840  70.277409
028455  214.331551  70.277409
028456  215.614973  70.277409
028457  216.256684  70.277409
028458  216.898396  70.277409
028459  217.540107  70.277409
028460  198.486486  70.493246
028461  199.135135  70.493246
028462  199.783784  70.493246
028463  200.432432  70.493246
028464  201.081081  70.493246
028465  201.729730  70.493246
028466  202.378378  70.493246
028467  203.027027  70.493246
028468  203.675676  70.493246
028469  204.324324  70.493246
028470  204.972973  70.493246
028471  205.621622  70.493246
028472  206.270270  70.493246
028473  206.918919  70.493246
028474  207.567568  70.493246
028475  208.216216  70.493246
028476  208.864865  70.493246
028477  209.513514  70.493246
028478  210.162162  70.493246
028479  210.810811  70.493246
028480  211.459459  70.493246
028481  212.108108  70.493246
028482  199.636364  70.709083
028483  200.290909  70.709083
028484  200.945455  70.709083
028485  201.600000  70.709083
028486  202.254545  70.709083
028487  202.909091  70.709083
028488  203.563636  70.709083
028489  204.218182  70.709083
028490  204.872727  70.709083
028491  205.527273  70.709083
028492  206.181818  70.709083
028493  206.836364  70.709083
028494  207.490909  70.709083
028495  208.145455  70.709083
028496  208.800000  70.709083
028497  209.454545  70.709083
028498  210.109091  70.709083
028499  210.763636  70.709083
028500  199.852941  70.924920
028501  200.514706  70.924920
028502  201.176471  70.924920
028503  201.838235  70.924920
028504  202.500000  70.924920
028505  203.161765  70.924920
028506  203.823529  70.924920
028507  204.485294  70.924920
028508  205.147059  70.924920
028509  205.808824  70.924920
028510  206.470588  70.924920
028511  207.132353  70.924920
028512  207.794118  70.924920
028513  202.081784  71.140758
028514  202.750929  71.140758
028515  203.420074  71.140758
028516  204.089219  71.140758
028517  204.758364  71.140758
028518  205.427509  71.140758
028519  203.007519  71.356595
028520  203.684211  71.356595
028521  204.360902  71.356595
028522  203.269962  71.572432
028523  203.954373  71.572432
